cell_id,alpha,utilization,oracle_mode,method_id,mean_regret,p95_regret,accuracy,mean_cny
A105_U400,1.05,0.4,actual_maximum_demand,EMP,0.0,0.0,1.0,0.0
A105_U400,1.05,0.4,actual_maximum_demand,EVENT-EMP,0.0,0.0,1.0,0.0
A105_U400,1.05,0.4,actual_maximum_demand,GEV,0.0,0.0,1.0,0.0
A105_U400,1.05,0.4,actual_maximum_demand,KDE,0.0,0.0,1.0,0.0
A105_U400,1.05,0.4,actual_maximum_demand,TAIL,0.0,0.0,1.0,0.0
A105_U420,1.05,0.42,actual_maximum_demand,EMP,0.0,0.0,1.0,0.0
A105_U420,1.05,0.42,actual_maximum_demand,EVENT-EMP,0.0,0.0,1.0,0.0
A105_U420,1.05,0.42,actual_maximum_demand,GEV,0.0,0.0,1.0,0.0
A105_U420,1.05,0.42,actual_maximum_demand,KDE,0.0,0.0,1.0,0.0
A105_U420,1.05,0.42,actual_maximum_demand,TAIL,0.0,0.0,1.0,0.0
A105_U440,1.05,0.44,actual_maximum_demand,EMP,0.0,0.0,1.0,0.0
A105_U440,1.05,0.44,actual_maximum_demand,EVENT-EMP,0.0,0.0,1.0,0.0
A105_U440,1.05,0.44,actual_maximum_demand,GEV,0.0,0.0,1.0,0.0
A105_U440,1.05,0.44,actual_maximum_demand,KDE,0.0,0.0,1.0,0.0
A105_U440,1.05,0.44,actual_maximum_demand,TAIL,0.0,0.0,1.0,0.0
A105_U460,1.05,0.46,actual_maximum_demand,EMP,0.0,0.0,1.0,0.0
A105_U460,1.05,0.46,actual_maximum_demand,EVENT-EMP,0.0,0.0,1.0,0.0
A105_U460,1.05,0.46,actual_maximum_demand,GEV,0.0,0.0,1.0,0.0
A105_U460,1.05,0.46,actual_maximum_demand,KDE,0.0,0.0,1.0,0.0
A105_U460,1.05,0.46,actual_maximum_demand,TAIL,0.0,0.0,1.0,0.0
A105_U480,1.05,0.48,actual_maximum_demand,EMP,0.0,0.0,1.0,0.0
A105_U480,1.05,0.48,actual_maximum_demand,EVENT-EMP,0.0,0.0,1.0,0.0
A105_U480,1.05,0.48,actual_maximum_demand,GEV,0.0,0.0,1.0,0.0
A105_U480,1.05,0.48,actual_maximum_demand,KDE,0.0,0.0,1.0,0.0
A105_U480,1.05,0.48,actual_maximum_demand,TAIL,0.0,0.0,1.0,0.0
A105_U500,1.05,0.5,actual_maximum_demand,EMP,0.0,0.0,1.0,0.0
A105_U500,1.05,0.5,actual_maximum_demand,EVENT-EMP,0.0,0.0,1.0,0.0
A105_U500,1.05,0.5,actual_maximum_demand,GEV,0.0,0.0,1.0,0.0
A105_U500,1.05,0.5,actual_maximum_demand,KDE,0.0,0.0,1.0,0.0
A105_U500,1.05,0.5,actual_maximum_demand,TAIL,0.0,0.0,1.0,0.0
A105_U520,1.05,0.52,actual_maximum_demand,EMP,0.0,0.0,1.0,0.0
A105_U520,1.05,0.52,actual_maximum_demand,EVENT-EMP,0.0,0.0,1.0,0.0
A105_U520,1.05,0.52,actual_maximum_demand,GEV,0.0,0.0,1.0,0.0
A105_U520,1.05,0.52,actual_maximum_demand,KDE,0.0,0.0,1.0,0.0
A105_U520,1.05,0.52,actual_maximum_demand,TAIL,0.0,0.0,1.0,0.0
A105_U540,1.05,0.54,actual_maximum_demand,EMP,0.0001574074074074073,0.0,0.999,840.0004384401925
A105_U540,1.05,0.54,actual_maximum_demand,EVENT-EMP,0.0001574074074074073,0.0,0.999,840.0004384401925
A105_U540,1.05,0.54,actual_maximum_demand,GEV,0.0001574074074074073,0.0,0.999,840.0004384401925
A105_U540,1.05,0.54,actual_maximum_demand,KDE,0.0003148148148148146,0.0,0.998,1680.000876880385
A105_U540,1.05,0.54,actual_maximum_demand,TAIL,0.0,0.0,1.0,0.0
A105_U560,1.05,0.56,actual_maximum_demand,EMP,0.0010446428571428557,0.0,0.991,5574.708792085223
A105_U560,1.05,0.56,actual_maximum_demand,EVENT-EMP,0.0006964285714285704,0.0,0.994,3716.4725280568155
A105_U560,1.05,0.56,actual_maximum_demand,GEV,0.0009285714285714272,0.0,0.992,4955.296704075754
A105_U560,1.05,0.56,actual_maximum_demand,KDE,0.0010446428571428557,0.0,0.991,5574.708792085223
A105_U560,1.05,0.56,actual_maximum_demand,TAIL,0.0004642857142857136,0.0,0.996,2477.648352037877
A105_U580,1.05,0.58,actual_maximum_demand,EMP,0.004344827586206906,0.0775862068965519,0.944,23186.05672676304
A105_U580,1.05,0.58,actual_maximum_demand,EVENT-EMP,0.00287068965517242,0.0,0.963,15319.358908754151
A105_U580,1.05,0.58,actual_maximum_demand,GEV,0.00411206896551725,0.0775862068965519,0.947,21943.94654497216
A105_U580,1.05,0.58,actual_maximum_demand,KDE,0.004422413793103458,0.0775862068965519,0.943,23600.093454026664
A105_U580,1.05,0.58,actual_maximum_demand,TAIL,0.002793103448275868,0.0,0.964,14905.322181490526
A105_U600,1.05,0.6,actual_maximum_demand,EMP,0.006666666666666671,0.0416666666666667,0.84,35576.48915746703
A105_U600,1.05,0.6,actual_maximum_demand,EVENT-EMP,0.005666666666666671,0.0416666666666667,0.864,30240.015783846975
A105_U600,1.05,0.6,actual_maximum_demand,GEV,0.006666666666666671,0.0416666666666667,0.84,35576.48915746703
A105_U600,1.05,0.6,actual_maximum_demand,KDE,0.006666666666666671,0.0416666666666667,0.84,35576.48915746703
A105_U600,1.05,0.6,actual_maximum_demand,TAIL,0.005916666666666672,0.0416666666666667,0.858,31574.134127251986
A105_U620,1.05,0.62,actual_maximum_demand,EMP,0.0031935483870967514,0.0080645161290322,0.604,17042.28593510914
A105_U620,1.05,0.62,actual_maximum_demand,EVENT-EMP,0.0028870967741935274,0.0080645161290322,0.642,15406.91506254816
A105_U620,1.05,0.62,actual_maximum_demand,GEV,0.003185483870967719,0.0080645161290322,0.605,16999.24985951543
A105_U620,1.05,0.62,actual_maximum_demand,KDE,0.0031935483870967514,0.0080645161290322,0.604,17042.28593510914
A105_U620,1.05,0.62,actual_maximum_demand,TAIL,0.0028790322580644957,0.0080645161290322,0.643,15363.87898695445
A105_U640,1.05,0.64,capacity,EMP,0.007631999999999969,0.0239999999999999,0.682,39773.4031127618
A105_U640,1.05,0.64,capacity,EVENT-EMP,0.007823999999999966,0.0239999999999999,0.674,40773.991870315556
A105_U640,1.05,0.64,capacity,GEV,0.007631999999999969,0.0239999999999999,0.682,39773.4031127618
A105_U640,1.05,0.64,capacity,KDE,0.007631999999999969,0.0239999999999999,0.682,39773.4031127618
A105_U640,1.05,0.64,capacity,TAIL,0.007631999999999969,0.0239999999999999,0.682,39773.4031127618
A105_U660,1.05,0.66,capacity,EMP,0.00532,0.056,0.905,26884.506011040416
A105_U660,1.05,0.66,capacity,EVENT-EMP,0.005600000000000001,0.056,0.9,28299.48001162149
A105_U660,1.05,0.66,capacity,GEV,0.00532,0.056,0.905,26884.506011040416
A105_U660,1.05,0.66,capacity,KDE,0.00532,0.056,0.905,26884.506011040416
A105_U660,1.05,0.66,capacity,TAIL,0.0052640000000000004,0.056,0.906,26601.5112109242
A105_U680,1.05,0.68,capacity,EMP,0.0012319999999999987,0.0,0.986,6042.771320128582
A105_U680,1.05,0.68,capacity,EVENT-EMP,0.0014079999999999984,0.0,0.984,6906.024365861237
A105_U680,1.05,0.68,capacity,GEV,0.0012319999999999987,0.0,0.986,6042.771320128582
A105_U680,1.05,0.68,capacity,KDE,0.0012319999999999987,0.0,0.986,6042.771320128582
A105_U680,1.05,0.68,capacity,TAIL,0.0013199999999999985,0.0,0.985,6474.397842994909
A105_U700,1.05,0.7,capacity,EMP,0.0002399999999999998,0.0,0.998,1143.5300086328666
A105_U700,1.05,0.7,capacity,EVENT-EMP,0.0,0.0,1.0,0.0
A105_U700,1.05,0.7,capacity,GEV,0.0002399999999999998,0.0,0.998,1143.5300086328666
A105_U700,1.05,0.7,capacity,KDE,0.0002399999999999998,0.0,0.998,1143.5300086328666
A105_U700,1.05,0.7,capacity,TAIL,0.0001199999999999999,0.0,0.999,571.7650043164333
A105_U720,1.05,0.72,capacity,EMP,0.0,0.0,1.0,0.0
A105_U720,1.05,0.72,capacity,EVENT-EMP,0.0,0.0,1.0,0.0
A105_U720,1.05,0.72,capacity,GEV,0.0,0.0,1.0,0.0
A105_U720,1.05,0.72,capacity,KDE,0.0,0.0,1.0,0.0
A105_U720,1.05,0.72,capacity,TAIL,0.0,0.0,1.0,0.0
A105_U740,1.05,0.74,capacity,EMP,0.0,0.0,1.0,0.0
A105_U740,1.05,0.74,capacity,EVENT-EMP,0.0,0.0,1.0,0.0
A105_U740,1.05,0.74,capacity,GEV,0.0,0.0,1.0,0.0
A105_U740,1.05,0.74,capacity,KDE,0.0,0.0,1.0,0.0
A105_U740,1.05,0.74,capacity,TAIL,0.0,0.0,1.0,0.0
A105_U760,1.05,0.76,capacity,EMP,0.0,0.0,1.0,0.0
A105_U760,1.05,0.76,capacity,EVENT-EMP,0.0,0.0,1.0,0.0
A105_U760,1.05,0.76,capacity,GEV,0.0,0.0,1.0,0.0
A105_U760,1.05,0.76,capacity,KDE,0.0,0.0,1.0,0.0
A105_U760,1.05,0.76,capacity,TAIL,0.0,0.0,1.0,0.0
A110_U400,1.1,0.4,actual_maximum_demand,EMP,0.0,0.0,1.0,0.0
A110_U400,1.1,0.4,actual_maximum_demand,EVENT-EMP,0.0,0.0,1.0,0.0
A110_U400,1.1,0.4,actual_maximum_demand,GEV,0.0,0.0,1.0,0.0
A110_U400,1.1,0.4,actual_maximum_demand,KDE,0.0,0.0,1.0,0.0
A110_U400,1.1,0.4,actual_maximum_demand,TAIL,0.0,0.0,1.0,0.0
A110_U420,1.1,0.42,actual_maximum_demand,EMP,7.53854802121068e-05,0.0,0.999,402.29260790946887
A110_U420,1.1,0.42,actual_maximum_demand,EVENT-EMP,0.0,0.0,1.0,0.0
A110_U420,1.1,0.42,actual_maximum_demand,GEV,7.53854802121068e-05,0.0,0.999,402.29260790946887
A110_U420,1.1,0.42,actual_maximum_demand,KDE,0.0,0.0,1.0,0.0
A110_U420,1.1,0.42,actual_maximum_demand,TAIL,0.0,0.0,1.0,0.0
A110_U440,1.1,0.44,actual_maximum_demand,EMP,0.0003241715159879195,0.0,0.995,1729.9326635555783
A110_U440,1.1,0.44,actual_maximum_demand,EVENT-EMP,0.0001296686063951678,0.0,0.998,691.9730654222313
A110_U440,1.1,0.44,actual_maximum_demand,GEV,0.0001296686063951678,0.0,0.998,691.9730654222313
A110_U440,1.1,0.44,actual_maximum_demand,KDE,6.48343031975839e-05,0.0,0.999,345.9865327111157
A110_U440,1.1,0.44,actual_maximum_demand,TAIL,0.0,0.0,1.0,0.0
A110_U460,1.1,0.46,actual_maximum_demand,EMP,0.0008837693312670708,0.0,0.986,4716.211504728722
A110_U460,1.1,0.46,actual_maximum_demand,EVENT-EMP,0.00031563053806102543,0.0,0.995,1684.3539622640321
A110_U460,1.1,0.46,actual_maximum_demand,GEV,0.0005054184361033818,0.0,0.992,2697.1520268023833
A110_U460,1.1,0.46,actual_maximum_demand,KDE,0.0001267661376661054,0.0,0.998,676.4841183318254
A110_U460,1.1,0.46,actual_maximum_demand,TAIL,0.0001261852965659152,0.0,0.998,673.384475266356
A110_U480,1.1,0.48,actual_maximum_demand,EMP,0.0010988414471109925,0.0,0.983,5863.938124337938
A110_U480,1.1,0.48,actual_maximum_demand,EVENT-EMP,0.0005877386748067872,0.0,0.991,3136.4517887531547
A110_U480,1.1,0.48,actual_maximum_demand,GEV,0.0005805605518509181,0.0,0.991,3098.1459267265873
A110_U480,1.1,0.48,actual_maximum_demand,KDE,0.00019480340869273142,0.0,0.997,1039.5632035791864
A110_U480,1.1,0.48,actual_maximum_demand,TAIL,0.000263934488559702,0.0,0.996,1408.4793705788757
A110_U500,1.1,0.5,actual_maximum_demand,EMP,0.0012620243526588804,0.0,0.981,6734.7593548241975
A110_U500,1.1,0.5,actual_maximum_demand,EVENT-EMP,0.0006645088643328198,0.0,0.99,3546.1338610465928
A110_U500,1.1,0.5,actual_maximum_demand,GEV,0.0007379843584535029,0.0,0.989,3938.2338790351937
A110_U500,1.1,0.5,actual_maximum_demand,KDE,0.00019480340869273142,0.0,0.997,1039.5632035791864
A110_U500,1.1,0.5,actual_maximum_demand,TAIL,0.000263934488559702,0.0,0.996,1408.4793705788757
A110_U520,1.1,0.52,actual_maximum_demand,EMP,0.001264767771706629,0.0,0.981,6749.39953752519
A110_U520,1.1,0.52,actual_maximum_demand,EVENT-EMP,0.0006645088643328198,0.0,0.99,3546.1338610465928
A110_U520,1.1,0.52,actual_maximum_demand,GEV,0.0007379843584535029,0.0,0.989,3938.2338790351937
A110_U520,1.1,0.52,actual_maximum_demand,KDE,0.00019480340869273142,0.0,0.997,1039.5632035791864
A110_U520,1.1,0.52,actual_maximum_demand,TAIL,0.000263934488559702,0.0,0.996,1408.4793705788757
A110_U540,1.1,0.54,actual_maximum_demand,EMP,0.0014221751791140362,0.0,0.98,7589.3999759653825
A110_U540,1.1,0.54,actual_maximum_demand,EVENT-EMP,0.0008219162717402271,0.0,0.989,4386.1342994867855
A110_U540,1.1,0.54,actual_maximum_demand,GEV,0.0008953917658609101,0.0,0.988,4778.234317475386
A110_U540,1.1,0.54,actual_maximum_demand,KDE,0.000509618223507546,0.0,0.995,2719.5640804595714
A110_U540,1.1,0.54,actual_maximum_demand,TAIL,0.000263934488559702,0.0,0.996,1408.4793705788757
A110_U560,1.1,0.56,actual_maximum_demand,EMP,0.0023094106288494847,0.0,0.972,12324.108329610413
A110_U560,1.1,0.56,actual_maximum_demand,EVENT-EMP,0.00136093743576139,0.0,0.984,7262.606389103408
A110_U560,1.1,0.56,actual_maximum_demand,GEV,0.00166655578702493,0.0,0.981,8893.530583110947
A110_U560,1.1,0.56,actual_maximum_demand,KDE,0.001239446265835587,0.0,0.988,6614.27199566441
A110_U560,1.1,0.56,actual_maximum_demand,TAIL,0.0007282202028454155,0.0,0.992,3886.1277226167526
A110_U580,1.1,0.58,actual_maximum_demand,EMP,0.005609595357913535,0.0775862068965519,0.925,29935.45626428823
A110_U580,1.1,0.58,actual_maximum_demand,EVENT-EMP,0.00353519851950524,0.0,0.953,18865.492769800745
A110_U580,1.1,0.58,actual_maximum_demand,GEV,0.004850053323970753,0.0775862068965519,0.936,25882.180424007358
A110_U580,1.1,0.58,actual_maximum_demand,KDE,0.00461721720179619,0.0775862068965519,0.94,24639.656657605854
A110_U580,1.1,0.58,actual_maximum_demand,TAIL,0.0030570379368355704,0.0,0.96,16313.8015520694
A110_U600,1.1,0.6,actual_maximum_demand,EMP,0.0079314344383733,0.0416666666666667,0.821,42325.888694992216
A110_U600,1.1,0.6,actual_maximum_demand,EVENT-EMP,0.0063311755309994906,0.0416666666666667,0.854,33786.149644893565
A110_U600,1.1,0.6,actual_maximum_demand,GEV,0.007404651025120175,0.0416666666666667,0.829,39514.72303650222
A110_U600,1.1,0.6,actual_maximum_demand,KDE,0.0068614700753594025,0.0416666666666667,0.837,36616.05236104622
A110_U600,1.1,0.6,actual_maximum_demand,TAIL,0.006180601155226373,0.0416666666666667,0.854,32982.61349783086
A110_U620,1.1,0.62,actual_maximum_demand,EMP,0.0044583161588033805,0.0080645161290322,0.585,23791.68547263433
A110_U620,1.1,0.62,actual_maximum_demand,EVENT-EMP,0.003551605638526348,0.0080645161290322,0.632,18953.048923594753
A110_U620,1.1,0.62,actual_maximum_demand,GEV,0.003923468229421222,0.0080645161290322,0.594,20937.48373855062
A110_U620,1.1,0.62,actual_maximum_demand,KDE,0.003388351795789483,0.0080645161290322,0.601,18081.849138688325
A110_U620,1.1,0.62,actual_maximum_demand,TAIL,0.0031429667466241974,0.0080645161290322,0.639,16772.358357533325
A110_U640,1.1,0.64,capacity,EMP,0.008927122198227557,0.0239999999999999,0.682,46522.802650287
A110_U640,1.1,0.64,capacity,EVENT-EMP,0.008504457077076776,0.0239999999999999,0.674,44320.12573136215
A110_U640,1.1,0.64,capacity,GEV,0.008387695983056356,0.0239999999999999,0.682,43711.636991797
A110_U640,1.1,0.64,capacity,KDE,0.007831478690501326,0.0239999999999999,0.682,40812.96631634099
A110_U640,1.1,0.64,capacity,TAIL,0.007902268916285104,0.0239999999999999,0.682,41181.88248334068
A110_U660,1.1,0.66,capacity,EMP,0.006301657727519091,0.056,0.903,31845.29230357261
A110_U660,1.1,0.66,capacity,EVENT-EMP,0.006234279832104433,0.056,0.9,31504.79955276685
A110_U660,1.1,0.66,capacity,GEV,0.005888092960348941,0.056,0.904,29755.351613922154
A110_U660,1.1,0.66,capacity,KDE,0.0054584731947909205,0.056,0.905,27584.277333920956
A110_U660,1.1,0.66,capacity,TAIL,0.005542714819919046,0.056,0.906,28009.99058150308
A110_U680,1.1,0.68,capacity,EMP,0.0020423963244868234,0.0,0.983,10017.641180150174
A110_U680,1.1,0.68,capacity,EVENT-EMP,0.0017963297329337696,0.0,0.983,8810.722233495477
A110_U680,1.1,0.68,capacity,GEV,0.0015648047513327934,0.0,0.985,7675.127656619115
A110_U680,1.1,0.68,capacity,KDE,0.0012319999999999987,0.0,0.986,6042.771320128582
A110_U680,1.1,0.68,capacity,TAIL,0.0013950971993635613,0.0,0.985,6842.738104793704
A110_U700,1.1,0.7,capacity,EMP,0.0003354611630809145,0.0,0.998,1598.374611307958
A110_U700,1.1,0.7,capacity,EVENT-EMP,0.0,0.0,1.0,0.0
A110_U700,1.1,0.7,capacity,GEV,0.0003322667107779887,0.0,0.998,1583.1539776848667
A110_U700,1.1,0.7,capacity,KDE,0.0002399999999999998,0.0,0.998,1143.5300086328666
A110_U700,1.1,0.7,capacity,TAIL,0.0001199999999999999,0.0,0.999,571.7650043164333
A110_U720,1.1,0.72,capacity,EMP,0.0,0.0,1.0,0.0
A110_U720,1.1,0.72,capacity,EVENT-EMP,0.0,0.0,1.0,0.0
A110_U720,1.1,0.72,capacity,GEV,0.0,0.0,1.0,0.0
A110_U720,1.1,0.72,capacity,KDE,0.0,0.0,1.0,0.0
A110_U720,1.1,0.72,capacity,TAIL,0.0,0.0,1.0,0.0
A110_U740,1.1,0.74,capacity,EMP,0.0,0.0,1.0,0.0
A110_U740,1.1,0.74,capacity,EVENT-EMP,0.0,0.0,1.0,0.0
A110_U740,1.1,0.74,capacity,GEV,0.0,0.0,1.0,0.0
A110_U740,1.1,0.74,capacity,KDE,0.0,0.0,1.0,0.0
A110_U740,1.1,0.74,capacity,TAIL,0.0,0.0,1.0,0.0
A110_U760,1.1,0.76,capacity,EMP,0.0,0.0,1.0,0.0
A110_U760,1.1,0.76,capacity,EVENT-EMP,0.0,0.0,1.0,0.0
A110_U760,1.1,0.76,capacity,GEV,0.0,0.0,1.0,0.0
A110_U760,1.1,0.76,capacity,KDE,0.0,0.0,1.0,0.0
A110_U760,1.1,0.76,capacity,TAIL,0.0,0.0,1.0,0.0
A115_U400,1.15,0.4,actual_maximum_demand,EMP,7.51951019303612e-05,0.0,0.999,401.2766592780184
A115_U400,1.15,0.4,actual_maximum_demand,EVENT-EMP,0.0,0.0,1.0,0.0
A115_U400,1.15,0.4,actual_maximum_demand,GEV,7.51951019303612e-05,0.0,0.999,401.2766592780184
A115_U400,1.15,0.4,actual_maximum_demand,KDE,0.0,0.0,1.0,0.0
A115_U400,1.15,0.4,actual_maximum_demand,TAIL,0.0,0.0,1.0,0.0
A115_U420,1.15,0.42,actual_maximum_demand,EMP,0.00099840068875006,0.0,0.98,5327.938691718616
A115_U420,1.15,0.42,actual_maximum_demand,EVENT-EMP,0.000249600172187515,0.0,0.995,1331.984672929654
A115_U420,1.15,0.42,actual_maximum_demand,GEV,0.000648960447687539,0.0,0.987,3463.1601496171
A115_U420,1.15,0.42,actual_maximum_demand,KDE,0.000249600172187515,0.0,0.995,1331.984672929654
A115_U420,1.15,0.42,actual_maximum_demand,TAIL,0.0,0.0,1.0,0.0
A115_U440,1.15,0.44,actual_maximum_demand,EMP,0.0034458778596046756,0.0334126781769317,0.898,18388.83544652722
A115_U440,1.15,0.44,actual_maximum_demand,EVENT-EMP,0.002540695320914199,0.0334126781769317,0.924,13558.352930539682
A115_U440,1.15,0.44,actual_maximum_demand,GEV,0.002608482941866958,0.0334126781769317,0.922,13920.099764815133
A115_U440,1.15,0.44,actual_maximum_demand,KDE,0.0011373684145229402,0.0,0.966,6069.536260098128
A115_U440,1.15,0.44,actual_maximum_demand,TAIL,0.000668253563538634,0.0,0.98,3566.117348650638
A115_U460,1.15,0.46,actual_maximum_demand,EMP,0.005513563497795417,0.0253086114979797,0.79,29422.98479974868
A115_U460,1.15,0.46,actual_maximum_demand,EVENT-EMP,0.004899771937053049,0.0253086114979797,0.81,26147.50247889433
A115_U460,1.15,0.46,actual_maximum_demand,GEV,0.0045003063084792525,0.0253086114979797,0.826,24015.764788333865
A115_U460,1.15,0.46,actual_maximum_demand,KDE,0.001864079800718738,0.0253086114979797,0.928,9947.612222838516
A115_U460,1.15,0.46,actual_maximum_demand,TAIL,0.002610076628813504,0.0253086114979797,0.897,13928.604432771246
A115_U480,1.15,0.48,actual_maximum_demand,EMP,0.007099944395302445,0.025184940229446107,0.723,37888.664219714476
A115_U480,1.15,0.48,actual_maximum_demand,EVENT-EMP,0.006076676459133635,0.0251164993267581,0.76,32428.022124270476
A115_U480,1.15,0.48,actual_maximum_demand,GEV,0.005627782315029069,0.0251164993267581,0.778,30032.51047668249
A115_U480,1.15,0.48,actual_maximum_demand,KDE,0.0023311710912242117,0.024990173698732413,0.908,12440.232457670825
A115_U480,1.15,0.48,actual_maximum_demand,TAIL,0.004347604431018243,0.0251164993267581,0.826,23200.87528516146
A115_U500,1.15,0.5,actual_maximum_demand,EMP,0.00798983332716422,0.03135992084924861,0.708,42637.532810074015
A115_U500,1.15,0.5,actual_maximum_demand,EVENT-EMP,0.00685924639420003,0.029861845247447207,0.746,36604.18574574785
A115_U500,1.15,0.5,actual_maximum_demand,GEV,0.006399497277854246,0.030040362376599943,0.764,34150.74682782322
A115_U500,1.15,0.5,actual_maximum_demand,KDE,0.002532829457242202,0.025159242247342735,0.905,13516.376958493554
A115_U500,1.15,0.5,actual_maximum_demand,TAIL,0.004940163372634261,0.02898488496869153,0.819,26363.050299395796
A115_U520,1.15,0.52,actual_maximum_demand,EMP,0.008222674895859624,0.03159440258081076,0.706,43880.08564168897
A115_U520,1.15,0.52,actual_maximum_demand,EVENT-EMP,0.006943530257230504,0.029861845247447207,0.746,37053.96433663582
A115_U520,1.15,0.52,actual_maximum_demand,GEV,0.0065435588639343205,0.030176047296188134,0.763,34919.527646101014
A115_U520,1.15,0.52,actual_maximum_demand,KDE,0.00254825545952617,0.025159242247342735,0.905,13598.69740894335
A115_U520,1.15,0.52,actual_maximum_demand,TAIL,0.005011437114572308,0.02898488496869153,0.819,26743.40072548645
A115_U540,1.15,0.54,actual_maximum_demand,EMP,0.008391568853922948,0.03162959390474208,0.705,44781.3837518592
A115_U540,1.15,0.54,actual_maximum_demand,EVENT-EMP,0.0071009376646379106,0.029915757732316594,0.745,37893.96477507601
A115_U540,1.15,0.54,actual_maximum_demand,GEV,0.0067021524688836084,0.03030502211420012,0.762,35765.85819613931
A115_U540,1.15,0.54,actual_maximum_demand,KDE,0.002863070274340984,0.02518894386105431,0.903,15278.698285823735
A115_U540,1.15,0.54,actual_maximum_demand,TAIL,0.005011437114572308,0.02898488496869153,0.819,26743.40072548645
A115_U560,1.15,0.56,actual_maximum_demand,EMP,0.009278804303658395,0.03248000086259639,0.697,49516.09210550422
A115_U560,1.15,0.56,actual_maximum_demand,EVENT-EMP,0.007639958828659075,0.030088866485907372,0.74,40770.43686469264
A115_U560,1.15,0.56,actual_maximum_demand,GEV,0.007473316490047628,0.031116446423784104,0.755,39881.154461774866
A115_U560,1.15,0.56,actual_maximum_demand,KDE,0.003592898316669025,0.025755725033453705,0.896,19173.40620102857
A115_U560,1.15,0.56,actual_maximum_demand,TAIL,0.005475722828858022,0.029404250569493254,0.815,29221.049077524327
A115_U580,1.15,0.58,actual_maximum_demand,EMP,0.012578989032722447,0.0775862068965519,0.65,67127.44004018205
A115_U580,1.15,0.58,actual_maximum_demand,EVENT-EMP,0.009814219912402925,0.0346999553255241,0.709,52373.32324538997
A115_U580,1.15,0.58,actual_maximum_demand,GEV,0.010656814026993451,0.0775862068965519,0.71,56869.80430267128
A115_U580,1.15,0.58,actual_maximum_demand,KDE,0.006970669252629628,0.0775862068965519,0.848,37198.79086297002
A115_U580,1.15,0.58,actual_maximum_demand,TAIL,0.0078045405628481765,0.03326381046433369,0.783,41648.722906976975
A115_U600,1.15,0.6,actual_maximum_demand,EMP,0.014859161446515544,0.0416666666666667,0.547,79295.51941365187
A115_U600,1.15,0.6,actual_maximum_demand,EVENT-EMP,0.012610196923897176,0.0416666666666667,0.61,67293.98012048278
A115_U600,1.15,0.6,actual_maximum_demand,GEV,0.013211411728142872,0.0416666666666667,0.603,70502.34691516614
A115_U600,1.15,0.6,actual_maximum_demand,KDE,0.009214922126192841,0.0416666666666667,0.745,49175.186566410375
A115_U600,1.15,0.6,actual_maximum_demand,TAIL,0.01092810378123898,0.0416666666666667,0.677,58317.53485273844
A115_U620,1.15,0.62,actual_maximum_demand,EMP,0.010848609242845218,0.03128310771353416,0.337,57893.314365252
A115_U620,1.15,0.62,actual_maximum_demand,EVENT-EMP,0.009699913026554244,0.029727884477403873,0.394,51763.32759263711
A115_U620,1.15,0.62,actual_maximum_demand,GEV,0.00930884527228413,0.029859709020611008,0.387,49676.40493469325
A115_U620,1.15,0.62,actual_maximum_demand,KDE,0.005659619746370404,0.02505648048949255,0.513,30202.41008132001
A115_U620,1.15,0.62,actual_maximum_demand,TAIL,0.007862784359303734,0.02898488496869153,0.463,41959.53937594065
A115_U640,1.15,0.64,capacity,EMP,0.014769264901890301,0.05518013491036671,0.652,76968.54384460818
A115_U640,1.15,0.64,capacity,EVENT-EMP,0.014186438747783456,0.05399753024993971,0.659,73931.20375394358
A115_U640,1.15,0.64,capacity,GEV,0.013165504426061013,0.05427013278697558,0.663,68610.70685542145
A115_U640,1.15,0.64,capacity,KDE,0.010008221066817901,0.049399438963717034,0.675,52156.84105505569
A115_U640,1.15,0.64,capacity,TAIL,0.012571279161223477,0.05368052220793999,0.672,65513.96144161496
A115_U660,1.15,0.66,capacity,EMP,0.011871075483162184,0.08765947294042821,0.858,59990.2255986068
A115_U660,1.15,0.66,capacity,EVENT-EMP,0.012018432220994439,0.08677539095802417,0.855,60734.88971590352
A115_U660,1.15,0.66,capacity,GEV,0.010783632421296655,0.08628932619625229,0.868,54494.85538556394
A115_U660,1.15,0.66,capacity,KDE,0.007813599958927957,0.08170984083689997,0.889,39485.85997437289
A115_U660,1.15,0.66,capacity,TAIL,0.009855673955267426,0.08660803852693828,0.883,49805.43716038374
A115_U680,1.15,0.68,capacity,EMP,0.0065554616859689495,0.11440040847442151,0.946,32153.535605661487
A115_U680,1.15,0.68,capacity,EVENT-EMP,0.005719921720104053,0.0,0.953,28055.340035410176
A115_U680,1.15,0.68,capacity,GEV,0.005329890722130926,0.0,0.956,26142.297723305357
A115_U680,1.15,0.68,capacity,KDE,0.002974377513211729,0.0,0.974,14588.866178629238
A115_U680,1.15,0.68,capacity,TAIL,0.005114912213943037,0.0,0.958,25087.861064440254
A115_U700,1.15,0.7,capacity,EMP,0.002531084777853149,0.0,0.984,12059.880824453881
A115_U700,1.15,0.7,capacity,EVENT-EMP,0.002359203846937497,0.0,0.985,11240.918314396378
A115_U700,1.15,0.7,capacity,GEV,0.002222768257423449,0.0,0.986,10590.84251916792
A115_U700,1.15,0.7,capacity,KDE,0.0010645326915526287,0.0,0.993,5072.1878248381145
A115_U700,1.15,0.7,capacity,TAIL,0.001586450030879279,0.0,0.99,7558.9717396124815
A115_U720,1.15,0.72,capacity,EMP,0.0002103821032418834,0.0,0.999,974.5646633997355
A115_U720,1.15,0.72,capacity,EVENT-EMP,0.000191359712994644,0.0,0.999,886.4461919960874
A115_U720,1.15,0.72,capacity,GEV,0.00020417707009820471,0.0,0.999,945.8207448635624
A115_U720,1.15,0.72,capacity,KDE,0.0001999736026813269,0.0,0.999,926.3487900484168
A115_U720,1.15,0.72,capacity,TAIL,0.0003953360593331443,0.0,0.998,1831.337113075695
A115_U740,1.15,0.74,capacity,EMP,0.0,0.0,1.0,0.0
A115_U740,1.15,0.74,capacity,EVENT-EMP,0.0,0.0,1.0,0.0
A115_U740,1.15,0.74,capacity,GEV,0.0,0.0,1.0,0.0
A115_U740,1.15,0.74,capacity,KDE,0.0,0.0,1.0,0.0
A115_U740,1.15,0.74,capacity,TAIL,0.0,0.0,1.0,0.0
A115_U760,1.15,0.76,capacity,EMP,0.0,0.0,1.0,0.0
A115_U760,1.15,0.76,capacity,EVENT-EMP,0.0,0.0,1.0,0.0
A115_U760,1.15,0.76,capacity,GEV,0.0,0.0,1.0,0.0
A115_U760,1.15,0.76,capacity,KDE,0.0,0.0,1.0,0.0
A115_U760,1.15,0.76,capacity,TAIL,0.0,0.0,1.0,0.0
A120_U400,1.2,0.4,actual_maximum_demand,EMP,0.0005374045275716592,0.0,0.991,2867.844952249023
A120_U400,1.2,0.4,actual_maximum_demand,EVENT-EMP,0.0001194232283492576,0.0,0.998,637.2988782775607
A120_U400,1.2,0.4,actual_maximum_demand,GEV,0.0003582696850477728,0.0,0.994,1911.8966348326821
A120_U400,1.2,0.4,actual_maximum_demand,KDE,0.0001194232283492576,0.0,0.998,637.2988782775607
A120_U400,1.2,0.4,actual_maximum_demand,TAIL,0.0,0.0,1.0,0.0
A120_U420,1.2,0.42,actual_maximum_demand,EMP,0.0038274446265725514,0.0301373592643508,0.873,20425.056338709557
A120_U420,1.2,0.42,actual_maximum_demand,EVENT-EMP,0.002551675626332294,0.0301373592643508,0.916,13616.94903803755
A120_U420,1.2,0.42,actual_maximum_demand,GEV,0.0028630491301133263,0.0301373592643508,0.905,15278.585450215809
A120_U420,1.2,0.42,actual_maximum_demand,KDE,0.0016575547595392942,0.0301373592643508,0.945,8845.496839598625
A120_U420,1.2,0.42,actual_maximum_demand,TAIL,0.0002712362333791572,0.0,0.991,1447.4449373888663
A120_U440,1.2,0.44,actual_maximum_demand,EMP,0.0033394807783016403,0.008688370728147,0.618,17821.0502551227
A120_U440,1.2,0.44,actual_maximum_demand,EVENT-EMP,0.0034221818294166745,0.008688370728147,0.617,18262.382212368466
A120_U440,1.2,0.44,actual_maximum_demand,GEV,0.0030232895660307567,0.008688370728147,0.655,16133.704269866477
A120_U440,1.2,0.44,actual_maximum_demand,KDE,0.0018158694821827231,0.008688370728147,0.791,9690.339141637345
A120_U440,1.2,0.44,actual_maximum_demand,TAIL,0.001946195043104928,0.008688370728147,0.776,10385.818027400792
A120_U460,1.2,0.46,contracted_maximum_demand,EMP,0.0022244082313676718,0.0049211887589198,0.619,11812.364423736568
A120_U460,1.2,0.46,contracted_maximum_demand,EVENT-EMP,0.0022657653108908086,0.0049211887589198,0.621,12031.984585152877
A120_U460,1.2,0.46,contracted_maximum_demand,GEV,0.0023927167416953176,0.0049211887589198,0.563,12706.139869974686
A120_U460,1.2,0.46,contracted_maximum_demand,KDE,0.0032349554139997,0.0049211887589198,0.362,17178.713738713872
A120_U460,1.2,0.46,contracted_maximum_demand,TAIL,0.001854469950656159,0.0049211887589198,0.626,9847.866304896143
A120_U480,1.2,0.48,contracted_maximum_demand,EMP,0.004334127550268207,0.0110439081791601,0.692,22876.31237651552
A120_U480,1.2,0.48,contracted_maximum_demand,EVENT-EMP,0.004390966492495024,0.0110439081791601,0.703,23176.318636702992
A120_U480,1.2,0.48,contracted_maximum_demand,GEV,0.004650658349425423,0.0110439081791601,0.649,24547.01942293378
A120_U480,1.2,0.48,contracted_maximum_demand,KDE,0.006986812227655143,0.0110439081791601,0.412,36877.66388555097
A120_U480,1.2,0.48,contracted_maximum_demand,TAIL,0.0033141528207488373,0.0110439081791601,0.714,17492.700505842018
A120_U500,1.2,0.5,contracted_maximum_demand,EMP,0.004772422292170635,0.0114494930664087,0.715,25179.610711582485
A120_U500,1.2,0.5,contracted_maximum_demand,EVENT-EMP,0.004773390769008125,0.0114494930664087,0.723,25184.72045842763
A120_U500,1.2,0.5,contracted_maximum_demand,GEV,0.004985390271624229,0.0114494930664087,0.676,26303.243635993033
A120_U500,1.2,0.5,contracted_maximum_demand,KDE,0.007416017382810107,0.0114494930664087,0.417,39127.39051525876
A120_U500,1.2,0.5,contracted_maximum_demand,TAIL,0.003868370431117579,0.0114494930664087,0.724,20409.77423635224
A120_U520,1.2,0.52,contracted_maximum_demand,EMP,0.005920563871408569,0.0114494930664087,0.719,31237.28043088208
A120_U520,1.2,0.52,contracted_maximum_demand,EVENT-EMP,0.005425641178646221,0.0114494930664087,0.727,28626.036083011113
A120_U520,1.2,0.52,contracted_maximum_demand,GEV,0.005750828134495146,0.0114494930664087,0.678,30341.743632653855
A120_U520,1.2,0.52,contracted_maximum_demand,KDE,0.007650218058485374,0.0114494930664087,0.418,40363.04852724297
A120_U520,1.2,0.52,contracted_maximum_demand,TAIL,0.00444624475874592,0.0114494930664087,0.724,23458.676810160498
A120_U540,1.2,0.54,contracted_maximum_demand,EMP,0.006548517964167727,0.015258238744803613,0.719,34550.40710585383
A120_U540,1.2,0.54,contracted_maximum_demand,EVENT-EMP,0.005679207105300055,0.0114494930664087,0.727,29963.866419890455
A120_U540,1.2,0.54,contracted_maximum_demand,GEV,0.006065079890575468,0.0114494930664087,0.678,31999.756356405218
A120_U540,1.2,0.54,contracted_maximum_demand,KDE,0.007996053817951718,0.0114494930664087,0.418,42187.70050906629
A120_U540,1.2,0.54,contracted_maximum_demand,TAIL,0.004513277602980588,0.0114494930664087,0.724,23812.346460368964
A120_U560,1.2,0.56,contracted_maximum_demand,EMP,0.007477758214532841,0.016113564793098396,0.718,39453.13916292935
A120_U560,1.2,0.56,contracted_maximum_demand,EVENT-EMP,0.006224399788401325,0.0114494930664087,0.727,32840.33850950708
A120_U560,1.2,0.56,contracted_maximum_demand,GEV,0.006845315195102798,0.0114494930664087,0.678,36116.32861860028
A120_U560,1.2,0.56,contracted_maximum_demand,KDE,0.008734238021390065,0.0114494930664087,0.418,46082.40842427113
A120_U560,1.2,0.56,contracted_maximum_demand,TAIL,0.004982879153332848,0.0114494930664087,0.724,26289.994812406843
A120_U580,1.2,0.58,contracted_maximum_demand,EMP,0.010334910937327973,0.036079651832396045,0.716,54527.66293706026
A120_U580,1.2,0.58,contracted_maximum_demand,EVENT-EMP,0.008346857795713812,0.01626068984589358,0.724,44038.565134062905
A120_U580,1.2,0.58,contracted_maximum_demand,GEV,0.009805927345402915,0.028990504390921303,0.675,51736.71106774669
A120_U580,1.2,0.58,contracted_maximum_demand,KDE,0.01215068272226187,0.0899240227008717,0.418,64107.793086212565
A120_U580,1.2,0.58,contracted_maximum_demand,TAIL,0.007259886140186793,0.0114494930664087,0.724,38303.63191459586
A120_U600,1.2,0.6,contracted_maximum_demand,EMP,0.012568538503790886,0.0535932219441758,0.691,66312.42739314414
A120_U600,1.2,0.6,contracted_maximum_demand,EVENT-EMP,0.01090512106084604,0.0535932219441758,0.711,57536.1286710215
A120_U600,1.2,0.6,contracted_maximum_demand,GEV,0.012105657461692069,0.0535932219441758,0.655,63870.23688017539
A120_U600,1.2,0.6,contracted_maximum_demand,KDE,0.014372489107649449,0.0535932219441758,0.417,75830.18822135091
A120_U600,1.2,0.6,contracted_maximum_demand,TAIL,0.010347079870959222,0.0535932219441758,0.719,54591.867023130464
A120_U620,1.2,0.62,contracted_maximum_demand,EMP,0.009497382743159933,0.0196063438169443,0.621,50108.80965919276
A120_U620,1.2,0.62,contracted_maximum_demand,EVENT-EMP,0.00823114061280873,0.0196063438169443,0.648,43428.0337435421
A120_U620,1.2,0.62,contracted_maximum_demand,GEV,0.008938787528463674,0.0196063438169443,0.596,47161.624940338545
A120_U620,1.2,0.62,contracted_maximum_demand,KDE,0.010679342004943127,0.0196063438169443,0.4,56344.90367322722
A120_U620,1.2,0.62,contracted_maximum_demand,TAIL,0.007708716628509397,0.0196063438169443,0.657,40671.69079111073
A120_U640,1.2,0.64,capacity,EMP,0.008758638089678505,0.025268294340576657,0.493,45644.76460424203
A120_U640,1.2,0.64,capacity,EVENT-EMP,0.0077310133195041125,0.01996737976680106,0.492,40289.401104136494
A120_U640,1.2,0.64,capacity,GEV,0.007745545052538665,0.02237997435922274,0.51,40365.13177446016
A120_U640,1.2,0.64,capacity,KDE,0.006451149654633896,0.0239999999999999,0.599,33619.51988397662
A120_U640,1.2,0.64,capacity,TAIL,0.007420952878430257,0.018523135989582076,0.495,38673.55219007057
A120_U660,1.2,0.66,capacity,EMP,0.016072581355226004,0.056332162100582554,0.678,81222.4454995319
A120_U660,1.2,0.66,capacity,EVENT-EMP,0.015268935622710051,0.05083286301285953,0.678,77161.23900957474
A120_U660,1.2,0.66,capacity,GEV,0.014168404712180277,0.05252839013360076,0.706,71599.72963373385
A120_U660,1.2,0.66,capacity,KDE,0.009616419337772771,0.0482915380448806,0.795,48596.369077262665
A120_U660,1.2,0.66,capacity,TAIL,0.013624661214948174,0.05031235354718014,0.714,68851.93352098936
A120_U680,1.2,0.68,capacity,EMP,0.013357044474039627,0.08554800388518957,0.84,65514.25752387069
A120_U680,1.2,0.68,capacity,EVENT-EMP,0.013701230516752013,0.08168816606598003,0.829,67202.43735154193
A120_U680,1.2,0.68,capacity,GEV,0.012294903338136329,0.08262291241321454,0.849,60304.617918379416
A120_U680,1.2,0.68,capacity,KDE,0.007346643214414697,0.07792643828732475,0.908,36034.159833833146
A120_U680,1.2,0.68,capacity,TAIL,0.010908508938399782,0.08212659123382922,0.866,53504.56571292902
A120_U700,1.2,0.7,capacity,EMP,0.008199277953805668,0.11003888643770043,0.93,39067.16828874449
A120_U700,1.2,0.7,capacity,EVENT-EMP,0.0073895290474784,0.10895824105880893,0.935,35208.95089773252
A120_U700,1.2,0.7,capacity,GEV,0.007503242155300969,0.10969836144734225,0.935,35750.760694274235
A120_U700,1.2,0.7,capacity,KDE,0.0035345288210596043,0.0,0.969,16840.999055247543
A120_U700,1.2,0.7,capacity,TAIL,0.006808619925048299,0.1102214653670401,0.941,32441.088340284994
A120_U720,1.2,0.72,capacity,EMP,0.0033367963061448056,0.0,0.978,15457.22625081206
A120_U720,1.2,0.72,capacity,EVENT-EMP,0.0037015781295700687,0.0,0.975,17147.02528543835
A120_U720,1.2,0.72,capacity,GEV,0.002865569807117009,0.0,0.981,13274.337652716547
A120_U720,1.2,0.72,capacity,KDE,0.0016448181912846417,0.0,0.989,7619.382363052415
A120_U720,1.2,0.72,capacity,TAIL,0.003007032558263008,0.0,0.98,13929.64338609299
A120_U740,1.2,0.74,capacity,EMP,0.0011480079729962967,0.0,0.994,5174.251672802587
A120_U740,1.2,0.74,capacity,EVENT-EMP,0.001105949641985026,0.0,0.994,4984.68819004875
A120_U740,1.2,0.74,capacity,GEV,0.0007421273290560633,0.0,0.996,3344.8840636346686
A120_U740,1.2,0.74,capacity,KDE,0.00019216422791610798,0.0,0.999,866.1142615173692
A120_U740,1.2,0.74,capacity,TAIL,0.0009380409078019376,0.0,0.995,4227.897236360997
A120_U760,1.2,0.76,capacity,EMP,0.00023910905794494842,0.0,0.999,1049.3413824955514
A120_U760,1.2,0.76,capacity,EVENT-EMP,0.0,0.0,1.0,0.0
A120_U760,1.2,0.76,capacity,GEV,0.000229390577919942,0.0,0.999,1006.6913743660244
A120_U760,1.2,0.76,capacity,KDE,0.0,0.0,1.0,0.0
A120_U760,1.2,0.76,capacity,TAIL,0.0,0.0,1.0,0.0
