alpha,utilization,contrast,mean_difference_cny
1.05,0.4,TAIL-minus-KDE,0.0
1.05,0.42,TAIL-minus-KDE,0.0
1.05,0.44,TAIL-minus-KDE,0.0
1.05,0.46,TAIL-minus-KDE,0.0
1.05,0.48,TAIL-minus-KDE,0.0
1.05,0.5,TAIL-minus-KDE,0.0
1.05,0.52,TAIL-minus-KDE,0.0
1.05,0.54,TAIL-minus-KDE,-1680.000876880385
1.05,0.56,TAIL-minus-KDE,-3097.0604400473458
1.05,0.58,TAIL-minus-KDE,-8694.771272536138
1.05,0.6,TAIL-minus-KDE,-4002.355030215047
1.05,0.62,TAIL-minus-KDE,-1678.4069481546885
1.05,0.64,TAIL-minus-KDE,0.0
1.05,0.66,TAIL-minus-KDE,-282.99480011621563
1.05,0.68,TAIL-minus-KDE,431.6265228663269
1.05,0.7,TAIL-minus-KDE,-571.7650043164333
1.05,0.72,TAIL-minus-KDE,0.0
1.05,0.74,TAIL-minus-KDE,0.0
1.05,0.76,TAIL-minus-KDE,0.0
1.05,0.4,GEV-minus-KDE,0.0
1.05,0.42,GEV-minus-KDE,0.0
1.05,0.44,GEV-minus-KDE,0.0
1.05,0.46,GEV-minus-KDE,0.0
1.05,0.48,GEV-minus-KDE,0.0
1.05,0.5,GEV-minus-KDE,0.0
1.05,0.52,GEV-minus-KDE,0.0
1.05,0.54,GEV-minus-KDE,-840.0004384401925
1.05,0.56,GEV-minus-KDE,-619.4120880094688
1.05,0.58,GEV-minus-KDE,-1656.1469090545033
1.05,0.6,GEV-minus-KDE,0.0
1.05,0.62,GEV-minus-KDE,-43.03607559371085
1.05,0.64,GEV-minus-KDE,0.0
1.05,0.66,GEV-minus-KDE,0.0
1.05,0.68,GEV-minus-KDE,0.0
1.05,0.7,GEV-minus-KDE,0.0
1.05,0.72,GEV-minus-KDE,0.0
1.05,0.74,GEV-minus-KDE,0.0
1.05,0.76,GEV-minus-KDE,0.0
1.1,0.4,TAIL-minus-KDE,0.0
1.1,0.42,TAIL-minus-KDE,0.0
1.1,0.44,TAIL-minus-KDE,-345.9865327111157
1.1,0.46,TAIL-minus-KDE,-3.0996430654693086
1.1,0.48,TAIL-minus-KDE,368.91616699968927
1.1,0.5,TAIL-minus-KDE,368.91616699968927
1.1,0.52,TAIL-minus-KDE,368.91616699968927
1.1,0.54,TAIL-minus-KDE,-1311.0847098806958
1.1,0.56,TAIL-minus-KDE,-2728.144273047657
1.1,0.58,TAIL-minus-KDE,-8325.85510553645
1.1,0.6,TAIL-minus-KDE,-3633.438863215357
1.1,0.62,TAIL-minus-KDE,-1309.4907811550001
1.1,0.64,TAIL-minus-KDE,368.9161669996902
1.1,0.66,TAIL-minus-KDE,425.71324758211995
1.1,0.68,TAIL-minus-KDE,799.9667846651218
1.1,0.7,TAIL-minus-KDE,-571.7650043164333
1.1,0.72,TAIL-minus-KDE,0.0
1.1,0.74,TAIL-minus-KDE,0.0
1.1,0.76,TAIL-minus-KDE,0.0
1.1,0.4,GEV-minus-KDE,0.0
1.1,0.42,GEV-minus-KDE,402.29260790946887
1.1,0.44,GEV-minus-KDE,345.9865327111157
1.1,0.46,GEV-minus-KDE,2020.6679084705584
1.1,0.48,GEV-minus-KDE,2058.5827231474013
1.1,0.5,GEV-minus-KDE,2898.6706754560073
1.1,0.52,GEV-minus-KDE,2898.6706754560073
1.1,0.54,GEV-minus-KDE,2058.6702370158146
1.1,0.56,GEV-minus-KDE,2279.2585874465376
1.1,0.58,GEV-minus-KDE,1242.5237664015112
1.1,0.6,GEV-minus-KDE,2898.670675456
1.1,0.62,GEV-minus-KDE,2855.6345998622965
1.1,0.64,GEV-minus-KDE,2898.6706754560073
1.1,0.66,GEV-minus-KDE,2171.0742800011976
1.1,0.68,GEV-minus-KDE,1632.356336490533
1.1,0.7,GEV-minus-KDE,439.6239690520001
1.1,0.72,GEV-minus-KDE,0.0
1.1,0.74,GEV-minus-KDE,0.0
1.1,0.76,GEV-minus-KDE,0.0
1.15,0.4,TAIL-minus-KDE,0.0
1.15,0.42,TAIL-minus-KDE,-1331.984672929654
1.15,0.44,TAIL-minus-KDE,-2503.41891144749
1.15,0.46,TAIL-minus-KDE,3980.9922099327305
1.15,0.48,TAIL-minus-KDE,10760.642827490636
1.15,0.5,TAIL-minus-KDE,12846.673340902245
1.15,0.52,TAIL-minus-KDE,13144.703316543098
1.15,0.54,TAIL-minus-KDE,11464.702439662713
1.15,0.56,TAIL-minus-KDE,10047.642876495756
1.15,0.58,TAIL-minus-KDE,4449.932044006957
1.15,0.6,TAIL-minus-KDE,9142.348286328066
1.15,0.62,TAIL-minus-KDE,11757.129294620641
1.15,0.64,TAIL-minus-KDE,13357.120386559276
1.15,0.66,TAIL-minus-KDE,10319.57718601085
1.15,0.68,TAIL-minus-KDE,10498.994885811013
1.15,0.7,TAIL-minus-KDE,2486.783914774367
1.15,0.72,TAIL-minus-KDE,904.9883230272782
1.15,0.74,TAIL-minus-KDE,0.0
1.15,0.76,TAIL-minus-KDE,0.0
1.15,0.4,GEV-minus-KDE,401.2766592780184
1.15,0.42,GEV-minus-KDE,2131.1754766874465
1.15,0.44,GEV-minus-KDE,7850.5635047170035
1.15,0.46,GEV-minus-KDE,14068.15256549535
1.15,0.48,GEV-minus-KDE,17592.27801901167
1.15,0.5,GEV-minus-KDE,20634.369869329665
1.15,0.52,GEV-minus-KDE,21320.830237157665
1.15,0.54,GEV-minus-KDE,20487.15991031557
1.15,0.56,GEV-minus-KDE,20707.748260746303
1.15,0.58,GEV-minus-KDE,19671.01343970126
1.15,0.6,GEV-minus-KDE,21327.160348755766
1.15,0.62,GEV-minus-KDE,19473.994853373242
1.15,0.64,GEV-minus-KDE,16453.865800365762
1.15,0.66,GEV-minus-KDE,15008.995411191048
1.15,0.68,GEV-minus-KDE,11553.431544676123
1.15,0.7,GEV-minus-KDE,5518.654694329805
1.15,0.72,GEV-minus-KDE,19.471954815145523
1.15,0.74,GEV-minus-KDE,0.0
1.15,0.76,GEV-minus-KDE,0.0
1.2,0.4,TAIL-minus-KDE,-637.2988782775607
1.2,0.42,TAIL-minus-KDE,-7398.051902209759
1.2,0.44,TAIL-minus-KDE,695.4788857634485
1.2,0.46,TAIL-minus-KDE,-7330.8474338177275
1.2,0.48,TAIL-minus-KDE,-19384.96337970895
1.2,0.5,TAIL-minus-KDE,-18717.61627890652
1.2,0.52,TAIL-minus-KDE,-16904.371717082475
1.2,0.54,TAIL-minus-KDE,-18375.35404869733
1.2,0.56,TAIL-minus-KDE,-19792.41361186429
1.2,0.58,TAIL-minus-KDE,-25804.161171616703
1.2,0.6,TAIL-minus-KDE,-21238.321198220445
1.2,0.62,TAIL-minus-KDE,-15673.212882116495
1.2,0.64,TAIL-minus-KDE,5054.032306093948
1.2,0.66,TAIL-minus-KDE,20255.564443726696
1.2,0.68,TAIL-minus-KDE,17470.405879095873
1.2,0.7,TAIL-minus-KDE,15600.089285037455
1.2,0.72,TAIL-minus-KDE,6310.261023040575
1.2,0.74,TAIL-minus-KDE,3361.782974843628
1.2,0.76,TAIL-minus-KDE,0.0
1.2,0.4,GEV-minus-KDE,1274.5977565551211
1.2,0.42,GEV-minus-KDE,6433.088610617182
1.2,0.44,GEV-minus-KDE,6443.365128229132
1.2,0.46,GEV-minus-KDE,-4472.573868739186
1.2,0.48,GEV-minus-KDE,-12330.644462617187
1.2,0.5,GEV-minus-KDE,-12824.146879265725
1.2,0.52,GEV-minus-KDE,-10021.30489458912
1.2,0.54,GEV-minus-KDE,-10187.944152661079
1.2,0.56,GEV-minus-KDE,-9966.079805670852
1.2,0.58,GEV-minus-KDE,-12371.082018465873
1.2,0.6,GEV-minus-KDE,-11959.951341175518
1.2,0.62,GEV-minus-KDE,-9183.27873288867
1.2,0.64,GEV-minus-KDE,6745.611890483538
1.2,0.66,GEV-minus-KDE,23003.360556471183
1.2,0.68,GEV-minus-KDE,24270.45808454627
1.2,0.7,GEV-minus-KDE,18909.761639026692
1.2,0.72,GEV-minus-KDE,5654.955289664133
1.2,0.74,GEV-minus-KDE,2478.7698021173
1.2,0.76,GEV-minus-KDE,1006.6913743660244
