mode_pair,rank,side,oracle_mode,cell_id,contrast,relative_gap,estimate
actual_maximum_demand / capacity,1,left,actual_maximum_demand,A105_U600,TAIL-minus-KDE,0.0010489047574449,-4002.355030215047
actual_maximum_demand / capacity,1,right,capacity,A120_U660,TAIL-minus-KDE,0.0010489047574449,20255.564443726696
actual_maximum_demand / capacity,1,left,actual_maximum_demand,A105_U600,GEV-minus-KDE,0.0010489047574449,0
actual_maximum_demand / capacity,1,right,capacity,A120_U660,GEV-minus-KDE,0.0010489047574449,23003.360556471183
actual_maximum_demand / capacity,2,left,actual_maximum_demand,A110_U600,TAIL-minus-KDE,0.0010489047574449,-3633.4388632153568
actual_maximum_demand / capacity,2,right,capacity,A120_U660,TAIL-minus-KDE,0.0010489047574449,20255.564443726696
actual_maximum_demand / capacity,2,left,actual_maximum_demand,A110_U600,GEV-minus-KDE,0.0010489047574449,2898.670675456
actual_maximum_demand / capacity,2,right,capacity,A120_U660,GEV-minus-KDE,0.0010489047574449,23003.360556471183
actual_maximum_demand / capacity,3,left,actual_maximum_demand,A110_U400,TAIL-minus-KDE,0.0051568275838489996,0
actual_maximum_demand / capacity,3,right,capacity,A120_U700,TAIL-minus-KDE,0.0051568275838489996,15600.089285037451
actual_maximum_demand / capacity,3,left,actual_maximum_demand,A110_U400,GEV-minus-KDE,0.0051568275838489996,0
actual_maximum_demand / capacity,3,right,capacity,A120_U700,GEV-minus-KDE,0.0051568275838489996,18909.761639026692
actual_maximum_demand / capacity,4,left,actual_maximum_demand,A105_U400,TAIL-minus-KDE,0.0078003056741754,0
actual_maximum_demand / capacity,4,right,capacity,A120_U720,TAIL-minus-KDE,0.0078003056741754,6310.2610230405753
actual_maximum_demand / capacity,4,left,actual_maximum_demand,A105_U400,GEV-minus-KDE,0.0078003056741754,0
actual_maximum_demand / capacity,4,right,capacity,A120_U720,GEV-minus-KDE,0.0078003056741754,5654.9552896641326
actual_maximum_demand / capacity,5,left,actual_maximum_demand,A105_U420,TAIL-minus-KDE,0.0090774129662139994,0
actual_maximum_demand / capacity,5,right,capacity,A105_U700,TAIL-minus-KDE,0.0090774129662139994,-571.76500431643331
actual_maximum_demand / capacity,5,left,actual_maximum_demand,A105_U420,GEV-minus-KDE,0.0090774129662139994,0
actual_maximum_demand / capacity,5,right,capacity,A105_U700,GEV-minus-KDE,0.0090774129662139994,0
actual_maximum_demand / capacity,6,left,actual_maximum_demand,A105_U420,TAIL-minus-KDE,0.0090774129662139994,0
actual_maximum_demand / capacity,6,right,capacity,A110_U700,TAIL-minus-KDE,0.0090774129662139994,-571.76500431643331
actual_maximum_demand / capacity,6,left,actual_maximum_demand,A105_U420,GEV-minus-KDE,0.0090774129662139994,0
actual_maximum_demand / capacity,6,right,capacity,A110_U700,GEV-minus-KDE,0.0090774129662139994,439.62396905200012
actual_maximum_demand / capacity,7,left,actual_maximum_demand,A105_U420,TAIL-minus-KDE,0.0090774129662139994,0
actual_maximum_demand / capacity,7,right,capacity,A115_U700,TAIL-minus-KDE,0.0090774129662139994,2486.7839147743671
actual_maximum_demand / capacity,7,left,actual_maximum_demand,A105_U420,GEV-minus-KDE,0.0090774129662139994,0
actual_maximum_demand / capacity,7,right,capacity,A115_U700,GEV-minus-KDE,0.0090774129662139994,5518.6546943298054
actual_maximum_demand / capacity,8,left,actual_maximum_demand,A105_U440,TAIL-minus-KDE,0.0248761393931657,0
actual_maximum_demand / capacity,8,right,capacity,A105_U700,TAIL-minus-KDE,0.0248761393931657,-571.76500431643331
actual_maximum_demand / capacity,8,left,actual_maximum_demand,A105_U440,GEV-minus-KDE,0.0248761393931657,0
actual_maximum_demand / capacity,8,right,capacity,A105_U700,GEV-minus-KDE,0.0248761393931657,0
actual_maximum_demand / capacity,9,left,actual_maximum_demand,A105_U440,TAIL-minus-KDE,0.0248761393931657,0
actual_maximum_demand / capacity,9,right,capacity,A110_U700,TAIL-minus-KDE,0.0248761393931657,-571.76500431643331
actual_maximum_demand / capacity,9,left,actual_maximum_demand,A105_U440,GEV-minus-KDE,0.0248761393931657,0
actual_maximum_demand / capacity,9,right,capacity,A110_U700,GEV-minus-KDE,0.0248761393931657,439.62396905200012
actual_maximum_demand / capacity,10,left,actual_maximum_demand,A105_U440,TAIL-minus-KDE,0.0248761393931657,0
actual_maximum_demand / capacity,10,right,capacity,A115_U700,TAIL-minus-KDE,0.0248761393931657,2486.7839147743671
actual_maximum_demand / capacity,10,left,actual_maximum_demand,A105_U440,GEV-minus-KDE,0.0248761393931657,0
actual_maximum_demand / capacity,10,right,capacity,A115_U700,GEV-minus-KDE,0.0248761393931657,5518.6546943298054
actual_maximum_demand / contracted_maximum_demand,1,left,actual_maximum_demand,A120_U440,TAIL-minus-KDE,0.20460002435811869,695.47888576344667
actual_maximum_demand / contracted_maximum_demand,1,right,contracted_maximum_demand,A120_U480,TAIL-minus-KDE,0.20460002435811869,-19384.963379708948
actual_maximum_demand / contracted_maximum_demand,1,left,actual_maximum_demand,A120_U440,GEV-minus-KDE,0.20460002435811869,6443.3651282291321
actual_maximum_demand / contracted_maximum_demand,1,right,contracted_maximum_demand,A120_U480,GEV-minus-KDE,0.20460002435811869,-12330.644462617187
actual_maximum_demand / contracted_maximum_demand,2,left,actual_maximum_demand,A120_U440,TAIL-minus-KDE,0.23246836191030501,695.47888576344667
actual_maximum_demand / contracted_maximum_demand,2,right,contracted_maximum_demand,A120_U500,TAIL-minus-KDE,0.23246836191030501,-18717.61627890652
actual_maximum_demand / contracted_maximum_demand,2,left,actual_maximum_demand,A120_U440,GEV-minus-KDE,0.23246836191030501,6443.3651282291321
actual_maximum_demand / contracted_maximum_demand,2,right,contracted_maximum_demand,A120_U500,GEV-minus-KDE,0.23246836191030501,-12824.146879265729
actual_maximum_demand / contracted_maximum_demand,3,left,actual_maximum_demand,A120_U440,TAIL-minus-KDE,0.23246836191030501,695.47888576344667
actual_maximum_demand / contracted_maximum_demand,3,right,contracted_maximum_demand,A120_U520,TAIL-minus-KDE,0.23246836191030501,-16904.371717082475
actual_maximum_demand / contracted_maximum_demand,3,left,actual_maximum_demand,A120_U440,GEV-minus-KDE,0.23246836191030501,6443.3651282291321
actual_maximum_demand / contracted_maximum_demand,3,right,contracted_maximum_demand,A120_U520,GEV-minus-KDE,0.23246836191030501,-10021.304894589117
actual_maximum_demand / contracted_maximum_demand,4,left,actual_maximum_demand,A120_U440,TAIL-minus-KDE,0.23246836191030501,695.47888576344667
actual_maximum_demand / contracted_maximum_demand,4,right,contracted_maximum_demand,A120_U540,TAIL-minus-KDE,0.23246836191030501,-18375.354048697329
actual_maximum_demand / contracted_maximum_demand,4,left,actual_maximum_demand,A120_U440,GEV-minus-KDE,0.23246836191030501,6443.3651282291321
actual_maximum_demand / contracted_maximum_demand,4,right,contracted_maximum_demand,A120_U540,GEV-minus-KDE,0.23246836191030501,-10187.944152661075
actual_maximum_demand / contracted_maximum_demand,5,left,actual_maximum_demand,A120_U440,TAIL-minus-KDE,0.23246836191030501,695.47888576344667
actual_maximum_demand / contracted_maximum_demand,5,right,contracted_maximum_demand,A120_U560,TAIL-minus-KDE,0.23246836191030501,-19792.413611864289
actual_maximum_demand / contracted_maximum_demand,5,left,actual_maximum_demand,A120_U440,GEV-minus-KDE,0.23246836191030501,6443.3651282291321
actual_maximum_demand / contracted_maximum_demand,5,right,contracted_maximum_demand,A120_U560,GEV-minus-KDE,0.23246836191030501,-9966.0798056708518
actual_maximum_demand / contracted_maximum_demand,6,left,actual_maximum_demand,A120_U440,TAIL-minus-KDE,0.23246836191030501,695.47888576344667
actual_maximum_demand / contracted_maximum_demand,6,right,contracted_maximum_demand,A120_U580,TAIL-minus-KDE,0.23246836191030501,-25804.161171616703
actual_maximum_demand / contracted_maximum_demand,6,left,actual_maximum_demand,A120_U440,GEV-minus-KDE,0.23246836191030501,6443.3651282291321
actual_maximum_demand / contracted_maximum_demand,6,right,contracted_maximum_demand,A120_U580,GEV-minus-KDE,0.23246836191030501,-12371.082018465873
actual_maximum_demand / contracted_maximum_demand,7,left,actual_maximum_demand,A120_U440,TAIL-minus-KDE,0.23246836191030501,695.47888576344667
actual_maximum_demand / contracted_maximum_demand,7,right,contracted_maximum_demand,A120_U600,TAIL-minus-KDE,0.23246836191030501,-21238.321198220445
actual_maximum_demand / contracted_maximum_demand,7,left,actual_maximum_demand,A120_U440,GEV-minus-KDE,0.23246836191030501,6443.3651282291321
actual_maximum_demand / contracted_maximum_demand,7,right,contracted_maximum_demand,A120_U600,GEV-minus-KDE,0.23246836191030501,-11959.951341175518
actual_maximum_demand / contracted_maximum_demand,8,left,actual_maximum_demand,A120_U440,TAIL-minus-KDE,0.23246836191030501,695.47888576344667
actual_maximum_demand / contracted_maximum_demand,8,right,contracted_maximum_demand,A120_U620,TAIL-minus-KDE,0.23246836191030501,-15673.212882116495
actual_maximum_demand / contracted_maximum_demand,8,left,actual_maximum_demand,A120_U440,GEV-minus-KDE,0.23246836191030501,6443.3651282291321
actual_maximum_demand / contracted_maximum_demand,8,right,contracted_maximum_demand,A120_U620,GEV-minus-KDE,0.23246836191030501,-9183.278732888677
actual_maximum_demand / contracted_maximum_demand,9,left,actual_maximum_demand,A105_U620,TAIL-minus-KDE,0.2617124506652086,-1678.4069481546885
actual_maximum_demand / contracted_maximum_demand,9,right,contracted_maximum_demand,A120_U480,TAIL-minus-KDE,0.2617124506652086,-19384.963379708948
actual_maximum_demand / contracted_maximum_demand,9,left,actual_maximum_demand,A105_U620,GEV-minus-KDE,0.2617124506652086,-43.036075593710848
actual_maximum_demand / contracted_maximum_demand,9,right,contracted_maximum_demand,A120_U480,GEV-minus-KDE,0.2617124506652086,-12330.644462617187
actual_maximum_demand / contracted_maximum_demand,10,left,actual_maximum_demand,A110_U620,TAIL-minus-KDE,0.2617124506652086,-1309.4907811550001
actual_maximum_demand / contracted_maximum_demand,10,right,contracted_maximum_demand,A120_U480,TAIL-minus-KDE,0.2617124506652086,-19384.963379708948
actual_maximum_demand / contracted_maximum_demand,10,left,actual_maximum_demand,A110_U620,GEV-minus-KDE,0.2617124506652086,2855.6345998622965
actual_maximum_demand / contracted_maximum_demand,10,right,contracted_maximum_demand,A120_U480,GEV-minus-KDE,0.2617124506652086,-12330.644462617187
capacity / contracted_maximum_demand,1,left,capacity,A120_U640,TAIL-minus-KDE,0.065832084549287004,5054.0323060939481
capacity / contracted_maximum_demand,1,right,contracted_maximum_demand,A120_U500,TAIL-minus-KDE,0.065832084549287004,-18717.61627890652
capacity / contracted_maximum_demand,1,left,capacity,A120_U640,GEV-minus-KDE,0.065832084549287004,6745.6118904835384
capacity / contracted_maximum_demand,1,right,contracted_maximum_demand,A120_U500,GEV-minus-KDE,0.065832084549287004,-12824.146879265729
capacity / contracted_maximum_demand,2,left,capacity,A120_U640,TAIL-minus-KDE,0.065832084549287004,5054.0323060939481
capacity / contracted_maximum_demand,2,right,contracted_maximum_demand,A120_U520,TAIL-minus-KDE,0.065832084549287004,-16904.371717082475
capacity / contracted_maximum_demand,2,left,capacity,A120_U640,GEV-minus-KDE,0.065832084549287004,6745.6118904835384
capacity / contracted_maximum_demand,2,right,contracted_maximum_demand,A120_U520,GEV-minus-KDE,0.065832084549287004,-10021.304894589117
capacity / contracted_maximum_demand,3,left,capacity,A120_U640,TAIL-minus-KDE,0.065832084549287004,5054.0323060939481
capacity / contracted_maximum_demand,3,right,contracted_maximum_demand,A120_U540,TAIL-minus-KDE,0.065832084549287004,-18375.354048697329
capacity / contracted_maximum_demand,3,left,capacity,A120_U640,GEV-minus-KDE,0.065832084549287004,6745.6118904835384
capacity / contracted_maximum_demand,3,right,contracted_maximum_demand,A120_U540,GEV-minus-KDE,0.065832084549287004,-10187.944152661075
capacity / contracted_maximum_demand,4,left,capacity,A120_U640,TAIL-minus-KDE,0.065832084549287004,5054.0323060939481
capacity / contracted_maximum_demand,4,right,contracted_maximum_demand,A120_U560,TAIL-minus-KDE,0.065832084549287004,-19792.413611864289
capacity / contracted_maximum_demand,4,left,capacity,A120_U640,GEV-minus-KDE,0.065832084549287004,6745.6118904835384
capacity / contracted_maximum_demand,4,right,contracted_maximum_demand,A120_U560,GEV-minus-KDE,0.065832084549287004,-9966.0798056708518
capacity / contracted_maximum_demand,5,left,capacity,A120_U640,TAIL-minus-KDE,0.065832084549287004,5054.0323060939481
capacity / contracted_maximum_demand,5,right,contracted_maximum_demand,A120_U580,TAIL-minus-KDE,0.065832084549287004,-25804.161171616703
capacity / contracted_maximum_demand,5,left,capacity,A120_U640,GEV-minus-KDE,0.065832084549287004,6745.6118904835384
capacity / contracted_maximum_demand,5,right,contracted_maximum_demand,A120_U580,GEV-minus-KDE,0.065832084549287004,-12371.082018465873
capacity / contracted_maximum_demand,6,left,capacity,A120_U640,TAIL-minus-KDE,0.065832084549287004,5054.0323060939481
capacity / contracted_maximum_demand,6,right,contracted_maximum_demand,A120_U600,TAIL-minus-KDE,0.065832084549287004,-21238.321198220445
capacity / contracted_maximum_demand,6,left,capacity,A120_U640,GEV-minus-KDE,0.065832084549287004,6745.6118904835384
capacity / contracted_maximum_demand,6,right,contracted_maximum_demand,A120_U600,GEV-minus-KDE,0.065832084549287004,-11959.951341175518
capacity / contracted_maximum_demand,7,left,capacity,A120_U640,TAIL-minus-KDE,0.065832084549287004,5054.0323060939481
capacity / contracted_maximum_demand,7,right,contracted_maximum_demand,A120_U620,TAIL-minus-KDE,0.065832084549287004,-15673.212882116495
capacity / contracted_maximum_demand,7,left,capacity,A120_U640,GEV-minus-KDE,0.065832084549287004,6745.6118904835384
capacity / contracted_maximum_demand,7,right,contracted_maximum_demand,A120_U620,GEV-minus-KDE,0.065832084549287004,-9183.278732888677
capacity / contracted_maximum_demand,8,left,capacity,A120_U640,TAIL-minus-KDE,0.0985624184636094,5054.0323060939481
capacity / contracted_maximum_demand,8,right,contracted_maximum_demand,A120_U480,TAIL-minus-KDE,0.0985624184636094,-19384.963379708948
capacity / contracted_maximum_demand,8,left,capacity,A120_U640,GEV-minus-KDE,0.0985624184636094,6745.6118904835384
capacity / contracted_maximum_demand,8,right,contracted_maximum_demand,A120_U480,GEV-minus-KDE,0.0985624184636094,-12330.644462617187
capacity / contracted_maximum_demand,9,left,capacity,A105_U640,TAIL-minus-KDE,0.51701819268725346,0
capacity / contracted_maximum_demand,9,right,contracted_maximum_demand,A120_U500,TAIL-minus-KDE,0.51701819268725346,-18717.61627890652
capacity / contracted_maximum_demand,9,left,capacity,A105_U640,GEV-minus-KDE,0.51701819268725346,0
capacity / contracted_maximum_demand,9,right,contracted_maximum_demand,A120_U500,GEV-minus-KDE,0.51701819268725346,-12824.146879265729
capacity / contracted_maximum_demand,10,left,capacity,A105_U640,TAIL-minus-KDE,0.51701819268725346,0
capacity / contracted_maximum_demand,10,right,contracted_maximum_demand,A120_U520,TAIL-minus-KDE,0.51701819268725346,-16904.371717082475
capacity / contracted_maximum_demand,10,left,capacity,A105_U640,GEV-minus-KDE,0.51701819268725346,0
capacity / contracted_maximum_demand,10,right,contracted_maximum_demand,A120_U520,GEV-minus-KDE,0.51701819268725346,-10021.304894589117
