cell_id,alpha,utilization,oracle_mode,oracle_margin_cny,oracle_best_value_cny
BASE_ACTUAL_NEAR,1.05,0.62,actual_maximum_demand,43036.075593709946,5336473.3736200482
BASE_CAPACITY_NEAR,1.05,0.63,capacity,42352.963282697841,5294120.4103373503
STRESS_ACTUAL_CLEAR,1.2,0.40000000000000002,actual_maximum_demand,318649.43913878035,5336473.3736200482
STRESS_ACTUAL_NEAR,1.2,0.45000000000000001,actual_maximum_demand,4962.1142620984474,5336473.3736200482
STRESS_CONTRACT_NEAR_LOW,1.2,0.45500000000000002,contracted_maximum_demand,11861.451992777176,5324611.921627271
STRESS_CONTRACT_CLEAR,1.2,0.625,contracted_maximum_demand,60408.270812516101,5276065.1028075321
STRESS_CONTRACT_NEAR_HIGH,1.2,0.63,contracted_maximum_demand,18055.307529818267,5276065.1028075321
STRESS_CAPACITY_NEAR,1.2,0.63500000000000001,capacity,23630.679953153245,5252434.4228543788
STRESS_CAPACITY_CLEAR,1.2,0.69999999999999996,capacity,511356.73350391717,4764708.3693036148
