replication_id,EMP,EVENT-EMP,history_upper_endpoint_kw
0,253460.71333654967,253460.71333654967,253460.71333654967
1,205531.20074558567,205531.20074558567,205531.20074558567
2,220070.85422187005,220070.85422187005,220070.85422187005
3,222595.99333847719,222595.99333847719,222595.99333847716
4,239365.36461583531,239365.36461583531,239365.36461583528
5,211412.2546975869,211412.2546975869,211412.2546975869
6,207509.96803708543,207509.96803708543,207509.96803708543
7,213853.0777191988,213853.0777191988,213853.0777191988
8,225346.21505471889,225346.21505471889,225346.21505471889
9,217153.86155372599,217153.86155372599,217153.86155372599
10,168721.96052935161,168721.96052935161,168721.96052935161
11,209355.01390293083,209355.01390293083,209355.01390293083
12,243386.92971060687,243386.92971060687,243386.92971060687
13,224113.19883491023,224113.19883491023,224113.19883491023
14,220969.61484060407,220969.61484060407,220969.61484060407
15,240218.37956681868,240218.37956681868,240218.37956681868
16,262971.98064638965,262971.98064638965,262971.98064638965
17,280230.31880663184,280230.31880663184,280230.31880663184
18,211683.58062089569,211683.58062089569,211683.58062089569
19,262412.03720194043,262412.03720194043,262412.03720194043
20,213050.83619837119,213050.83619837119,213050.83619837119
21,214209.87496653723,214209.87496653723,214209.87496653723
22,213482.55163108691,213482.55163108691,213482.55163108688
23,298842.31991801248,298842.31991801248,298842.31991801248
24,214372.36378478628,214372.36378478628,214372.36378478628
25,325606.67963178293,325606.67963178293,325606.67963178293
26,265819.95376265544,265819.95376265544,265819.95376265544
27,194189.87115136383,194189.87115136383,194189.87115136383
28,220779.12358941487,220779.12358941487,220779.12358941487
29,223984.99624958707,223984.99624958707,223984.99624958707
30,201203.48569496576,201203.48569496576,201203.48569496576
31,244689.30633193409,244689.30633193409,244689.30633193409
32,178337.36033710052,178337.36033710052,178337.36033710052
33,166257.99375681297,166257.99375681297,166257.99375681297
34,305924.3793490692,305924.3793490692,305924.3793490692
35,392996.72395309969,392996.72395309969,392996.72395309969
36,223013.19467460559,223013.19467460559,223013.19467460559
37,241423.90260904719,241423.90260904719,241423.90260904716
38,248142.27716009787,248142.27716009787,248142.27716009787
39,196932.6491061413,196932.6491061413,196932.6491061413
40,227345.69872035549,227345.69872035549,227345.69872035549
41,198925.2749131718,198925.2749131718,198925.2749131718
42,260737.04352495875,260737.04352495875,260737.04352495875
43,215842.06702162331,215842.06702162331,215842.06702162328
44,208407.39691427481,208407.39691427481,208407.39691427481
45,252318.1518737853,252318.1518737853,252318.1518737853
46,219587.13007093943,219587.13007093943,219587.13007093943
47,244383.109236488,244383.109236488,244383.10923648797
48,301986.0503380507,301986.0503380507,301986.0503380507
49,182601.72084382729,182601.72084382729,182601.72084382729
50,191303.23336351541,191303.23336351541,191303.23336351541
51,239615.92699200747,239615.92699200747,239615.92699200747
52,221511.3614450772,221511.3614450772,221511.3614450772
53,240685.22584368687,240685.22584368687,240685.22584368687
54,163890.93233124787,163890.93233124787,163890.93233124787
55,276895.86353569326,276895.86353569326,276895.86353569326
56,231561.36995567923,231561.36995567923,231561.36995567923
57,227606.65817239985,227606.65817239985,227606.65817239985
58,242738.28479193733,242738.28479193733,242738.28479193733
59,199975.05843993241,199975.05843993241,199975.05843993241
60,245762.73492819132,245762.73492819132,245762.73492819135
61,201160.17657463072,201160.17657463072,201160.17657463072
62,249665.54263326959,249665.54263326959,249665.54263326959
63,296360.44047074893,296360.44047074893,296360.44047074893
64,218195.10181800707,218195.10181800707,218195.10181800707
65,202880.98569365084,202880.98569365084,202880.98569365084
66,184709.61129290331,184709.61129290331,184709.61129290328
67,233111.43442810548,233111.43442810548,233111.43442810548
68,246827.03623554663,246827.03623554663,246827.03623554663
69,217026.83440075611,217026.83440075611,217026.83440075611
70,202638.12104738611,202638.12104738611,202638.12104738611
71,216901.30508419999,216901.30508419999,216901.30508419999
72,220898.35888557203,220898.35888557203,220898.35888557203
73,211428.97325518183,211428.97325518183,211428.97325518183
74,219156.82716542919,219156.82716542919,219156.82716542919
75,204176.001660768,204176.001660768,204176.001660768
76,224550.11905408319,224550.11905408319,224550.11905408319
77,349347.08235366165,349347.08235366165,349347.08235366165
78,212769.68689140159,212769.68689140159,212769.68689140159
79,222341.08228289767,222341.08228289767,222341.08228289767
80,209818.73942558403,209818.73942558403,209818.73942558403
81,244289.40024150829,244289.40024150829,244289.40024150829
82,228985.35879960065,228985.35879960065,228985.35879960065
83,248155.96269023209,248155.96269023209,248155.96269023212
84,260642.33466770439,260642.33466770439,260642.33466770436
85,259189.05913534644,259189.05913534644,259189.05913534644
86,276785.47202903329,276785.47202903329,276785.47202903329
87,301834.90485342243,301834.90485342243,301834.90485342243
88,390265.6686313817,390265.6686313817,390265.6686313817
89,232283.43252246728,232283.43252246728,232283.43252246728
90,183111.05779257973,183111.05779257973,183111.05779257973
91,245173.34897660799,245173.34897660799,245173.34897660799
92,235269.78983022689,235269.78983022689,235269.78983022692
93,228712.77614286929,228712.77614286929,228712.77614286932
94,243119.68514726852,243119.68514726852,243119.68514726855
95,186154.2352598313,186154.2352598313,186154.2352598313
96,196847.61244531811,196847.61244531811,196847.61244531811
97,240313.45236392532,240313.45236392532,240313.45236392535
98,213557.09347925411,213557.09347925411,213557.09347925411
99,229750.42823567329,229750.42823567329,229750.42823567329
100,353349.71947861562,353349.71947861562,353349.71947861562
101,246780.10541688348,246780.10541688348,246780.10541688348
102,199749.12207071207,199749.12207071207,199749.12207071212
103,235585.40192532219,235585.40192532219,235585.40192532216
104,226311.88814157929,226311.88814157929,226311.88814157931
105,218087.37058477639,218087.37058477639,218087.37058477639
106,308382.26302933739,308382.26302933739,308382.26302933734
107,180007.52124391851,180007.52124391851,180007.52124391851
108,231371.7599512607,231371.7599512607,231371.7599512607
109,249664.9819100828,249664.9819100828,249664.98191008277
110,199692.07043437639,199692.07043437639,199692.07043437639
111,229159.64927133548,229159.64927133548,229159.64927133548
112,210219.15795117209,210219.15795117209,210219.15795117209
113,225014.15171374605,225014.15171374605,225014.15171374605
114,230537.42338170699,230537.42338170699,230537.42338170696
115,220132.15568053201,220132.15568053201,220132.15568053201
116,311875.9324849713,311875.9324849713,311875.9324849713
117,289614.45075020299,289614.45075020299,289614.45075020299
118,236293.84939844481,236293.84939844481,236293.84939844481
119,199507.06303833105,199507.06303833105,199507.06303833105
120,311083.97821216879,311083.97821216879,311083.97821216879
121,377879.55419215898,377879.55419215898,377879.55419215898
122,225516.96749108023,225516.96749108023,225516.96749108023
123,390077.09583394398,390077.09583394398,390077.09583394398
124,231045.41966132051,231045.41966132051,231045.41966132048
125,206974.23329402745,206974.23329402745,206974.23329402745
126,200857.92381450013,200857.92381450013,200857.92381450013
127,208414.02191068971,208414.02191068971,208414.02191068968
128,202408.88075782001,202408.88075782001,202408.88075782001
129,257074.13611479863,257074.13611479863,257074.13611479863
130,188141.06638275285,188141.06638275285,188141.06638275285
131,279108.07428204338,279108.07428204338,279108.07428204338
132,279747.26489482907,279747.26489482907,279747.26489482907
133,236021.45454615969,236021.45454615969,236021.45454615969
134,225973.52065497884,225973.52065497884,225973.52065497884
135,184827.56504703348,184827.56504703348,184827.56504703348
136,281895.1826170258,281895.1826170258,281895.1826170258
137,367727.5549730616,367727.5549730616,367727.5549730616
138,183480.75488897011,183480.75488897011,183480.75488897011
139,235745.14784779371,235745.14784779371,235745.14784779368
140,188322.53659536509,188322.53659536509,188322.53659536509
141,214643.9086768711,214643.9086768711,214643.9086768711
142,196720.52677097352,196720.52677097352,196720.52677097352
143,222377.96424555039,222377.96424555039,222377.96424555039
144,209791.12233613359,209791.12233613359,209791.12233613359
145,194245.37402158653,194245.37402158653,194245.37402158653
146,230697.71634481891,230697.71634481891,230697.71634481891
147,284867.59853372118,284867.59853372118,284867.59853372118
148,213677.27030668009,213677.27030668009,213677.27030668009
149,212722.13489509889,212722.13489509889,212722.13489509892
150,237626.33116835449,237626.33116835449,237626.33116835449
151,255145.5393665868,255145.5393665868,255145.5393665868
152,264299.27586693247,264299.27586693247,264299.27586693247
153,214350.81776393024,214350.81776393024,214350.81776393024
154,273360.16130622057,273360.16130622057,273360.16130622057
155,200021.44707367383,200021.44707367383,200021.44707367383
156,187468.65410952023,187468.65410952023,187468.65410952023
157,238160.9188140895,238160.9188140895,238160.9188140895
158,232754.66074759536,232754.66074759536,232754.66074759536
159,267268.06473024178,267268.06473024178,267268.06473024178
160,198703.26571116532,198703.26571116532,198703.26571116535
161,213030.0339626772,213030.0339626772,213030.0339626772
162,226350.26190373409,226350.26190373409,226350.26190373409
163,192322.41428638253,192322.41428638253,192322.41428638255
164,230651.56660366763,230651.56660366763,230651.56660366763
165,203293.80190498248,203293.80190498248,203293.80190498248
166,204031.1955360109,204031.1955360109,204031.1955360109
167,218639.41903915777,218639.41903915777,218639.41903915777
168,241356.36649622649,241356.36649622649,241356.36649622649
169,194334.02134190543,194334.02134190543,194334.02134190543
170,208252.67416121924,208252.67416121924,208252.67416121924
171,285740.62985664548,285740.62985664548,285740.62985664548
172,226359.65845143469,226359.65845143469,226359.65845143469
173,212527.92921459847,212527.92921459847,212527.92921459852
174,205001.88962200296,205001.88962200296,205001.88962200296
175,180259.95333834947,180259.95333834947,180259.95333834947
176,176126.64184113406,176126.64184113406,176126.64184113406
177,233561.51578664139,233561.51578664139,233561.51578664136
178,229015.38053340919,229015.38053340919,229015.38053340919
179,236207.04229817761,236207.04229817761,236207.04229817761
180,236762.24606092769,236762.24606092769,236762.24606092772
181,303784.47317736025,303784.47317736025,303784.47317736025
182,231872.41846653644,231872.41846653644,231872.41846653644
183,424520.7937984966,424520.7937984966,424520.7937984966
184,190520.59341776944,190520.59341776944,190520.59341776944
185,186231.24271324571,186231.24271324571,186231.24271324571
186,327021.23966614384,327021.23966614384,327021.23966614384
187,202842.78827436813,202842.78827436813,202842.78827436813
188,251069.92614761568,251069.92614761568,251069.92614761568
189,164531.1395082486,164531.1395082486,164531.1395082486
190,304006.22564149619,304006.22564149619,304006.22564149619
191,265545.76444456074,265545.76444456074,265545.76444456074
192,302526.65157702391,302526.65157702391,302526.65157702391
193,235936.79299246141,235936.79299246141,235936.79299246141
194,193573.65911081608,193573.65911081608,193573.65911081608
195,223541.97142014399,223541.97142014399,223541.97142014396
196,279774.3381627599,279774.3381627599,279774.3381627599
197,233280.6797375528,233280.6797375528,233280.6797375528
198,301065.83890566602,301065.83890566602,301065.83890566602
199,254611.18131057511,254611.18131057511,254611.18131057511
200,218296.07504507271,218296.07504507271,218296.07504507271
201,228403.86838462559,228403.86838462559,228403.86838462559
202,237073.35632530009,237073.35632530009,237073.35632530012
203,199467.93284830271,199467.93284830271,199467.93284830271
204,196813.09383022925,196813.09383022925,196813.09383022925
205,307177.369392636,307177.369392636,307177.369392636
206,243568.14501339849,243568.14501339849,243568.14501339852
207,250180.39731889035,250180.39731889035,250180.39731889035
208,192956.42637424785,192956.42637424785,192956.42637424785
209,202865.12423311191,202865.12423311191,202865.12423311191
210,198332.79122356008,198332.79122356008,198332.79122356008
211,318806.18309215381,318806.18309215381,318806.18309215381
212,290074.28101614665,290074.28101614665,290074.28101614665
213,289421.39944841235,289421.39944841235,289421.39944841235
214,252894.1646475544,252894.1646475544,252894.1646475544
215,243317.65919322649,243317.65919322649,243317.65919322649
216,258961.93738810983,258961.93738810983,258961.93738810983
217,196853.85699385469,196853.85699385469,196853.85699385469
218,187442.77804060103,187442.77804060103,187442.77804060103
219,205182.24182142288,205182.24182142288,205182.24182142288
220,306103.78897203301,306103.78897203301,306103.78897203301
221,210038.98351870675,210038.98351870675,210038.98351870675
222,269442.84107902017,269442.84107902017,269442.84107902017
223,210121.18294101919,210121.18294101919,210121.18294101919
224,236169.17393225781,236169.17393225781,236169.17393225781
225,271751.01022761239,271751.01022761239,271751.01022761239
226,248019.11734728003,248019.11734728003,248019.11734728003
227,234259.96061345181,234259.96061345181,234259.96061345181
228,222411.27045772484,222411.27045772484,222411.27045772484
229,250112.795791343,250112.795791343,250112.795791343
230,205231.54502413343,205231.54502413343,205231.54502413343
231,232963.90143471729,232963.90143471729,232963.90143471729
232,186618.63834964321,186618.63834964321,186618.63834964321
233,260701.46092223737,260701.46092223737,260701.46092223737
234,221033.55910886903,221033.55910886903,221033.55910886903
235,243074.79301191459,243074.79301191459,243074.79301191456
236,271853.65409465221,271853.65409465221,271853.65409465221
237,256984.12371083,256984.12371083,256984.12371083
238,224846.37799072129,224846.37799072129,224846.37799072129
239,221928.86704445089,221928.86704445089,221928.86704445089
240,191961.47108713721,191961.47108713721,191961.47108713721
241,199131.71483950707,199131.71483950707,199131.71483950707
242,197315.68740671489,197315.68740671489,197315.68740671492
243,234597.56523766619,234597.56523766619,234597.56523766616
244,214659.11940824345,214659.11940824345,214659.11940824345
245,204872.03316889817,204872.03316889817,204872.03316889817
246,236128.58733980512,236128.58733980512,236128.58733980512
247,192155.54706554959,192155.54706554959,192155.54706554956
248,229057.53315956501,229057.53315956501,229057.53315956501
249,266019.47409625363,266019.47409625363,266019.47409625363
250,211225.70951731937,211225.70951731937,211225.70951731937
251,260616.55726577944,260616.55726577944,260616.55726577944
252,190681.87503875719,190681.87503875719,190681.87503875719
253,209114.72962871648,209114.72962871648,209114.72962871648
254,211557.00043779536,211557.00043779536,211557.00043779536
255,210571.53347954943,210571.53347954943,210571.53347954943
256,271946.85443324322,271946.85443324322,271946.85443324322
257,194060.13206008915,194060.13206008915,194060.13206008915
258,267139.99906172568,267139.99906172568,267139.99906172568
259,221024.01615721104,221024.01615721104,221024.01615721104
260,217286.00971246167,217286.00971246167,217286.00971246167
261,198727.79048139049,198727.79048139049,198727.79048139049
262,266377.51611354179,266377.51611354179,266377.51611354179
263,198088.29586410371,198088.29586410371,198088.29586410368
264,202286.23235557968,202286.23235557968,202286.23235557968
265,172661.91564357042,172661.91564357042,172661.91564357042
266,218209.40405167453,218209.40405167453,218209.40405167453
267,218520.23440367251,218520.23440367251,218520.23440367251
268,225900.64646467369,225900.64646467369,225900.64646467369
269,213480.14639747809,213480.14639747809,213480.14639747809
270,214183.7699317628,214183.7699317628,214183.7699317628
271,400087.39135880681,400087.39135880681,400087.39135880681
272,231485.02913967625,231485.02913967625,231485.02913967625
273,279077.95690599777,279077.95690599777,279077.95690599777
274,214922.62885090263,214922.62885090263,214922.62885090263
275,165500.06357659437,165500.06357659437,165500.06357659437
276,291859.89938852284,291859.89938852284,291859.89938852284
277,209698.36137211043,209698.36137211043,209698.36137211043
278,211549.75865144288,211549.75865144288,211549.75865144288
279,198117.67502685211,198117.67502685211,198117.67502685208
280,274202.64441451954,274202.64441451954,274202.64441451954
281,235562.13989537681,235562.13989537681,235562.13989537681
282,195417.50582088009,195417.50582088009,195417.50582088009
283,234479.69844479489,234479.69844479489,234479.69844479492
284,229119.08124427343,229119.08124427343,229119.08124427343
285,255430.1890292305,255430.1890292305,255430.1890292305
286,350174.49553577253,350174.49553577253,350174.49553577253
287,277521.20535605098,277521.20535605098,277521.20535605098
288,225496.91845576611,225496.91845576611,225496.91845576608
289,245174.58278947609,245174.58278947609,245174.58278947609
290,233099.13362358377,233099.13362358377,233099.13362358377
291,220769.43267750065,220769.43267750065,220769.43267750065
292,367885.81422439538,367885.81422439538,367885.81422439538
293,194863.15503099468,194863.15503099468,194863.15503099468
294,203053.0407777564,203053.0407777564,203053.0407777564
295,234138.84642845468,234138.84642845468,234138.84642845468
296,286879.20674389659,286879.20674389659,286879.20674389653
297,260174.10583347155,260174.10583347155,260174.10583347155
298,268292.13767117617,268292.13767117617,268292.13767117617
299,364173.22744066507,364173.22744066507,364173.22744066507
300,211881.66060660011,211881.66060660011,211881.66060660011
301,291382.33237169986,291382.33237169986,291382.33237169986
302,202845.93795699609,202845.93795699609,202845.93795699609
303,252117.56847002459,252117.56847002459,252117.56847002456
304,182830.25011301905,182830.25011301905,182830.25011301905
305,174849.69316222006,174849.69316222006,174849.69316222006
306,247666.39410966204,247666.39410966204,247666.39410966204
307,245461.75598285405,245461.75598285405,245461.75598285405
308,243957.38856903039,243957.38856903039,243957.38856903039
309,181886.26686513203,181886.26686513203,181886.26686513203
310,192418.77578050183,192418.77578050183,192418.77578050183
311,221340.97786419056,221340.97786419056,221340.97786419056
312,289118.66905118944,289118.66905118944,289118.66905118944
313,181128.82809561599,181128.82809561599,181128.82809561599
314,253577.42401263359,253577.42401263359,253577.42401263359
315,276643.90937744372,276643.90937744372,276643.90937744366
316,229852.39018653784,229852.39018653784,229852.39018653784
317,229377.30173080185,229377.30173080185,229377.30173080185
318,229577.13536344795,229577.13536344795,229577.13536344795
319,206197.45326363377,206197.45326363377,206197.45326363377
320,223446.05131061663,223446.05131061663,223446.05131061663
321,202676.16396180459,202676.16396180459,202676.16396180456
322,288476.38913592475,288476.38913592475,288476.38913592475
323,197678.68297137809,197678.68297137809,197678.68297137809
324,211713.49779343608,211713.49779343608,211713.49779343608
325,211245.53001605009,211245.53001605009,211245.53001605009
326,216669.52339457133,216669.52339457133,216669.52339457133
327,212286.84378561136,212286.84378561136,212286.84378561136
328,191972.61651485239,191972.61651485239,191972.61651485236
329,250690.92759550505,250690.92759550505,250690.92759550505
330,240837.38290706289,240837.38290706289,240837.38290706289
331,253713.54498488639,253713.54498488639,253713.54498488639
332,259516.84694907689,259516.84694907689,259516.84694907689
333,296624.59273540694,296624.59273540694,296624.59273540694
334,194858.51388306441,194858.51388306441,194858.51388306441
335,190931.38705431999,190931.38705431999,190931.38705431999
336,203454.15099062209,203454.15099062209,203454.15099062209
337,235904.626431048,235904.626431048,235904.626431048
338,202530.91119216601,202530.91119216601,202530.91119216601
339,196750.60595684769,196750.60595684769,196750.60595684769
340,214598.14005042697,214598.14005042697,214598.14005042697
341,296771.7459539728,296771.7459539728,296771.7459539728
342,178112.45280005995,178112.45280005995,178112.45280005995
343,237610.74188005351,237610.74188005351,237610.74188005351
344,218210.38651274925,218210.38651274925,218210.38651274925
345,197318.10730785283,197318.10730785283,197318.10730785283
346,198042.01533755256,198042.01533755256,198042.01533755256
347,201842.93099334239,201842.93099334239,201842.93099334236
348,245284.89910705105,245284.89910705105,245284.89910705105
349,196686.38805271004,196686.38805271004,196686.38805271004
350,360683.31286986551,360683.31286986551,360683.31286986551
351,238415.00780905489,238415.00780905489,238415.00780905489
352,248407.12839321463,248407.12839321463,248407.12839321463
353,224120.92030618401,224120.92030618401,224120.92030618401
354,200106.76497440119,200106.76497440119,200106.76497440119
355,270646.44337523927,270646.44337523927,270646.44337523927
356,230321.83907612905,230321.83907612905,230321.83907612905
357,190630.12619722064,190630.12619722064,190630.12619722064
358,211726.40620894672,211726.40620894672,211726.40620894672
359,233311.95979092416,233311.95979092416,233311.95979092416
360,243989.88964902857,243989.88964902857,243989.88964902857
361,227949.32058526363,227949.32058526363,227949.32058526363
362,181503.09992288705,181503.09992288705,181503.09992288705
363,177490.51400746556,177490.51400746556,177490.51400746556
364,265736.94420355069,265736.94420355069,265736.94420355069
365,252413.10297593492,252413.10297593492,252413.10297593495
366,224674.91774269004,224674.91774269004,224674.91774269004
367,224697.68404569465,224697.68404569465,224697.68404569465
368,207404.45516503937,207404.45516503937,207404.45516503937
369,241165.8011232164,241165.8011232164,241165.8011232164
370,191454.0716694463,191454.0716694463,191454.0716694463
371,240947.7721950472,240947.7721950472,240947.7721950472
372,191447.47160158656,191447.47160158656,191447.47160158656
373,259497.82492251048,259497.82492251048,259497.82492251048
374,269002.57143827406,269002.57143827406,269002.57143827406
375,208600.32955485565,208600.32955485565,208600.32955485565
376,201545.56498814031,201545.56498814031,201545.56498814031
377,257364.725217667,257364.725217667,257364.725217667
378,240043.01282813199,240043.01282813199,240043.01282813199
379,173952.11153335715,173952.11153335715,173952.11153335715
380,219790.91035901173,219790.91035901173,219790.91035901173
381,203749.98419426192,203749.98419426192,203749.98419426192
382,176051.30638869712,176051.30638869712,176051.30638869712
383,234676.3284587411,234676.3284587411,234676.3284587411
384,300074.43513720355,300074.43513720355,300074.43513720355
385,200838.67460012549,200838.67460012549,200838.67460012549
386,197998.94492343249,197998.94492343249,197998.94492343249
387,268453.10462370323,268453.10462370323,268453.10462370323
388,197011.56236794303,197011.56236794303,197011.56236794303
389,198323.46518878965,198323.46518878965,198323.46518878965
390,299738.21570940962,299738.21570940962,299738.21570940962
391,187060.147711723,187060.147711723,187060.147711723
392,179257.81205124577,179257.81205124577,179257.81205124577
393,255164.66361424001,255164.66361424001,255164.66361424001
394,234896.98024006264,234896.98024006264,234896.98024006264
395,445766.70084999938,445766.70084999938,445766.70084999938
396,216609.39180917072,216609.39180917072,216609.39180917072
397,211309.34947945765,211309.34947945765,211309.34947945765
398,243174.75753289371,243174.75753289371,243174.75753289368
399,205277.93790314285,205277.93790314285,205277.93790314285
400,206709.82947970129,206709.82947970129,206709.82947970129
401,274834.60240234662,274834.60240234662,274834.60240234662
402,214195.43204486289,214195.43204486289,214195.43204486289
403,255786.93228175657,255786.93228175657,255786.93228175657
404,273377.69746100961,273377.69746100961,273377.69746100961
405,375618.66265697632,375618.66265697632,375618.66265697632
406,200688.1995036187,200688.1995036187,200688.1995036187
407,198452.78829352025,198452.78829352025,198452.78829352025
408,201835.17709007816,201835.17709007816,201835.17709007816
409,225590.42088433047,225590.42088433047,225590.42088433047
410,197661.960283066,197661.960283066,197661.960283066
411,346018.40680276381,346018.40680276381,346018.40680276381
412,204899.92030142352,204899.92030142352,204899.92030142352
413,319512.73261572613,319512.73261572613,319512.73261572613
414,197638.99711835521,197638.99711835521,197638.99711835521
415,231575.65873242999,231575.65873242999,231575.65873242999
416,219783.47837980129,219783.47837980129,219783.47837980129
417,408386.75424972182,408386.75424972182,408386.75424972177
418,340021.46285778179,340021.46285778179,340021.46285778173
419,229070.04927626127,229070.04927626127,229070.04927626127
420,249164.16571972039,249164.16571972039,249164.16571972039
421,232822.36658641748,232822.36658641748,232822.36658641748
422,312746.73730390926,312746.73730390926,312746.73730390926
423,332286.91204801307,332286.91204801307,332286.91204801307
424,176842.99940478645,176842.99940478645,176842.99940478645
425,220570.88463759329,220570.88463759329,220570.88463759329
426,221917.12125017439,221917.12125017439,221917.12125017439
427,195470.6580695984,195470.6580695984,195470.6580695984
428,223388.28800250319,223388.28800250319,223388.28800250319
429,335007.64379368228,335007.64379368228,335007.64379368228
430,214951.3869611384,214951.3869611384,214951.38696113837
431,199847.26439491881,199847.26439491881,199847.26439491881
432,263419.92451605207,263419.92451605207,263419.92451605207
433,250082.82307445284,250082.82307445284,250082.82307445284
434,241777.7144746164,241777.7144746164,241777.7144746164
435,233309.41264536488,233309.41264536488,233309.41264536488
436,193418.03130752392,193418.03130752392,193418.03130752392
437,213642.5527596162,213642.5527596162,213642.5527596162
438,243284.91819347229,243284.91819347229,243284.91819347229
439,198806.3669927257,198806.3669927257,198806.3669927257
440,354619.3529786882,354619.3529786882,354619.3529786882
441,190332.31634845704,190332.31634845704,190332.31634845704
442,193304.39533190409,193304.39533190409,193304.39533190409
443,284748.16129632265,284748.16129632265,284748.16129632265
444,309086.28860824986,309086.28860824986,309086.28860824986
445,272823.44422557129,272823.44422557129,272823.44422557129
446,326159.52060646622,326159.52060646622,326159.52060646622
447,240773.37073654091,240773.37073654091,240773.37073654091
448,203612.88037761199,203612.88037761199,203612.88037761199
449,368233.1739282108,368233.1739282108,368233.1739282108
450,247835.82474173585,247835.82474173585,247835.82474173585
451,182599.92429211052,182599.92429211052,182599.92429211055
452,259773.71080013204,259773.71080013204,259773.71080013204
453,306185.28910060867,306185.28910060867,306185.28910060867
454,248912.7758031156,248912.7758031156,248912.77580311557
455,240919.02668288985,240919.02668288985,240919.02668288985
456,182942.8524181456,182942.8524181456,182942.8524181456
457,306879.24190870312,306879.24190870312,306879.24190870312
458,247478.17873422621,247478.17873422621,247478.17873422621
459,195734.80597844321,195734.80597844321,195734.80597844321
460,197238.60940642623,197238.60940642623,197238.60940642623
461,240430.30664188068,240430.30664188068,240430.30664188068
462,204148.3666790303,204148.3666790303,204148.3666790303
463,287495.744792927,287495.744792927,287495.744792927
464,192828.21736455651,192828.21736455651,192828.21736455648
465,235337.03491391451,235337.03491391451,235337.03491391448
466,190056.49499349296,190056.49499349296,190056.49499349296
467,218387.23740696043,218387.23740696043,218387.23740696043
468,185711.49355468404,185711.49355468404,185711.49355468404
469,420606.901200958,420606.901200958,420606.901200958
470,218581.91067740851,218581.91067740851,218581.91067740851
471,188700.73978350853,188700.73978350853,188700.73978350853
472,237687.83755294909,237687.83755294909,237687.83755294909
473,254679.06617980736,254679.06617980736,254679.06617980736
474,260417.27672637932,260417.27672637932,260417.27672637935
475,395216.64681072411,395216.64681072411,395216.64681072411
476,225339.95829936201,225339.95829936201,225339.95829936201
477,460194.11866429652,460194.11866429652,460194.11866429646
478,209786.14631139691,209786.14631139691,209786.14631139688
479,244690.42505454607,244690.42505454607,244690.42505454607
480,176712.97961135145,176712.97961135145,176712.97961135145
481,252650.79784944217,252650.79784944217,252650.79784944217
482,203776.56824087439,203776.56824087439,203776.56824087436
483,225290.08803418925,225290.08803418925,225290.08803418925
484,192315.52978324657,192315.52978324657,192315.52978324657
485,535837.09670866537,535837.09670866537,535837.09670866537
486,273631.95732658531,273631.95732658531,273631.95732658525
487,182834.90763073711,182834.90763073711,182834.90763073711
488,361601.92594279762,361601.92594279762,361601.92594279762
489,209803.39942070004,209803.39942070004,209803.39942070004
490,201026.89505476257,201026.89505476257,201026.89505476257
491,336014.79015683883,336014.79015683883,336014.79015683883
492,235923.72176461856,235923.72176461856,235923.72176461856
493,186763.24436754439,186763.24436754439,186763.24436754439
494,221297.44284833749,221297.44284833749,221297.44284833749
495,244313.52841217769,244313.52841217769,244313.52841217772
496,251783.51396351488,251783.51396351488,251783.51396351488
497,352943.02792251622,352943.02792251622,352943.02792251622
498,241347.68767674619,241347.68767674619,241347.68767674617
499,189217.77852666989,189217.77852666989,189217.77852666989
500,261298.52989986289,261298.52989986289,261298.52989986289
501,272309.6261432356,272309.6261432356,272309.6261432356
502,190959.96111263809,190959.96111263809,190959.96111263809
503,216941.26687242649,216941.26687242649,216941.26687242647
504,253194.13090846012,253194.13090846012,253194.13090846015
505,256133.32258887056,256133.32258887056,256133.32258887056
506,204127.46836235863,204127.46836235863,204127.46836235863
507,196241.02060930879,196241.02060930879,196241.02060930876
508,231569.5843067276,231569.5843067276,231569.5843067276
509,252130.31492430667,252130.31492430667,252130.31492430667
510,211714.14921073601,211714.14921073601,211714.14921073601
511,227250.30585048479,227250.30585048479,227250.30585048479
512,196181.65661175089,196181.65661175089,196181.65661175092
513,219489.61689433284,219489.61689433284,219489.61689433284
514,252755.28083643541,252755.28083643541,252755.28083643541
515,248297.71215591559,248297.71215591559,248297.71215591559
516,341271.18129665282,341271.18129665282,341271.18129665282
517,183093.62052325011,183093.62052325011,183093.62052325011
518,255255.36342808188,255255.36342808188,255255.36342808188
519,213886.22994572896,213886.22994572896,213886.22994572896
520,184846.01515109651,184846.01515109651,184846.01515109648
521,221133.35540820772,221133.35540820772,221133.35540820775
522,229098.47866886307,229098.47866886307,229098.47866886307
523,216508.26383706051,216508.26383706051,216508.26383706051
524,311018.42871872871,311018.42871872871,311018.42871872871
525,211882.01678597232,211882.01678597232,211882.01678597232
526,327914.192818093,327914.192818093,327914.192818093
527,195677.62290320767,195677.62290320767,195677.62290320767
528,209414.27384498599,209414.27384498599,209414.27384498596
529,214449.12763526241,214449.12763526241,214449.12763526241
530,239945.43818766059,239945.43818766059,239945.43818766056
531,214652.57902886599,214652.57902886599,214652.57902886596
532,222232.55061373519,222232.55061373519,222232.55061373519
533,224780.13565329404,224780.13565329404,224780.13565329404
534,206132.63237985599,206132.63237985599,206132.63237985596
535,222740.23371482885,222740.23371482885,222740.23371482885
536,258722.09055626875,258722.09055626875,258722.09055626875
537,230868.16120770693,230868.16120770693,230868.16120770693
538,244699.65831563729,244699.65831563729,244699.65831563729
539,225461.91855186163,225461.91855186163,225461.91855186163
540,198262.45604028972,198262.45604028972,198262.45604028975
541,226981.5552734425,226981.5552734425,226981.5552734425
542,204345.46965895523,204345.46965895523,204345.46965895523
543,272128.07975835761,272128.07975835761,272128.07975835761
544,255829.3722478392,255829.3722478392,255829.37224783917
545,181125.96767982256,181125.96767982256,181125.96767982256
546,271364.38021407818,271364.38021407818,271364.38021407818
547,624473.38676528051,624473.38676528051,624473.38676528051
548,211870.44473508871,211870.44473508871,211870.44473508871
549,180490.41162020483,180490.41162020483,180490.41162020483
550,201172.13717796039,201172.13717796039,201172.13717796039
551,560717.17876384547,560717.17876384547,560717.17876384547
552,243671.09921394932,243671.09921394932,243671.09921394935
553,282826.6827922563,282826.6827922563,282826.6827922563
554,239225.80439143561,239225.80439143561,239225.80439143561
555,219156.6282383707,219156.6282383707,219156.6282383707
556,256509.07001922809,256509.07001922809,256509.07001922812
557,236059.56453748388,236059.56453748388,236059.56453748388
558,205348.82528333657,205348.82528333657,205348.82528333657
559,225942.0491338076,225942.0491338076,225942.0491338076
560,188957.01630487552,188957.01630487552,188957.01630487552
561,207024.62629929525,207024.62629929525,207024.62629929525
562,240141.6300830179,240141.6300830179,240141.6300830179
563,176609.37901891401,176609.37901891401,176609.37901891401
564,189500.11209196044,189500.11209196044,189500.11209196044
565,242732.33288373699,242732.33288373699,242732.33288373696
566,196808.66939570184,196808.66939570184,196808.66939570184
567,221643.2551459466,221643.2551459466,221643.2551459466
568,270676.32832875254,270676.32832875254,270676.32832875254
569,295289.09860129183,295289.09860129183,295289.09860129183
570,472076.32031894935,472076.32031894935,472076.32031894935
571,242354.67475676161,242354.67475676161,242354.67475676161
572,226412.93694824493,226412.93694824493,226412.93694824493
573,185552.03954568732,185552.03954568732,185552.03954568735
574,229020.98334285081,229020.98334285081,229020.98334285076
575,231777.81964057879,231777.81964057879,231777.81964057879
576,230567.2661637011,230567.2661637011,230567.2661637011
577,209387.51610568297,209387.51610568297,209387.51610568297
578,227943.85756574941,227943.85756574941,227943.85756574941
579,203975.53337909991,203975.53337909991,203975.53337909991
580,208196.65918845791,208196.65918845791,208196.65918845791
581,217700.00678536491,217700.00678536491,217700.00678536491
582,231583.44560713231,231583.44560713231,231583.44560713231
583,205152.45411967207,205152.45411967207,205152.45411967207
584,298638.70577728807,298638.70577728807,298638.70577728807
585,295748.83668073599,295748.83668073599,295748.83668073599
586,266155.54288251232,266155.54288251232,266155.54288251232
587,258282.37155333321,258282.37155333321,258282.37155333316
588,236997.96161069503,236997.96161069503,236997.96161069503
589,233604.14310947785,233604.14310947785,233604.14310947785
590,199350.11774191345,199350.11774191345,199350.11774191345
591,239544.7653336692,239544.7653336692,239544.76533366917
592,186975.01710014133,186975.01710014133,186975.01710014135
593,233800.80273059712,233800.80273059712,233800.80273059712
594,215216.5623966812,215216.5623966812,215216.56239668117
595,198503.27339782065,198503.27339782065,198503.27339782065
596,265684.86952817813,265684.86952817813,265684.86952817813
597,175724.72599536914,175724.72599536914,175724.72599536914
598,188082.17066871785,188082.17066871785,188082.17066871785
599,247891.63430444809,247891.63430444809,247891.63430444812
600,194607.6475890865,194607.6475890865,194607.6475890865
601,263402.47858005995,263402.47858005995,263402.47858005995
602,212163.70428211705,212163.70428211705,212163.70428211705
603,227404.27129330041,227404.27129330041,227404.27129330041
604,184424.79307177479,184424.79307177479,184424.79307177479
605,217734.15605157599,217734.15605157599,217734.15605157599
606,235250.16886525587,235250.16886525587,235250.16886525587
607,201231.24696712947,201231.24696712947,201231.24696712947
608,267839.24108573369,267839.24108573369,267839.24108573369
609,305261.52969125501,305261.52969125501,305261.52969125501
610,305243.59422645497,305243.59422645497,305243.59422645497
611,239524.5676570858,239524.5676570858,239524.5676570858
612,245882.02501745825,245882.02501745825,245882.02501745825
613,243698.90060169791,243698.90060169791,243698.90060169791
614,292882.00273188902,292882.00273188902,292882.00273188902
615,272375.54997852736,272375.54997852736,272375.54997852736
616,236482.06396143523,236482.06396143523,236482.06396143523
617,215100.78440512149,215100.78440512149,215100.78440512149
618,202892.46920854339,202892.46920854339,202892.46920854336
619,215498.21375885105,215498.21375885105,215498.21375885105
620,220131.51187460049,220131.51187460049,220131.51187460049
621,169673.25665036929,169673.25665036929,169673.25665036929
622,187175.49122408428,187175.49122408428,187175.49122408428
623,229635.90961964059,229635.90961964059,229635.90961964056
624,259066.5814242248,259066.5814242248,259066.5814242248
625,212893.38971027583,212893.38971027583,212893.38971027583
626,190426.36885944431,190426.36885944431,190426.36885944431
627,241539.06819441385,241539.06819441385,241539.06819441385
628,205074.614123254,205074.614123254,205074.61412325397
629,220992.85273017164,220992.85273017164,220992.85273017164
630,207922.26223823533,207922.26223823533,207922.26223823533
631,316833.95415622951,316833.95415622951,316833.95415622951
632,200708.45108977167,200708.45108977167,200708.45108977167
633,173645.80402003432,173645.80402003432,173645.80402003432
634,371259.51944326988,371259.51944326988,371259.51944326982
635,276654.7716794989,276654.7716794989,276654.7716794989
636,308955.91834074608,308955.91834074608,308955.91834074608
637,215986.8262692414,215986.8262692414,215986.8262692414
638,250263.29721295708,250263.29721295708,250263.29721295708
639,322362.25191369443,322362.25191369443,322362.25191369443
640,268857.95999775478,268857.95999775478,268857.95999775478
641,233528.51949617523,233528.51949617523,233528.51949617523
642,211241.60698237989,211241.60698237989,211241.60698237989
643,288853.87319099699,288853.87319099699,288853.87319099694
644,181794.6136178984,181794.6136178984,181794.61361789837
645,190066.88076323783,190066.88076323783,190066.88076323783
646,249674.86307817319,249674.86307817319,249674.86307817319
647,216466.10483344132,216466.10483344132,216466.10483344135
648,195219.77117332333,195219.77117332333,195219.77117332333
649,208843.5262303566,208843.5262303566,208843.5262303566
650,204194.29345573351,204194.29345573351,204194.29345573351
651,250843.67264009241,250843.67264009241,250843.67264009241
652,227376.5269762621,227376.5269762621,227376.5269762621
653,327048.75979606702,327048.75979606702,327048.75979606702
654,195590.8449262986,195590.8449262986,195590.8449262986
655,270200.00156114122,270200.00156114122,270200.00156114122
656,231874.20316527199,231874.20316527199,231874.20316527199
657,206098.58855076056,206098.58855076056,206098.58855076056
658,314008.17806329136,314008.17806329136,314008.17806329136
659,331530.92245964706,331530.92245964706,331530.92245964706
660,234042.40846739875,234042.40846739875,234042.40846739875
661,200566.86149044253,200566.86149044253,200566.86149044253
662,173128.61562193726,173128.61562193726,173128.61562193726
663,201301.48363710169,201301.48363710169,201301.48363710169
664,233299.99486262599,233299.99486262599,233299.99486262596
665,196719.8162947229,196719.8162947229,196719.8162947229
666,241858.27281240464,241858.27281240464,241858.27281240464
667,236230.31663739955,236230.31663739955,236230.31663739955
668,207369.06655630289,207369.06655630289,207369.06655630289
669,199630.08542216764,199630.08542216764,199630.08542216764
670,229269.89269297864,229269.89269297864,229269.89269297864
671,274858.76254407514,274858.76254407514,274858.76254407514
672,220500.2382652722,220500.2382652722,220500.2382652722
673,170213.10801505423,170213.10801505423,170213.10801505423
674,185411.14838567545,185411.14838567545,185411.14838567545
675,193836.55828958601,193836.55828958601,193836.55828958601
676,254737.85346757987,254737.85346757987,254737.85346757987
677,224704.0482860723,224704.0482860723,224704.0482860723
678,199071.46576649969,199071.46576649969,199071.46576649972
679,214679.02725752752,214679.02725752752,214679.02725752752
680,191329.21723548009,191329.21723548009,191329.21723548009
681,206239.46803276509,206239.46803276509,206239.46803276509
682,217783.24142677881,217783.24142677881,217783.24142677881
683,230887.2152318256,230887.2152318256,230887.2152318256
684,184363.25152953848,184363.25152953848,184363.25152953848
685,268607.37554407341,268607.37554407341,268607.37554407341
686,207002.8299129392,207002.8299129392,207002.8299129392
687,185489.98426546389,185489.98426546389,185489.98426546389
688,225343.81837049665,225343.81837049665,225343.81837049665
689,215733.79895610479,215733.79895610479,215733.79895610476
690,207814.89176134529,207814.89176134529,207814.89176134529
691,216691.46573536127,216691.46573536127,216691.46573536127
692,188924.58789500911,188924.58789500911,188924.58789500911
693,331840.39895025542,331840.39895025542,331840.39895025542
694,213898.10627140931,213898.10627140931,213898.10627140931
695,229509.94415076324,229509.94415076324,229509.94415076324
696,228468.27126694904,228468.27126694904,228468.27126694904
697,213884.88998954801,213884.88998954801,213884.88998954801
698,291285.64893367892,291285.64893367892,291285.64893367887
699,254068.01366038847,254068.01366038847,254068.01366038847
700,204401.69932231173,204401.69932231173,204401.69932231173
701,276842.20683061611,276842.20683061611,276842.20683061611
702,224472.02570014319,224472.02570014319,224472.02570014316
703,271675.80306661141,271675.80306661141,271675.80306661141
704,245558.93622641143,245558.93622641143,245558.93622641143
705,181207.52931963955,181207.52931963955,181207.52931963955
706,183516.43976620832,183516.43976620832,183516.43976620832
707,175718.23801781511,175718.23801781511,175718.23801781511
708,207364.13549858035,207364.13549858035,207364.13549858035
709,231743.7480255249,231743.7480255249,231743.7480255249
710,182657.15983755444,182657.15983755444,182657.15983755444
711,282953.87666973029,282953.87666973029,282953.87666973029
712,290460.13430640649,290460.13430640649,290460.13430640649
713,215732.69569960481,215732.69569960481,215732.69569960481
714,221505.43942674572,221505.43942674572,221505.43942674575
715,274276.11179399816,274276.11179399816,274276.11179399816
716,233749.68461054383,233749.68461054383,233749.68461054383
717,297516.90272938571,297516.90272938571,297516.90272938571
718,244695.86044956528,244695.86044956528,244695.86044956528
719,268340.66724978888,268340.66724978888,268340.66724978888
720,210783.32094836503,210783.32094836503,210783.32094836503
721,233454.47186181488,233454.47186181488,233454.47186181488
722,179516.79458375231,179516.79458375231,179516.79458375231
723,212222.68869676325,212222.68869676325,212222.68869676325
724,241879.41582637496,241879.41582637496,241879.41582637496
725,355725.35787076043,355725.35787076043,355725.35787076043
726,205776.76651828032,205776.76651828032,205776.76651828032
727,205993.53333748685,205993.53333748685,205993.53333748685
728,202362.26289353089,202362.26289353089,202362.26289353089
729,229563.97739967232,229563.97739967232,229563.97739967232
730,179724.34850177294,179724.34850177294,179724.34850177294
731,215363.28310841223,215363.28310841223,215363.28310841223
732,357060.83274967998,357060.83274967998,357060.83274967998
733,294269.38331056188,294269.38331056188,294269.38331056188
734,215730.15597728724,215730.15597728724,215730.15597728724
735,214677.94897753559,214677.94897753559,214677.94897753556
736,291069.66563249275,291069.66563249275,291069.66563249275
737,246175.81223215241,246175.81223215241,246175.81223215241
738,183421.48397130449,183421.48397130449,183421.48397130449
739,221086.05889468265,221086.05889468265,221086.05889468265
740,236958.32407394552,236958.32407394552,236958.32407394552
741,164012.52358205948,164012.52358205948,164012.52358205948
742,217425.78758541803,217425.78758541803,217425.78758541803
743,211111.14098687493,211111.14098687493,211111.14098687493
744,291304.27452607884,291304.27452607884,291304.27452607884
745,332988.87526281242,332988.87526281242,332988.87526281242
746,297640.17827366188,297640.17827366188,297640.17827366188
747,249054.41464552964,249054.41464552964,249054.41464552964
748,204413.3916672176,204413.3916672176,204413.3916672176
749,264521.27845633309,264521.27845633309,264521.27845633309
750,184359.68944257451,184359.68944257451,184359.68944257448
751,235296.62349158651,235296.62349158651,235296.62349158648
752,225937.23229038887,225937.23229038887,225937.23229038887
753,187565.10914331232,187565.10914331232,187565.10914331232
754,252303.76204766161,252303.76204766161,252303.76204766161
755,216273.89412375569,216273.89412375569,216273.89412375569
756,234617.99461950205,234617.99461950205,234617.99461950205
757,212512.45628047621,212512.45628047621,212512.45628047621
758,322549.12715863006,322549.12715863006,322549.12715863006
759,246487.42288822195,246487.42288822195,246487.42288822195
760,251385.3946519733,251385.3946519733,251385.3946519733
761,249615.21437973969,249615.21437973969,249615.21437973969
762,237470.18527800115,237470.18527800115,237470.18527800115
763,244233.25659298632,244233.25659298632,244233.25659298632
764,236594.87410639727,236594.87410639727,236594.87410639727
765,283438.53740336234,283438.53740336234,283438.53740336234
766,183641.82327959721,183641.82327959721,183641.82327959721
767,245747.29672505253,245747.29672505253,245747.29672505253
768,220446.58668362623,220446.58668362623,220446.58668362623
769,299962.23382366402,299962.23382366402,299962.23382366402
770,210334.54392205147,210334.54392205147,210334.54392205147
771,182598.13906225585,182598.13906225585,182598.13906225585
772,209496.628521832,209496.628521832,209496.628521832
773,237055.02690048807,237055.02690048807,237055.02690048807
774,267924.25151200208,267924.25151200208,267924.25151200208
775,201153.69549568207,201153.69549568207,201153.69549568207
776,316881.93851515505,316881.93851515505,316881.93851515505
777,219265.62853007248,219265.62853007248,219265.62853007248
778,216535.33933269008,216535.33933269008,216535.33933269008
779,244452.8707752444,244452.8707752444,244452.8707752444
780,207927.58532194933,207927.58532194933,207927.58532194933
781,209313.71316932965,209313.71316932965,209313.71316932965
782,226899.84350938143,226899.84350938143,226899.84350938143
783,265123.61758890148,265123.61758890148,265123.61758890148
784,227563.01388120465,227563.01388120465,227563.01388120465
785,180961.63981509005,180961.63981509005,180961.63981509005
786,238916.03605474555,238916.03605474555,238916.03605474555
787,255570.67020272481,255570.67020272481,255570.67020272481
788,204121.89762939804,204121.89762939804,204121.89762939804
789,211651.50117134681,211651.50117134681,211651.50117134681
790,234817.07766736441,234817.07766736441,234817.07766736441
791,253785.57370876893,253785.57370876893,253785.57370876893
792,169249.09592136956,169249.09592136956,169249.09592136956
793,247850.6925598855,247850.6925598855,247850.6925598855
794,256599.51869208465,256599.51869208465,256599.51869208465
795,183782.27254200843,183782.27254200843,183782.27254200843
796,289055.3567724335,289055.3567724335,289055.3567724335
797,197070.48457592496,197070.48457592496,197070.48457592496
798,514208.9393230952,514208.9393230952,514208.9393230952
799,202601.67611836101,202601.67611836101,202601.67611836101
800,210713.0264121932,210713.0264121932,210713.02641219317
801,250641.60672788945,250641.60672788945,250641.60672788945
802,221695.32222586879,221695.32222586879,221695.32222586879
803,192940.03345872485,192940.03345872485,192940.03345872485
804,180056.54807075055,180056.54807075055,180056.54807075055
805,278468.07668097282,278468.07668097282,278468.07668097282
806,232768.28264456239,232768.28264456239,232768.28264456239
807,337473.58857438521,337473.58857438521,337473.58857438521
808,252711.22827246584,252711.22827246584,252711.22827246584
809,353260.35445223941,353260.35445223941,353260.35445223941
810,246592.39464033995,246592.39464033995,246592.39464033995
811,184743.39166242364,184743.39166242364,184743.39166242364
812,265773.3990914129,265773.3990914129,265773.3990914129
813,244754.09565597665,244754.09565597665,244754.09565597665
814,225234.67026481929,225234.67026481929,225234.67026481929
815,194333.41840567481,194333.41840567481,194333.41840567481
816,205940.82094523552,205940.82094523552,205940.82094523552
817,225191.8093198837,225191.8093198837,225191.8093198837
818,220355.85414973291,220355.85414973291,220355.85414973291
819,274410.06772963773,274410.06772963773,274410.06772963773
820,227573.41595678288,227573.41595678288,227573.41595678288
821,268571.09144473949,268571.09144473949,268571.09144473949
822,218635.84752358709,218635.84752358709,218635.84752358709
823,205826.31096535653,205826.31096535653,205826.31096535653
824,238706.63482996091,238706.63482996091,238706.63482996088
825,237571.121711285,237571.121711285,237571.121711285
826,230041.46680901884,230041.46680901884,230041.46680901884
827,225775.0868124642,225775.0868124642,225775.0868124642
828,204168.15644446303,204168.15644446303,204168.15644446303
829,204943.45154786881,204943.45154786881,204943.45154786881
830,267892.68000740506,267892.68000740506,267892.68000740506
831,176145.33699000353,176145.33699000353,176145.33699000353
832,290205.5940196616,290205.5940196616,290205.5940196616
833,345156.19682886213,345156.19682886213,345156.19682886213
834,249423.14901109919,249423.14901109919,249423.14901109919
835,239778.82321299452,239778.82321299452,239778.82321299455
836,251887.63512967419,251887.63512967419,251887.63512967416
837,196673.7464431464,196673.7464431464,196673.7464431464
838,375464.08946864988,375464.08946864988,375464.08946864982
839,233183.64247404103,233183.64247404103,233183.64247404103
840,248915.1588356935,248915.1588356935,248915.1588356935
841,186397.17460350887,186397.17460350887,186397.17460350887
842,257318.53855739729,257318.53855739729,257318.53855739729
843,221812.52220984839,221812.52220984839,221812.52220984836
844,199033.22942146813,199033.22942146813,199033.22942146813
845,185258.73398709841,185258.73398709841,185258.73398709836
846,237591.95612967669,237591.95612967669,237591.95612967669
847,290853.55359780014,290853.55359780014,290853.55359780014
848,193741.52756610399,193741.52756610399,193741.52756610399
849,208003.1878195692,208003.1878195692,208003.1878195692
850,201788.58665368083,201788.58665368083,201788.58665368083
851,307720.1801221685,307720.1801221685,307720.1801221685
852,168946.58969863417,168946.58969863417,168946.58969863417
853,299175.73624097509,299175.73624097509,299175.73624097509
854,195459.37812419911,195459.37812419911,195459.37812419911
855,191591.41803716929,191591.41803716929,191591.41803716932
856,214846.002202884,214846.002202884,214846.00220288397
857,222557.67355374451,222557.67355374451,222557.67355374451
858,231820.93532886475,231820.93532886475,231820.93532886475
859,297699.91871369199,297699.91871369199,297699.91871369199
860,203435.66039208192,203435.66039208192,203435.66039208192
861,248833.35507840401,248833.35507840401,248833.35507840401
862,345399.43293523602,345399.43293523602,345399.43293523602
863,168848.92844264646,168848.92844264646,168848.92844264646
864,250390.40103688839,250390.40103688839,250390.40103688839
865,250722.4799522479,250722.4799522479,250722.4799522479
866,223622.63010088884,223622.63010088884,223622.63010088884
867,277139.68589705648,277139.68589705648,277139.68589705648
868,207226.06365951936,207226.06365951936,207226.06365951936
869,247917.22162058749,247917.22162058749,247917.22162058749
870,321822.06773266749,321822.06773266749,321822.06773266749
871,208869.54656158839,208869.54656158839,208869.54656158839
872,191062.54369659731,191062.54369659731,191062.54369659731
873,208694.99876940969,208694.99876940969,208694.99876940969
874,214552.8502385696,214552.8502385696,214552.8502385696
875,223153.27247354941,223153.27247354941,223153.27247354941
876,222027.08861127985,222027.08861127985,222027.08861127985
877,204047.2691302358,204047.2691302358,204047.2691302358
878,211648.35572296893,211648.35572296893,211648.35572296893
879,257455.52083028751,257455.52083028751,257455.52083028751
880,271437.98168658442,271437.98168658442,271437.98168658442
881,239629.80308484405,239629.80308484405,239629.80308484405
882,452278.60009682731,452278.60009682731,452278.60009682726
883,206388.6468645588,206388.6468645588,206388.6468645588
884,256755.62944780069,256755.62944780069,256755.62944780069
885,223769.28048551435,223769.28048551435,223769.28048551435
886,258192.83019114879,258192.83019114879,258192.83019114879
887,277732.10319024383,277732.10319024383,277732.10319024383
888,204244.44144056583,204244.44144056583,204244.44144056583
889,231559.08196861719,231559.08196861719,231559.08196861716
890,274423.25047884253,274423.25047884253,274423.25047884253
891,230395.82115017105,230395.82115017105,230395.82115017105
892,201119.41709755,201119.41709755,201119.41709754997
893,200924.27085962024,200924.27085962024,200924.27085962024
894,216643.25114900203,216643.25114900203,216643.25114900203
895,263662.24071617291,263662.24071617291,263662.24071617291
896,197927.64962207049,197927.64962207049,197927.64962207049
897,188274.99965753089,188274.99965753089,188274.99965753089
898,246861.85434784315,246861.85434784315,246861.85434784315
899,288943.69788798474,288943.69788798474,288943.69788798474
900,276995.26898326242,276995.26898326242,276995.26898326242
901,217546.69022934887,217546.69022934887,217546.69022934887
902,202660.66082644759,202660.66082644759,202660.66082644759
903,282133.98272347177,282133.98272347177,282133.98272347177
904,205879.62586497952,205879.62586497952,205879.62586497952
905,243610.43368087985,243610.43368087985,243610.43368087985
906,206210.0711563048,206210.0711563048,206210.0711563048
907,263151.93273526279,263151.93273526279,263151.93273526279
908,296110.06066680374,296110.06066680374,296110.06066680374
909,187872.20608905359,187872.20608905359,187872.20608905359
910,201388.3214845247,201388.3214845247,201388.3214845247
911,226868.34943453941,226868.34943453941,226868.34943453941
912,263491.83848156751,263491.83848156751,263491.83848156751
913,185278.42248599604,185278.42248599604,185278.42248599604
914,299336.34314929158,299336.34314929158,299336.34314929158
915,175520.3883085429,175520.3883085429,175520.3883085429
916,311112.22205439868,311112.22205439868,311112.22205439868
917,187600.7010613734,187600.7010613734,187600.7010613734
918,172321.04521625681,172321.04521625681,172321.04521625681
919,249329.35001655569,249329.35001655569,249329.35001655569
920,236819.42763883169,236819.42763883169,236819.42763883169
921,238070.87543084665,238070.87543084665,238070.87543084665
922,201131.67058627435,201131.67058627435,201131.67058627435
923,215302.80688295304,215302.80688295304,215302.80688295304
924,271835.12276680639,271835.12276680639,271835.12276680639
925,195902.56637260647,195902.56637260647,195902.56637260647
926,330627.9781680858,330627.9781680858,330627.9781680858
927,193771.14444071089,193771.14444071089,193771.14444071092
928,218099.71359681312,218099.71359681312,218099.71359681312
929,209521.82072617416,209521.82072617416,209521.82072617416
930,213971.37852380285,213971.37852380285,213971.37852380285
931,238073.41327112119,238073.41327112119,238073.41327112119
932,239891.89558192005,239891.89558192005,239891.89558192005
933,287479.78517958941,287479.78517958941,287479.78517958941
934,208363.04636002821,208363.04636002821,208363.04636002821
935,174390.75265442528,174390.75265442528,174390.75265442528
936,238803.70544344065,238803.70544344065,238803.70544344065
937,194493.22281368269,194493.22281368269,194493.22281368269
938,245554.46699946059,245554.46699946059,245554.46699946056
939,209121.10430472303,209121.10430472303,209121.10430472303
940,230888.7159188948,230888.7159188948,230888.7159188948
941,339108.12158575444,339108.12158575444,339108.12158575444
942,302879.46151331987,302879.46151331987,302879.46151331987
943,218154.34124101119,218154.34124101119,218154.34124101119
944,206796.75974098479,206796.75974098479,206796.75974098479
945,581486.4813395259,581486.4813395259,581486.4813395259
946,246175.79337159169,246175.79337159169,246175.79337159169
947,188128.79805752967,188128.79805752967,188128.79805752967
948,222099.69932058905,222099.69932058905,222099.69932058905
949,196957.8972004212,196957.8972004212,196957.89720042117
950,201470.22026063403,201470.22026063403,201470.22026063403
951,260000.89491504521,260000.89491504521,260000.89491504521
952,250458.15005805649,250458.15005805649,250458.15005805652
953,228409.53072343595,228409.53072343595,228409.53072343595
954,244441.870829886,244441.870829886,244441.87082988597
955,255181.62757633851,255181.62757633851,255181.62757633851
956,235020.27376553728,235020.27376553728,235020.27376553728
957,337551.73203568242,337551.73203568242,337551.73203568242
958,181522.87965749664,181522.87965749664,181522.87965749664
959,285255.04320832231,285255.04320832231,285255.04320832231
960,227692.17396682021,227692.17396682021,227692.17396682021
961,237424.00330334253,237424.00330334253,237424.00330334253
962,292249.49774951464,292249.49774951464,292249.49774951464
963,202820.72995534929,202820.72995534929,202820.72995534929
964,180854.07973397389,180854.07973397389,180854.07973397389
965,228309.61989624336,228309.61989624336,228309.61989624336
966,212833.47409198951,212833.47409198951,212833.47409198951
967,229929.6376235185,229929.6376235185,229929.6376235185
968,246827.29375168969,246827.29375168969,246827.29375168969
969,204316.34635092865,204316.34635092865,204316.34635092865
970,194302.43424908011,194302.43424908011,194302.43424908011
971,201627.92504271693,201627.92504271693,201627.92504271693
972,231178.81388296347,231178.81388296347,231178.81388296347
973,250595.51009990909,250595.51009990909,250595.51009990909
974,716616.78363064607,716616.78363064607,716616.78363064607
975,226761.59730367147,226761.59730367147,226761.59730367147
976,234613.82416177279,234613.82416177279,234613.82416177276
977,228495.99041878604,228495.99041878604,228495.99041878604
978,245033.82606242105,245033.82606242105,245033.82606242105
979,203260.60800260719,203260.60800260719,203260.60800260719
980,227154.94920355201,227154.94920355201,227154.94920355201
981,231270.60913631989,231270.60913631989,231270.60913631989
982,358381.34267797851,358381.34267797851,358381.34267797851
983,289634.21057660866,289634.21057660866,289634.21057660866
984,208253.23856554279,208253.23856554279,208253.23856554276
985,234862.04054275088,234862.04054275088,234862.04054275088
986,166207.66663675927,166207.66663675927,166207.66663675927
987,276220.82559725939,276220.82559725939,276220.82559725933
988,284766.79840630246,284766.79840630246,284766.79840630246
989,305232.65585816506,305232.65585816506,305232.65585816506
990,374164.22170847259,374164.22170847259,374164.22170847259
991,206750.97256765369,206750.97256765369,206750.97256765369
992,204566.13741222263,204566.13741222263,204566.13741222263
993,217284.23888978979,217284.23888978979,217284.23888978976
994,267405.34504010627,267405.34504010627,267405.34504010627
995,262065.48724018969,262065.48724018969,262065.48724018969
996,215248.79692475381,215248.79692475381,215248.79692475381
997,214070.2262867183,214070.2262867183,214070.2262867183
998,249219.62584487555,249219.62584487555,249219.62584487555
999,225795.49627815784,225795.49627815784,225795.49627815784
