variant,measurement,factory,origin_id,train_months,test_month,train_month_count,normalization_kw,observed_normalized_max,method_id,fit_status,crps,qwcrps_090,draw_mean,draw_q95,draw_q99,q95_pinball,q99_pinball,q95_exceedance_brier,q99_exceedance_brier
all_observations,fixed_nonoverlapping_15min,Cement_1,O1_MAR_MAY_TO_JUN,"[""2019-03"", ""2019-04"", ""2019-05""]",2019-06,3,1401.2444444444445,1.0880994671403197,K-BLOCK,PASS,0.08489077881975138,0.014772921847246896,1.0005825079928952,1.006039076376554,1.006039076376554,0.0779573712255773,0.08123978685612793,0.9025,0.9801
all_observations,fixed_nonoverlapping_15min,Cement_1,O1_MAR_MAY_TO_JUN,"[""2019-03"", ""2019-04"", ""2019-05""]",2019-06,3,1401.2444444444445,1.0880994671403197,K-EMP,PASS,0.08502274548959153,0.014772921847246896,0.9999986429840142,1.006039076376554,1.006039076376554,0.0779573712255773,0.08123978685612793,0.9025,0.9801
all_observations,fixed_nonoverlapping_15min,Cement_1,O1_MAR_MAY_TO_JUN,"[""2019-03"", ""2019-04"", ""2019-05""]",2019-06,3,1401.2444444444445,1.0880994671403197,K-GEV,FALLBACK_EMPIRICAL,0.08502071317257555,0.014772921847246896,0.9999993037300179,1.006039076376554,1.006039076376554,0.0779573712255773,0.08123978685612793,0.9025,0.9801
all_observations,fixed_nonoverlapping_15min,Cement_1,O1_MAR_MAY_TO_JUN,"[""2019-03"", ""2019-04"", ""2019-05""]",2019-06,3,1401.2444444444445,1.0880994671403197,K-GTAIL,FALLBACK_EXPONENTIAL,0.04692672573670073,0.0007715908200679254,1.02506948399423,1.091355772864226,1.1380987740891033,0.00016281528619531708,0.0004999930694878367,0.0025000000000000005,0.0001
all_observations,fixed_nonoverlapping_15min,Cement_1,O1_MAR_MAY_TO_JUN,"[""2019-03"", ""2019-04"", ""2019-05""]",2019-06,3,1401.2444444444445,1.0880994671403197,K-KDE,PASS,0.0832834052822219,0.013412820742030235,1.0000600797671406,1.0132027201904557,1.0178535311588484,0.07115190960237083,0.06954347662165662,0.9025,0.9801
all_observations,fixed_nonoverlapping_15min,Cement_1,O1_MAR_MAY_TO_JUN,"[""2019-03"", ""2019-04"", ""2019-05""]",2019-06,3,1401.2444444444445,1.0880994671403197,K-POINT,PASS,0.08809946714031969,0.01586010657193605,1.0,1.0,1.0,0.0836944937833037,0.0872184724689165,0.9025,0.9801
all_observations,fixed_nonoverlapping_15min,Cement_1,O1_MAR_MAY_TO_JUN,"[""2019-03"", ""2019-04"", ""2019-05""]",2019-06,3,1401.2444444444445,1.0880994671403197,K-UGPD,PASS,0.08613743933604451,0.014763715587484513,0.9983489301968264,1.0060927112682245,1.0067750823838446,0.0779064180784904,0.08051114090891033,0.9025,0.9801
all_observations,fixed_nonoverlapping_15min,Cement_1,O2_MAR_JUN_TO_JUL,"[""2019-03"", ""2019-04"", ""2019-05"", ""2019-06""]",2019-07,4,1432.1066666666668,1.1115745568300313,K-BLOCK,PASS,0.08017835237163723,0.00844747132429615,1.0134902398331596,1.0646506777893638,1.0646506777893638,0.04457768508863404,0.04645464025026074,0.9025,0.9801
all_observations,fixed_nonoverlapping_15min,Cement_1,O2_MAR_JUN_TO_JUL,"[""2019-03"", ""2019-04"", ""2019-05"", ""2019-06""]",2019-07,4,1432.1066666666668,1.1115745568300313,K-EMP,PASS,0.09391664110364968,0.00844747132429615,0.9998784984358708,1.0646506777893638,1.0646506777893638,0.04457768508863404,0.04645464025026074,0.9025,0.9801
all_observations,fixed_nonoverlapping_15min,Cement_1,O2_MAR_JUN_TO_JUL,"[""2019-03"", ""2019-04"", ""2019-05"", ""2019-06""]",2019-07,4,1432.1066666666668,1.1115745568300313,K-GEV,FALLBACK_EMPIRICAL,0.09336068006715337,0.00844747132429615,1.0002422732012513,1.0646506777893638,1.0646506777893638,0.04457768508863404,0.04645464025026074,0.9025,0.9801
all_observations,fixed_nonoverlapping_15min,Cement_1,O2_MAR_JUN_TO_JUL,"[""2019-03"", ""2019-04"", ""2019-05"", ""2019-06""]",2019-07,4,1432.1066666666668,1.1115745568300313,K-GTAIL,FALLBACK_EMPIRICAL,0.09401765552659028,0.00844747132429615,0.9998015641293014,1.0646506777893638,1.0646506777893638,0.04457768508863404,0.04645464025026074,0.9025,0.9801
all_observations,fixed_nonoverlapping_15min,Cement_1,O2_MAR_JUN_TO_JUL,"[""2019-03"", ""2019-04"", ""2019-05"", ""2019-06""]",2019-07,4,1432.1066666666668,1.1115745568300313,K-KDE,PASS,0.08372426472385759,0.0031194766651504746,0.9997199828285515,1.0939280969358698,1.1251567629660477,0.016764136899453396,0.00013582206136016474,0.9025,0.0001
all_observations,fixed_nonoverlapping_15min,Cement_1,O2_MAR_JUN_TO_JUL,"[""2019-03"", ""2019-04"", ""2019-05"", ""2019-06""]",2019-07,4,1432.1066666666668,1.1115745568300313,K-POINT,PASS,0.11157455683003145,0.020086209593326406,0.9999999999999999,0.9999999999999998,0.9999999999999998,0.1059958289885299,0.11045881126173117,0.9025,0.9801
all_observations,fixed_nonoverlapping_15min,Cement_1,O2_MAR_JUN_TO_JUL,"[""2019-03"", ""2019-04"", ""2019-05"", ""2019-06""]",2019-07,4,1432.1066666666668,1.1115745568300313,K-UGPD,PASS,0.08580866028931969,0.004875036486894085,1.0108437440320663,1.0826786613203683,1.17678716717175,0.027451100734179834,0.0006521261034171883,0.9025,0.0001
all_observations,fixed_nonoverlapping_15min,Cement_1,O3_MAR_JUL_TO_AUG,"[""2019-03"", ""2019-04"", ""2019-05"", ""2019-06"", ""2019-07""]",2019-08,5,1464.064,1.1036311709506323,K-BLOCK,PASS,0.02574893836556512,0.002937984496124029,1.066362219502244,1.0873113015095879,1.0873113015095879,0.015503875968992241,0.01615667074663402,0.9025,0.9801
all_observations,fixed_nonoverlapping_15min,Cement_1,O3_MAR_JUL_TO_AUG,"[""2019-03"", ""2019-04"", ""2019-05"", ""2019-06"", ""2019-07""]",2019-08,5,1464.064,1.1036311709506323,K-EMP,PASS,0.07525139084536925,0.002937984496124029,0.9997866177070585,1.0873113015095879,1.0873113015095879,0.015503875968992241,0.01615667074663402,0.9025,0.9801
all_observations,fixed_nonoverlapping_15min,Cement_1,O3_MAR_JUL_TO_AUG,"[""2019-03"", ""2019-04"", ""2019-05"", ""2019-06"", ""2019-07""]",2019-08,5,1464.064,1.1036311709506323,K-GEV,FALLBACK_EMPIRICAL,0.07562418842839659,0.002937984496124029,0.9994907792737658,1.0873113015095879,1.0873113015095879,0.015503875968992241,0.01615667074663402,0.9025,0.9801
all_observations,fixed_nonoverlapping_15min,Cement_1,O3_MAR_JUL_TO_AUG,"[""2019-03"", ""2019-04"", ""2019-05"", ""2019-06"", ""2019-07""]",2019-08,5,1464.064,1.1036311709506323,K-GTAIL,FALLBACK_EXPONENTIAL,0.03333646102443692,0.0003111518939211525,1.0556163481160887,1.1429664479600499,1.2026818052177237,0.001966763850470878,0.0009905063426709146,0.0025000000000000005,0.0001
all_observations,fixed_nonoverlapping_15min,Cement_1,O3_MAR_JUL_TO_AUG,"[""2019-03"", ""2019-04"", ""2019-05"", ""2019-06"", ""2019-07""]",2019-08,5,1464.064,1.1036311709506323,K-KDE,PASS,0.06822347187115219,0.00016019430923958563,0.9998132660552196,1.1248009252524331,1.1668443286328753,0.0010584877150900404,0.0006321315768224306,0.0025000000000000005,0.0001
all_observations,fixed_nonoverlapping_15min,Cement_1,O3_MAR_JUL_TO_AUG,"[""2019-03"", ""2019-04"", ""2019-05"", ""2019-06"", ""2019-07""]",2019-08,5,1464.064,1.1036311709506323,K-POINT,PASS,0.10363117095063254,0.01865620155038762,0.9999999999999999,0.9999999999999998,0.9999999999999998,0.09844961240310093,0.10259485924112624,0.9025,0.9801
all_observations,fixed_nonoverlapping_15min,Cement_1,O3_MAR_JUL_TO_AUG,"[""2019-03"", ""2019-04"", ""2019-05"", ""2019-06"", ""2019-07""]",2019-08,5,1464.064,1.1036311709506323,K-UGPD,PASS,0.029938453077102134,0.000631480957038241,1.0581473206870224,1.1010899950333066,1.111365389079132,0.0024141171214594357,7.734218128499622e-05,0.9025,0.0001
all_observations,fixed_nonoverlapping_15min,Cement_1,O4_MAR_AUG_TO_SEP,"[""2019-03"", ""2019-04"", ""2019-05"", ""2019-06"", ""2019-07"", ""2019-08""]",2019-09,6,1489.351111111111,1.0207219251336899,K-BLOCK,PASS,0.040731222074598956,0.0006401069518716579,1.068310989304813,1.0848930481283423,1.0848930481283423,0.0032085561497326247,0.0006417112299465249,0.0025000000000000005,0.0001
all_observations,fixed_nonoverlapping_15min,Cement_1,O4_MAR_AUG_TO_SEP,"[""2019-03"", ""2019-04"", ""2019-05"", ""2019-06"", ""2019-07"", ""2019-08""]",2019-09,6,1489.351111111111,1.0207219251336899,K-EMP,PASS,0.025512625153876985,0.0006401069518716579,1.0000612098930481,1.0848930481283423,1.0848930481283423,0.0032085561497326247,0.0006417112299465249,0.0025000000000000005,0.0001
all_observations,fixed_nonoverlapping_15min,Cement_1,O4_MAR_AUG_TO_SEP,"[""2019-03"", ""2019-04"", ""2019-05"", ""2019-06"", ""2019-07"", ""2019-08""]",2019-09,6,1489.351111111111,1.0207219251336899,K-GEV,PASS,0.03450193865283899,0.0022232361912222333,1.035279174372693,1.270118242897745,2.1995145858987946,0.012469815888202774,0.011787926607651057,0.0025000000000000005,0.0001
all_observations,fixed_nonoverlapping_15min,Cement_1,O4_MAR_AUG_TO_SEP,"[""2019-03"", ""2019-04"", ""2019-05"", ""2019-06"", ""2019-07"", ""2019-08""]",2019-09,6,1489.351111111111,1.0207219251336899,K-GTAIL,FALLBACK_EMPIRICAL,0.02526219000441174,0.0006401069518716579,1.000462479946524,1.0848930481283423,1.0848930481283423,0.0032085561497326247,0.0006417112299465249,0.0025000000000000005,0.0001
all_observations,fixed_nonoverlapping_15min,Cement_1,O4_MAR_AUG_TO_SEP,"[""2019-03"", ""2019-04"", ""2019-05"", ""2019-06"", ""2019-07"", ""2019-08""]",2019-09,6,1489.351111111111,1.0207219251336899,K-KDE,PASS,0.023347453553025595,0.0010249605674568225,0.9997918281935511,1.1305948347987496,1.1714505342384682,0.00549364548325299,0.001507286091047785,0.0025000000000000005,0.0001
all_observations,fixed_nonoverlapping_15min,Cement_1,O4_MAR_AUG_TO_SEP,"[""2019-03"", ""2019-04"", ""2019-05"", ""2019-06"", ""2019-07"", ""2019-08""]",2019-09,6,1489.351111111111,1.0207219251336899,K-POINT,PASS,0.020721925133689943,0.0037304645721925375,0.9999999999999999,0.9999999999999999,0.9999999999999999,0.019685828877005478,0.020514705882353077,0.9025,0.9801
all_observations,fixed_nonoverlapping_15min,Cement_1,O4_MAR_AUG_TO_SEP,"[""2019-03"", ""2019-04"", ""2019-05"", ""2019-06"", ""2019-07"", ""2019-08""]",2019-09,6,1489.351111111111,1.0207219251336899,K-UGPD,PASS,0.07124210862078798,0.0065043073522399715,1.2211315309693944,1.7276687031256381,2.7352345698825444,0.035347338899597444,0.01714512644748856,0.0025000000000000005,0.0001
all_observations,fixed_nonoverlapping_15min,Cement_2,O1_MAR_MAY_TO_JUN,"[""2019-03"", ""2019-04"", ""2019-05""]",2019-06,3,817.3511111111111,1.0514616321559076,K-BLOCK,PASS,0.06857453293118154,0.0008656744823386104,0.9750206638246042,1.1382460414129112,1.1382460414129112,0.004339220462850183,0.0008678440925700367,0.0025000000000000005,0.0001
all_observations,fixed_nonoverlapping_15min,Cement_2,O1_MAR_MAY_TO_JUN,"[""2019-03"", ""2019-04"", ""2019-05""]",2019-06,3,817.3511111111111,1.0514616321559076,K-EMP,PASS,0.05652142848964675,0.0008656744823386104,1.0000202192448233,1.1382460414129112,1.1382460414129112,0.004339220462850183,0.0008678440925700367,0.0025000000000000005,0.0001
all_observations,fixed_nonoverlapping_15min,Cement_2,O1_MAR_MAY_TO_JUN,"[""2019-03"", ""2019-04"", ""2019-05""]",2019-06,3,817.3511111111111,1.0514616321559076,K-GEV,FALLBACK_EMPIRICAL,0.05629276257003659,0.0008656744823386104,1.000501388550548,1.1382460414129112,1.1382460414129112,0.004339220462850183,0.0008678440925700367,0.0025000000000000005,0.0001
all_observations,fixed_nonoverlapping_15min,Cement_2,O1_MAR_MAY_TO_JUN,"[""2019-03"", ""2019-04"", ""2019-05""]",2019-06,3,817.3511111111111,1.0514616321559076,K-GTAIL,PASS,0.07091242812422616,0.0005793079984545333,0.9589470705744877,1.1257834401403897,1.3004407135324851,0.003716090399224107,0.0024897908137657774,0.0025000000000000005,0.0001
all_observations,fixed_nonoverlapping_15min,Cement_2,O1_MAR_MAY_TO_JUN,"[""2019-03"", ""2019-04"", ""2019-05""]",2019-06,3,817.3511111111111,1.0514616321559076,K-KDE,PASS,0.044526084441076474,0.0017942866047947355,0.9991983771521052,1.2477297010632353,1.338986023842947,0.009813403445366395,0.002875243916870396,0.0025000000000000005,0.0001
all_observations,fixed_nonoverlapping_15min,Cement_2,O1_MAR_MAY_TO_JUN,"[""2019-03"", ""2019-04"", ""2019-05""]",2019-06,3,817.3511111111111,1.0514616321559076,K-POINT,PASS,0.051461632155907606,0.009264380328867262,1.0,1.0,1.0,0.04888855054811222,0.050947015834348526,0.9025,0.9801
all_observations,fixed_nonoverlapping_15min,Cement_2,O1_MAR_MAY_TO_JUN,"[""2019-03"", ""2019-04"", ""2019-05""]",2019-06,3,817.3511111111111,1.0514616321559076,K-UGPD,PASS,0.07029626195555697,0.0005923805098873772,0.9596264822629225,1.1276652397055196,1.3057330599202375,0.003810180377480602,0.002542714277643301,0.0025000000000000005,0.0001
all_observations,fixed_nonoverlapping_15min,Cement_2,O2_MAR_JUN_TO_JUL,"[""2019-03"", ""2019-04"", ""2019-05"", ""2019-06""]",2019-07,4,827.8666666666667,0.9271702367531004,K-BLOCK,PASS,0.03117386967305516,0.001961262683201803,0.9784131319052988,1.1237880496054116,1.1237880496054116,0.009830890642615567,0.0019661781285231134,0.0025000000000000005,0.0001
all_observations,fixed_nonoverlapping_15min,Cement_2,O2_MAR_JUN_TO_JUL,"[""2019-03"", ""2019-04"", ""2019-05"", ""2019-06""]",2019-07,4,827.8666666666667,0.9271702367531004,K-EMP,PASS,0.04201173196951507,0.001961262683201803,0.9995258263810599,1.1237880496054116,1.1237880496054116,0.009830890642615567,0.0019661781285231134,0.0025000000000000005,0.0001
all_observations,fixed_nonoverlapping_15min,Cement_2,O2_MAR_JUN_TO_JUL,"[""2019-03"", ""2019-04"", ""2019-05"", ""2019-06""]",2019-07,4,827.8666666666667,0.9271702367531004,K-GEV,FALLBACK_EMPIRICAL,0.04217252784775641,0.001961262683201803,0.9998243427282977,1.1237880496054116,1.1237880496054116,0.009830890642615567,0.0019661781285231134,0.0025000000000000005,0.0001
all_observations,fixed_nonoverlapping_15min,Cement_2,O2_MAR_JUN_TO_JUL,"[""2019-03"", ""2019-04"", ""2019-05"", ""2019-06""]",2019-07,4,827.8666666666667,0.9271702367531004,K-GTAIL,PASS,0.02038833304766751,0.0024048462308260713,0.9719273678175535,1.1918655773968254,1.4655294328163726,0.013234767032186262,0.005383591960632727,0.0025000000000000005,0.0001
all_observations,fixed_nonoverlapping_15min,Cement_2,O2_MAR_JUN_TO_JUL,"[""2019-03"", ""2019-04"", ""2019-05"", ""2019-06""]",2019-07,4,827.8666666666667,0.9271702367531004,K-KDE,PASS,0.04475472468835928,0.0025958427677228897,0.9998322012260618,1.1995883991452754,1.267925680611758,0.013620908119608761,0.0034075544385865795,0.0025000000000000005,0.0001
all_observations,fixed_nonoverlapping_15min,Cement_2,O2_MAR_JUN_TO_JUL,"[""2019-03"", ""2019-04"", ""2019-05"", ""2019-06""]",2019-07,4,827.8666666666667,0.9271702367531004,K-POINT,PASS,0.0728297632468996,0.0007264768883878233,1.0,1.0,1.0,0.0036414881623449834,0.0007282976324689967,0.0025000000000000005,0.0001
all_observations,fixed_nonoverlapping_15min,Cement_2,O2_MAR_JUN_TO_JUL,"[""2019-03"", ""2019-04"", ""2019-05"", ""2019-06""]",2019-07,4,827.8666666666667,0.9271702367531004,K-UGPD,PASS,0.020507066613932978,0.0024161271428533387,0.97235206807017,1.1946753224214774,1.473068597212888,0.013375254283418864,0.005458983604597882,0.0025000000000000005,0.0001
all_observations,fixed_nonoverlapping_15min,Cement_2,O3_MAR_JUL_TO_AUG,"[""2019-03"", ""2019-04"", ""2019-05"", ""2019-06"", ""2019-07""]",2019-08,5,815.808,0.948196961376533,K-BLOCK,PASS,0.02294039741131245,0.0019172158154859968,0.9855288120080542,1.1403990481420465,1.1403990481420465,0.009610104338275685,0.0019220208676551372,0.0025000000000000005,0.0001
all_observations,fixed_nonoverlapping_15min,Cement_2,O3_MAR_JUL_TO_AUG,"[""2019-03"", ""2019-04"", ""2019-05"", ""2019-06"", ""2019-07""]",2019-08,5,815.808,0.948196961376533,K-EMP,PASS,0.025839090871682235,0.0019172158154859968,0.9997108914515835,1.1403990481420465,1.1403990481420465,0.009610104338275685,0.0019220208676551372,0.0025000000000000005,0.0001
all_observations,fixed_nonoverlapping_15min,Cement_2,O3_MAR_JUL_TO_AUG,"[""2019-03"", ""2019-04"", ""2019-05"", ""2019-06"", ""2019-07""]",2019-08,5,815.808,0.948196961376533,K-GEV,FALLBACK_EMPIRICAL,0.025849943894563486,0.0019172158154859968,0.9999119897492221,1.1403990481420465,1.1403990481420465,0.009610104338275685,0.0019220208676551372,0.0025000000000000005,0.0001
all_observations,fixed_nonoverlapping_15min,Cement_2,O3_MAR_JUL_TO_AUG,"[""2019-03"", ""2019-04"", ""2019-05"", ""2019-06"", ""2019-07""]",2019-08,5,815.808,0.948196961376533,K-GTAIL,PASS,0.015950700344846372,0.0016174758969834415,0.9740653358411959,1.1258559175090697,1.2621496071681932,0.008882947806626842,0.0031395264579166054,0.0025000000000000005,0.0001
all_observations,fixed_nonoverlapping_15min,Cement_2,O3_MAR_JUL_TO_AUG,"[""2019-03"", ""2019-04"", ""2019-05"", ""2019-06"", ""2019-07""]",2019-08,5,815.808,0.948196961376533,K-KDE,PASS,0.03416166464257546,0.0023687883870333664,1.0001017090538822,1.1974018295241402,1.2666656574925452,0.012460243407380372,0.0031846869611601254,0.0025000000000000005,0.0001
all_observations,fixed_nonoverlapping_15min,Cement_2,O3_MAR_JUL_TO_AUG,"[""2019-03"", ""2019-04"", ""2019-05"", ""2019-06"", ""2019-07""]",2019-08,5,815.808,0.948196961376533,K-POINT,PASS,0.05180303862346704,0.0005167353102690833,1.0,1.0,1.0,0.0025901519311733534,0.0005180303862346707,0.0025000000000000005,0.0001
all_observations,fixed_nonoverlapping_15min,Cement_2,O3_MAR_JUL_TO_AUG,"[""2019-03"", ""2019-04"", ""2019-05"", ""2019-06"", ""2019-07""]",2019-08,5,815.808,0.948196961376533,K-UGPD,PASS,0.015911958834564817,0.0016220119933155696,0.9742091348042988,1.125279273090658,1.2652913041692861,0.008854115585706259,0.0031709434279275344,0.0025000000000000005,0.0001
all_observations,fixed_nonoverlapping_15min,Cement_2,O4_MAR_AUG_TO_SEP,"[""2019-03"", ""2019-04"", ""2019-05"", ""2019-06"", ""2019-07"", ""2019-08""]",2019-09,6,808.7644444444444,0.9629173719033698,K-BLOCK,PASS,0.018618294616894876,0.0018694491460224641,0.9858210309278351,1.1503308201261733,1.1503308201261733,0.009370672411140183,0.0018741344822280365,0.0025000000000000005,0.0001
all_observations,fixed_nonoverlapping_15min,Cement_2,O4_MAR_AUG_TO_SEP,"[""2019-03"", ""2019-04"", ""2019-05"", ""2019-06"", ""2019-07"", ""2019-08""]",2019-09,6,808.7644444444444,0.9629173719033698,K-EMP,PASS,0.01826485744809972,0.0018694491460224641,1.0000275980920144,1.1503308201261733,1.1503308201261733,0.009370672411140183,0.0018741344822280365,0.0025000000000000005,0.0001
all_observations,fixed_nonoverlapping_15min,Cement_2,O4_MAR_AUG_TO_SEP,"[""2019-03"", ""2019-04"", ""2019-05"", ""2019-06"", ""2019-07"", ""2019-08""]",2019-09,6,808.7644444444444,0.9629173719033698,K-GEV,PASS,0.02522455678922697,0.005689453905242628,1.1050799857670093,1.5879098808589285,3.52593033027611,0.031249625447777964,0.025630129583727422,0.0025000000000000005,0.0001
all_observations,fixed_nonoverlapping_15min,Cement_2,O4_MAR_AUG_TO_SEP,"[""2019-03"", ""2019-04"", ""2019-05"", ""2019-06"", ""2019-07"", ""2019-08""]",2019-09,6,808.7644444444444,0.9629173719033698,K-GTAIL,FALLBACK_EXPONENTIAL,0.014461960816049588,0.0006291000949456815,0.9478223377098279,1.0335210216705986,1.091017304181322,0.0035301824883614418,0.0012809993227795235,0.0025000000000000005,0.0001
all_observations,fixed_nonoverlapping_15min,Cement_2,O4_MAR_AUG_TO_SEP,"[""2019-03"", ""2019-04"", ""2019-05"", ""2019-06"", ""2019-07"", ""2019-08""]",2019-09,6,808.7644444444444,0.9629173719033698,K-KDE,PASS,0.02742688149997996,0.0021513360726524537,1.0001925421733007,1.1917863692770725,1.2549273958432714,0.011443449868685144,0.0029201002393990185,0.0025000000000000005,0.0001
all_observations,fixed_nonoverlapping_15min,Cement_2,O4_MAR_AUG_TO_SEP,"[""2019-03"", ""2019-04"", ""2019-05"", ""2019-06"", ""2019-07"", ""2019-08""]",2019-09,6,808.7644444444444,0.9629173719033698,K-POINT,PASS,0.0370826280966302,0.0003698992152638862,1.0,1.0,1.0,0.0018541314048315122,0.0003708262809663024,0.0025000000000000005,0.0001
all_observations,fixed_nonoverlapping_15min,Cement_2,O4_MAR_AUG_TO_SEP,"[""2019-03"", ""2019-04"", ""2019-05"", ""2019-06"", ""2019-07"", ""2019-08""]",2019-09,6,808.7644444444444,0.9629173719033698,K-UGPD,PASS,0.013752401888799101,0.0012087082852546968,0.9706491656529409,1.0952079974375346,1.1974038626557,0.0066145312767082465,0.002344864907523304,0.0025000000000000005,0.0001
all_observations,fixed_nonoverlapping_15min,Forge_1,O1_MAR_MAY_TO_JUN,"[""2019-03"", ""2019-04"", ""2019-05""]",2019-06,3,132.0533333333333,0.973182552504039,K-BLOCK,PASS,0.010682727616671953,0.0005221163166397411,0.9941374604200325,1.0255250403877223,1.0255250403877223,0.0026171243941841694,0.0005234248788368339,0.0025000000000000005,0.0001
all_observations,fixed_nonoverlapping_15min,Forge_1,O1_MAR_MAY_TO_JUN,"[""2019-03"", ""2019-04"", ""2019-05""]",2019-06,3,132.0533333333333,0.973182552504039,K-EMP,PASS,0.01663690021066227,0.0005221163166397411,0.9999367366720517,1.0255250403877223,1.0255250403877223,0.0026171243941841694,0.0005234248788368339,0.0025000000000000005,0.0001
all_observations,fixed_nonoverlapping_15min,Forge_1,O1_MAR_MAY_TO_JUN,"[""2019-03"", ""2019-04"", ""2019-05""]",2019-06,3,132.0533333333333,0.973182552504039,K-GEV,FALLBACK_EMPIRICAL,0.01665452726966069,0.0005221163166397411,0.9999710694668821,1.0255250403877223,1.0255250403877223,0.0026171243941841694,0.0005234248788368339,0.0025000000000000005,0.0001
all_observations,fixed_nonoverlapping_15min,Forge_1,O1_MAR_MAY_TO_JUN,"[""2019-03"", ""2019-04"", ""2019-05""]",2019-06,3,132.0533333333333,0.973182552504039,K-GTAIL,PASS,0.013901213127422249,0.0004766225590030037,0.9951505403781434,1.0227551346531305,1.032359951677558,0.0024786291074545795,0.0005917739917351899,0.0025000000000000005,0.0001
all_observations,fixed_nonoverlapping_15min,Forge_1,O1_MAR_MAY_TO_JUN,"[""2019-03"", ""2019-04"", ""2019-05""]",2019-06,3,132.0533333333333,0.973182552504039,K-KDE,PASS,0.015461428376129413,0.0007013433905140183,0.9999567651561116,1.0465853844560653,1.0629836569656281,0.003670141597601321,0.0008980110446158926,0.0025000000000000005,0.0001
all_observations,fixed_nonoverlapping_15min,Forge_1,O1_MAR_MAY_TO_JUN,"[""2019-03"", ""2019-04"", ""2019-05""]",2019-06,3,132.0533333333333,0.973182552504039,K-POINT,PASS,0.026817447495961304,0.0002675040387722135,1.0000000000000002,1.0000000000000002,1.0000000000000002,0.0013408723747980644,0.0002681744749596129,0.0025000000000000005,0.0001
all_observations,fixed_nonoverlapping_15min,Forge_1,O1_MAR_MAY_TO_JUN,"[""2019-03"", ""2019-04"", ""2019-05""]",2019-06,3,132.0533333333333,0.973182552504039,K-UGPD,PASS,0.014024237006343643,0.0004769646170437019,0.9952811892010076,1.022883002176981,1.0325327294001427,0.002485022483647106,0.0005935017689610384,0.0025000000000000005,0.0001
all_observations,fixed_nonoverlapping_15min,Forge_1,O2_MAR_JUN_TO_JUL,"[""2019-03"", ""2019-04"", ""2019-05"", ""2019-06""]",2019-07,4,131.168,0.9036350329348621,K-BLOCK,PASS,0.08050874275716022,0.0012848987557940957,0.9965288899731641,1.0324469382776287,1.0324469382776287,0.006440595267138333,0.0012881190534276665,0.0025000000000000005,0.0001
all_observations,fixed_nonoverlapping_15min,Forge_1,O2_MAR_JUN_TO_JUL,"[""2019-03"", ""2019-04"", ""2019-05"", ""2019-06""]",2019-07,4,131.168,0.9036350329348621,K-EMP,PASS,0.08548523586045369,0.0012848987557940957,0.9998857477433519,1.0324469382776287,1.0324469382776287,0.006440595267138333,0.0012881190534276665,0.0025000000000000005,0.0001
all_observations,fixed_nonoverlapping_15min,Forge_1,O2_MAR_JUN_TO_JUL,"[""2019-03"", ""2019-04"", ""2019-05"", ""2019-06""]",2019-07,4,131.168,0.9036350329348621,K-GEV,FALLBACK_EMPIRICAL,0.08559916521727248,0.0012848987557940957,1.0000315198828982,1.0324469382776287,1.0324469382776287,0.006440595267138333,0.0012881190534276665,0.0025000000000000005,0.0001
all_observations,fixed_nonoverlapping_15min,Forge_1,O2_MAR_JUN_TO_JUL,"[""2019-03"", ""2019-04"", ""2019-05"", ""2019-06""]",2019-07,4,131.168,0.9036350329348621,K-GTAIL,PASS,0.08393849345516483,0.0012437553017621765,0.9984796179432847,1.0305287626178485,1.0417502312783906,0.006344686484149325,0.001381151983435286,0.0025000000000000005,0.0001
all_observations,fixed_nonoverlapping_15min,Forge_1,O2_MAR_JUN_TO_JUL,"[""2019-03"", ""2019-04"", ""2019-05"", ""2019-06""]",2019-07,4,131.168,0.9036350329348621,K-KDE,PASS,0.08063636852010067,0.0014135963979300331,0.999937452585586,1.048562598312806,1.0651334341666243,0.007246378268897197,0.0016149840123176231,0.0025000000000000005,0.0001
all_observations,fixed_nonoverlapping_15min,Forge_1,O2_MAR_JUN_TO_JUL,"[""2019-03"", ""2019-04"", ""2019-05"", ""2019-06""]",2019-07,4,131.168,0.9036350329348621,K-POINT,PASS,0.09636496706513786,0.0009612405464747498,1.0,1.0,1.0,0.0048182483532568975,0.0009636496706513795,0.0025000000000000005,0.0001
all_observations,fixed_nonoverlapping_15min,Forge_1,O2_MAR_JUN_TO_JUL,"[""2019-03"", ""2019-04"", ""2019-05"", ""2019-06""]",2019-07,4,131.168,0.9036350329348621,K-UGPD,PASS,0.08503677967963905,0.0012291139562787335,0.9987998120947662,1.0288285961281298,1.03935096103288,0.00625967815966339,0.0013571592809801792,0.0025000000000000005,0.0001
all_observations,fixed_nonoverlapping_15min,Forge_1,O3_MAR_JUL_TO_AUG,"[""2019-03"", ""2019-04"", ""2019-05"", ""2019-06"", ""2019-07""]",2019-08,5,128.64000000000001,0.999004975124378,K-BLOCK,PASS,0.006167921280796063,0.0005359701492537311,1.01218415920398,1.0527363184079601,1.0527363184079601,0.002686567164179107,0.0005373134328358214,0.0025000000000000005,0.0001
all_observations,fixed_nonoverlapping_15min,Forge_1,O3_MAR_JUL_TO_AUG,"[""2019-03"", ""2019-04"", ""2019-05"", ""2019-06"", ""2019-07""]",2019-08,5,128.64000000000001,0.999004975124378,K-EMP,PASS,0.009230734550447778,0.0005359701492537311,0.9996135721393035,1.0527363184079601,1.0527363184079601,0.002686567164179107,0.0005373134328358214,0.0025000000000000005,0.0001
all_observations,fixed_nonoverlapping_15min,Forge_1,O3_MAR_JUL_TO_AUG,"[""2019-03"", ""2019-04"", ""2019-05"", ""2019-06"", ""2019-07""]",2019-08,5,128.64000000000001,0.999004975124378,K-GEV,FALLBACK_EMPIRICAL,0.009289538253930314,0.0005359701492537311,0.9997697711442783,1.0527363184079601,1.0527363184079601,0.002686567164179107,0.0005373134328358214,0.0025000000000000005,0.0001
all_observations,fixed_nonoverlapping_15min,Forge_1,O3_MAR_JUL_TO_AUG,"[""2019-03"", ""2019-04"", ""2019-05"", ""2019-06"", ""2019-07""]",2019-08,5,128.64000000000001,0.999004975124378,K-GTAIL,PASS,0.008465366470270073,0.0004752212924158831,1.0126760846553946,1.0489378289285178,1.0612019327971391,0.0024966426902069926,0.0006219695767276117,0.0025000000000000005,0.0001
all_observations,fixed_nonoverlapping_15min,Forge_1,O3_MAR_JUL_TO_AUG,"[""2019-03"", ""2019-04"", ""2019-05"", ""2019-06"", ""2019-07""]",2019-08,5,128.64000000000001,0.999004975124378,K-KDE,PASS,0.013533170935132711,0.0008182279261536926,0.9999247528744737,1.086154458455849,1.1169582963130202,0.0043574741665735476,0.001179533211886423,0.0025000000000000005,0.0001
all_observations,fixed_nonoverlapping_15min,Forge_1,O3_MAR_JUL_TO_AUG,"[""2019-03"", ""2019-04"", ""2019-05"", ""2019-06"", ""2019-07""]",2019-08,5,128.64000000000001,0.999004975124378,K-POINT,PASS,0.000995024875621717,9.925373134326978e-06,0.9999999999999999,0.9999999999999998,0.9999999999999998,4.975124378108768e-05,9.950248756217537e-06,0.0025000000000000005,0.0001
all_observations,fixed_nonoverlapping_15min,Forge_1,O3_MAR_JUL_TO_AUG,"[""2019-03"", ""2019-04"", ""2019-05"", ""2019-06"", ""2019-07""]",2019-08,5,128.64000000000001,0.999004975124378,K-UGPD,PASS,0.00865262918892932,0.0004799315794491477,1.0129546387467008,1.0493172987281592,1.0609274161906614,0.0025156161801890586,0.0006192244106628347,0.0025000000000000005,0.0001
all_observations,fixed_nonoverlapping_15min,Forge_1,O4_MAR_AUG_TO_SEP,"[""2019-03"", ""2019-04"", ""2019-05"", ""2019-06"", ""2019-07"", ""2019-08""]",2019-09,6,128.61866666666666,0.9782716868469067,K-BLOCK,PASS,0.019513151586399106,0.0007445264554652513,1.0085594758666447,1.052910930502571,1.052910930502571,0.0037319621827832192,0.0007463924365566439,0.0025000000000000005,0.0001
all_observations,fixed_nonoverlapping_15min,Forge_1,O4_MAR_AUG_TO_SEP,"[""2019-03"", ""2019-04"", ""2019-05"", ""2019-06"", ""2019-07"", ""2019-08""]",2019-09,6,128.61866666666666,0.9782716868469067,K-EMP,PASS,0.020340161144335782,0.0007445264554652513,0.9998513849726325,1.052910930502571,1.052910930502571,0.0037319621827832192,0.0007463924365566439,0.0025000000000000005,0.0001
all_observations,fixed_nonoverlapping_15min,Forge_1,O4_MAR_AUG_TO_SEP,"[""2019-03"", ""2019-04"", ""2019-05"", ""2019-06"", ""2019-07"", ""2019-08""]",2019-09,6,128.61866666666666,0.9782716868469067,K-GEV,PASS,0.01850131519225471,0.0007016717882195953,1.0006013011277337,1.0501675745268666,1.0543158446701542,0.003594794383997999,0.0007604415782324754,0.0025000000000000005,0.0001
all_observations,fixed_nonoverlapping_15min,Forge_1,O4_MAR_AUG_TO_SEP,"[""2019-03"", ""2019-04"", ""2019-05"", ""2019-06"", ""2019-07"", ""2019-08""]",2019-09,6,128.61866666666666,0.9782716868469067,K-GTAIL,PASS,0.020564581543181085,0.0006666812243678549,1.0100915375302664,1.0476306259934953,1.0599423265819097,0.003467946957329435,0.0008167063973500306,0.0025000000000000005,0.0001
all_observations,fixed_nonoverlapping_15min,Forge_1,O4_MAR_AUG_TO_SEP,"[""2019-03"", ""2019-04"", ""2019-05"", ""2019-06"", ""2019-07"", ""2019-08""]",2019-09,6,128.61866666666666,0.9782716868469067,K-KDE,PASS,0.017156897716093022,0.0009372885493652064,1.000018022088162,1.0767688955130912,1.1048774229525475,0.004924860433309229,0.0012660573610564097,0.0025000000000000005,0.0001
all_observations,fixed_nonoverlapping_15min,Forge_1,O4_MAR_AUG_TO_SEP,"[""2019-03"", ""2019-04"", ""2019-05"", ""2019-06"", ""2019-07"", ""2019-08""]",2019-09,6,128.61866666666666,0.9782716868469067,K-POINT,PASS,0.021728313153093315,0.00021673992370210574,1.0,1.0,1.0,0.0010864156576546667,0.00021728313153093333,0.0025000000000000005,0.0001
all_observations,fixed_nonoverlapping_15min,Forge_1,O4_MAR_AUG_TO_SEP,"[""2019-03"", ""2019-04"", ""2019-05"", ""2019-06"", ""2019-07"", ""2019-08""]",2019-09,6,128.61866666666666,0.9782716868469067,K-UGPD,PASS,0.02030881480176063,0.0006963722002943218,1.0104399654032485,1.0510222392636566,1.0668503609023978,0.003637527620837497,0.0008857867405549122,0.0025000000000000005,0.0001
all_observations,fixed_nonoverlapping_15min,Forge_2,O1_MAR_MAY_TO_JUN,"[""2019-03"", ""2019-04"", ""2019-05""]",2019-06,3,111.488,0.9804822043628013,K-BLOCK,PASS,0.016247364981860017,0.0004008323765786461,1.0033961882893225,1.0206659012629162,1.0206659012629162,0.002009184845005748,0.00040183696900114954,0.0025000000000000005,0.0001
all_observations,fixed_nonoverlapping_15min,Forge_2,O1_MAR_MAY_TO_JUN,"[""2019-03"", ""2019-04"", ""2019-05""]",2019-06,3,111.488,0.9804822043628013,K-EMP,PASS,0.011131834535017326,0.0004008323765786461,1.0000289322617681,1.0206659012629162,1.0206659012629162,0.002009184845005748,0.00040183696900114954,0.0025000000000000005,0.0001
all_observations,fixed_nonoverlapping_15min,Forge_2,O1_MAR_MAY_TO_JUN,"[""2019-03"", ""2019-04"", ""2019-05""]",2019-06,3,111.488,0.9804822043628013,K-GEV,FALLBACK_EMPIRICAL,0.010986275002525896,0.0004008323765786461,0.9998681515499426,1.0206659012629162,1.0206659012629162,0.002009184845005748,0.00040183696900114954,0.0025000000000000005,0.0001
all_observations,fixed_nonoverlapping_15min,Forge_2,O1_MAR_MAY_TO_JUN,"[""2019-03"", ""2019-04"", ""2019-05""]",2019-06,3,111.488,0.9804822043628013,K-GTAIL,PASS,0.014955541729236813,0.00042902014263340087,1.0024448617431407,1.0245437481603745,1.0291100517834646,0.0022030771898786626,0.00048627847420663325,0.0025000000000000005,0.0001
all_observations,fixed_nonoverlapping_15min,Forge_2,O1_MAR_MAY_TO_JUN,"[""2019-03"", ""2019-04"", ""2019-05""]",2019-06,3,111.488,0.9804822043628013,K-KDE,PASS,0.011479501013390004,0.0005653004573397873,0.9998324998780419,1.0396512075705442,1.0540664538250395,0.0029584501603871463,0.0007358424946223824,0.0025000000000000005,0.0001
all_observations,fixed_nonoverlapping_15min,Forge_2,O1_MAR_MAY_TO_JUN,"[""2019-03"", ""2019-04"", ""2019-05""]",2019-06,3,111.488,0.9804822043628013,K-POINT,PASS,0.019517795637198687,0.0001946900114810568,1.0,1.0,1.0,0.0009758897818599353,0.00019517795637198705,0.0025000000000000005,0.0001
all_observations,fixed_nonoverlapping_15min,Forge_2,O1_MAR_MAY_TO_JUN,"[""2019-03"", ""2019-04"", ""2019-05""]",2019-06,3,111.488,0.9804822043628013,K-UGPD,PASS,0.014883756967314673,0.00042882803403428686,1.0023806760359695,1.0246109622218436,1.0292488415827485,0.002206437892952114,0.00048766637219947273,0.0025000000000000005,0.0001
all_observations,fixed_nonoverlapping_15min,Forge_2,O2_MAR_JUN_TO_JUL,"[""2019-03"", ""2019-04"", ""2019-05"", ""2019-06""]",2019-07,4,110.944,0.9979809633689068,K-BLOCK,PASS,0.006481145952581568,0.00027620421113354413,1.0049151427747331,1.0256706085953273,1.0256706085953273,0.0013844822613210252,0.00027689645226420504,0.0025000000000000005,0.0001
all_observations,fixed_nonoverlapping_15min,Forge_2,O2_MAR_JUN_TO_JUL,"[""2019-03"", ""2019-04"", ""2019-05"", ""2019-06""]",2019-07,4,110.944,0.9979809633689068,K-EMP,PASS,0.006274616165676398,0.00027620421113354413,1.000109466397462,1.0256706085953273,1.0256706085953273,0.0013844822613210252,0.00027689645226420504,0.0025000000000000005,0.0001
all_observations,fixed_nonoverlapping_15min,Forge_2,O2_MAR_JUN_TO_JUL,"[""2019-03"", ""2019-04"", ""2019-05"", ""2019-06""]",2019-07,4,110.944,0.9979809633689068,K-GEV,FALLBACK_EMPIRICAL,0.006268731154773572,0.00027620421113354413,1.0000519873089126,1.0256706085953273,1.0256706085953273,0.0013844822613210252,0.00027689645226420504,0.0025000000000000005,0.0001
all_observations,fixed_nonoverlapping_15min,Forge_2,O2_MAR_JUN_TO_JUL,"[""2019-03"", ""2019-04"", ""2019-05"", ""2019-06""]",2019-07,4,110.944,0.9979809633689068,K-GTAIL,PASS,0.005242563133792327,0.0002868388375914501,1.0042732225524988,1.027967285799124,1.0328875269853355,0.0014993161215108588,0.00034906563616428663,0.0025000000000000005,0.0001
all_observations,fixed_nonoverlapping_15min,Forge_2,O2_MAR_JUN_TO_JUL,"[""2019-03"", ""2019-04"", ""2019-05"", ""2019-06""]",2019-07,4,110.944,0.9979809633689068,K-KDE,PASS,0.005705052503287171,0.00039098122227327985,0.9998894797016133,1.0396042455851116,1.0532847359994375,0.0020811641108102372,0.0005530377263053071,0.0025000000000000005,0.0001
all_observations,fixed_nonoverlapping_15min,Forge_2,O2_MAR_JUN_TO_JUL,"[""2019-03"", ""2019-04"", ""2019-05"", ""2019-06""]",2019-07,4,110.944,0.9979809633689068,K-POINT,PASS,0.002019036631093152,2.0139890395154178e-05,1.0,1.0,1.0,0.00010095183155465768,2.0190366310931537e-05,0.0025000000000000005,0.0001
all_observations,fixed_nonoverlapping_15min,Forge_2,O2_MAR_JUN_TO_JUL,"[""2019-03"", ""2019-04"", ""2019-05"", ""2019-06""]",2019-07,4,110.944,0.9979809633689068,K-UGPD,PASS,0.005270543949133243,0.0003035979127206585,1.0043617275085637,1.0298739091018219,1.0361553029213424,0.001594647286645752,0.00038174339552435576,0.0025000000000000005,0.0001
all_observations,fixed_nonoverlapping_15min,Forge_2,O3_MAR_JUL_TO_AUG,"[""2019-03"", ""2019-04"", ""2019-05"", ""2019-06"", ""2019-07""]",2019-08,5,110.8992,0.9672206832871653,K-BLOCK,PASS,0.02636756965697144,0.0005871710526315793,1.0029046398891968,1.0260849492151431,1.0260849492151431,0.002943213296398897,0.0005886426592797794,0.0025000000000000005,0.0001
all_observations,fixed_nonoverlapping_15min,Forge_2,O3_MAR_JUL_TO_AUG,"[""2019-03"", ""2019-04"", ""2019-05"", ""2019-06"", ""2019-07""]",2019-08,5,110.8992,0.9672206832871653,K-EMP,PASS,0.024525739502770164,0.0005871710526315793,0.9999482225300093,1.0260849492151431,1.0260849492151431,0.002943213296398897,0.0005886426592797794,0.0025000000000000005,0.0001
all_observations,fixed_nonoverlapping_15min,Forge_2,O3_MAR_JUL_TO_AUG,"[""2019-03"", ""2019-04"", ""2019-05"", ""2019-06"", ""2019-07""]",2019-08,5,110.8992,0.9672206832871653,K-GEV,FALLBACK_EMPIRICAL,0.024591485839796888,0.0005871710526315793,1.00003067867036,1.0260849492151431,1.0260849492151431,0.002943213296398897,0.0005886426592797794,0.0025000000000000005,0.0001
all_observations,fixed_nonoverlapping_15min,Forge_2,O3_MAR_JUL_TO_AUG,"[""2019-03"", ""2019-04"", ""2019-05"", ""2019-06"", ""2019-07""]",2019-08,5,110.8992,0.9672206832871653,K-GTAIL,PASS,0.02499506145090181,0.0006125627339287765,1.0019812988466725,1.0303382101899985,1.037966152054494,0.0031558763451416645,0.0007074546876732885,0.0025000000000000005,0.0001
all_observations,fixed_nonoverlapping_15min,Forge_2,O3_MAR_JUL_TO_AUG,"[""2019-03"", ""2019-04"", ""2019-05"", ""2019-06"", ""2019-07""]",2019-08,5,110.8992,0.9672206832871653,K-KDE,PASS,0.021936376670411088,0.000658452759673642,1.000119143247549,1.0356264032856033,1.048087159696002,0.0034202859999219047,0.0008086647640883678,0.0025000000000000005,0.0001
all_observations,fixed_nonoverlapping_15min,Forge_2,O3_MAR_JUL_TO_AUG,"[""2019-03"", ""2019-04"", ""2019-05"", ""2019-06"", ""2019-07""]",2019-08,5,110.8992,0.9672206832871653,K-POINT,PASS,0.03277931671283473,0.00032697368421052633,1.0,1.0,1.0,0.0016389658356417384,0.00032779316712834767,0.0025000000000000005,0.0001
all_observations,fixed_nonoverlapping_15min,Forge_2,O3_MAR_JUL_TO_AUG,"[""2019-03"", ""2019-04"", ""2019-05"", ""2019-06"", ""2019-07""]",2019-08,5,110.8992,0.9672206832871653,K-UGPD,PASS,0.02489173383148665,0.0006133188821634197,1.0018697840764348,1.0303552345081,1.038066398573371,0.0031567275610467375,0.0007084571528620571,0.0025000000000000005,0.0001
all_observations,fixed_nonoverlapping_15min,Forge_2,O4_MAR_AUG_TO_SEP,"[""2019-03"", ""2019-04"", ""2019-05"", ""2019-06"", ""2019-07"", ""2019-08""]",2019-09,6,110.29333333333334,1.0479690522243714,K-BLOCK,PASS,0.032386048767040626,0.0029249709864603403,1.0047477678916827,1.0317214700193424,1.0317214700193424,0.015435203094777528,0.016085106382978685,0.9025,0.9801
all_observations,fixed_nonoverlapping_15min,Forge_2,O4_MAR_AUG_TO_SEP,"[""2019-03"", ""2019-04"", ""2019-05"", ""2019-06"", ""2019-07"", ""2019-08""]",2019-09,6,110.29333333333334,1.0479690522243714,K-EMP,PASS,0.037604497675357916,0.0029249709864603403,1.0000459497098646,1.0317214700193424,1.0317214700193424,0.015435203094777528,0.016085106382978685,0.9025,0.9801
all_observations,fixed_nonoverlapping_15min,Forge_2,O4_MAR_AUG_TO_SEP,"[""2019-03"", ""2019-04"", ""2019-05"", ""2019-06"", ""2019-07"", ""2019-08""]",2019-09,6,110.29333333333334,1.0479690522243714,K-GEV,PASS,0.0377662590058276,0.0027375665571758613,1.0000297113639585,1.0317180541644417,1.0447050433739158,0.015438448156933203,0.0032313687619510787,0.9025,0.9801
all_observations,fixed_nonoverlapping_15min,Forge_2,O4_MAR_AUG_TO_SEP,"[""2019-03"", ""2019-04"", ""2019-05"", ""2019-06"", ""2019-07"", ""2019-08""]",2019-09,6,110.29333333333334,1.0479690522243714,K-GTAIL,PASS,0.02761231965747077,0.0009662583406106146,1.0090399767748317,1.042793570766406,1.0534422819267422,0.004916707385067154,5.473229702370746e-05,0.9025,0.0001
all_observations,fixed_nonoverlapping_15min,Forge_2,O4_MAR_AUG_TO_SEP,"[""2019-03"", ""2019-04"", ""2019-05"", ""2019-06"", ""2019-07"", ""2019-08""]",2019-09,6,110.29333333333334,1.0479690522243714,K-KDE,PASS,0.03466834955033967,0.0012611525966282227,1.00011452614921,1.0409360238260963,1.0554970220115567,0.006681376978361375,7.527969787185291e-05,0.9025,0.0001
all_observations,fixed_nonoverlapping_15min,Forge_2,O4_MAR_AUG_TO_SEP,"[""2019-03"", ""2019-04"", ""2019-05"", ""2019-06"", ""2019-07"", ""2019-08""]",2019-09,6,110.29333333333334,1.0479690522243714,K-POINT,PASS,0.047969052224371436,0.008635628626692461,1.0,1.0,1.0,0.04557059961315285,0.04748936170212771,0.9025,0.9801
all_observations,fixed_nonoverlapping_15min,Forge_2,O4_MAR_AUG_TO_SEP,"[""2019-03"", ""2019-04"", ""2019-05"", ""2019-06"", ""2019-07"", ""2019-08""]",2019-09,6,110.29333333333334,1.0479690522243714,K-UGPD,PASS,0.03033686389520565,0.0011955000299810508,1.005228860675108,1.04104943697707,1.0519229459030612,0.006573634484936374,3.953893678689816e-05,0.9025,0.0001
all_observations,fixed_nonoverlapping_15min,Metal_1,O1_MAR_MAY_TO_JUN,"[""2019-03"", ""2019-04"", ""2019-05""]",2019-06,3,208.256,1.0079901659496007,K-BLOCK,PASS,0.0043839053797173596,5.517824216348854e-05,1.0005399385371851,1.0135218192993238,1.0135218192993238,0.00027658266748615846,5.531653349723169e-05,0.0025000000000000005,0.0001
all_observations,fixed_nonoverlapping_15min,Metal_1,O1_MAR_MAY_TO_JUN,"[""2019-03"", ""2019-04"", ""2019-05""]",2019-06,3,208.256,1.0079901659496007,K-EMP,PASS,0.006218675557467757,5.517824216348854e-05,0.9999939766441305,1.0135218192993238,1.0135218192993238,0.00027658266748615846,5.531653349723169e-05,0.0025000000000000005,0.0001
all_observations,fixed_nonoverlapping_15min,Metal_1,O1_MAR_MAY_TO_JUN,"[""2019-03"", ""2019-04"", ""2019-05""]",2019-06,3,208.256,1.0079901659496007,K-GEV,FALLBACK_EMPIRICAL,0.006243391451751745,5.517824216348854e-05,0.9999556238475724,1.0135218192993238,1.0135218192993238,0.00027658266748615846,5.531653349723169e-05,0.0025000000000000005,0.0001
all_observations,fixed_nonoverlapping_15min,Metal_1,O1_MAR_MAY_TO_JUN,"[""2019-03"", ""2019-04"", ""2019-05""]",2019-06,3,208.256,1.0079901659496007,K-GTAIL,FALLBACK_EXPONENTIAL,0.011870716933017552,0.000657926435490911,1.0309485499645923,1.0783285958615678,1.1107643757684333,0.0035169214955983606,0.0010277420981883276,0.0025000000000000005,0.0001
all_observations,fixed_nonoverlapping_15min,Metal_1,O1_MAR_MAY_TO_JUN,"[""2019-03"", ""2019-04"", ""2019-05""]",2019-06,3,208.256,1.0079901659496007,K-KDE,PASS,0.0053703816725055,0.00014999593265090097,0.9999739282894061,1.024495618322265,1.033424549630236,0.0008252726186332223,0.00025434383680635243,0.0025000000000000005,0.0001
all_observations,fixed_nonoverlapping_15min,Metal_1,O1_MAR_MAY_TO_JUN,"[""2019-03"", ""2019-04"", ""2019-05""]",2019-06,3,208.256,1.0079901659496007,K-POINT,PASS,0.00799016594960067,0.0014384296250768602,1.0,1.0,1.0,0.007590657652120636,0.007910264290104663,0.9025,0.9801
all_observations,fixed_nonoverlapping_15min,Metal_1,O1_MAR_MAY_TO_JUN,"[""2019-03"", ""2019-04"", ""2019-05""]",2019-06,3,208.256,1.0079901659496007,K-UGPD,PASS,0.00513051087911546,7.699822441055021e-05,0.9998315620498345,1.0169976108254892,1.0243613079925273,0.0004503722437944284,0.00016371142042926682,0.0025000000000000005,0.0001
all_observations,fixed_nonoverlapping_15min,Metal_1,O2_MAR_JUN_TO_JUL,"[""2019-03"", ""2019-04"", ""2019-05"", ""2019-06""]",2019-07,4,208.67200000000003,0.999846649286919,K-BLOCK,PASS,0.003514983125042233,0.00011625517558656774,0.9986924827480447,1.0115013034810612,1.0115013034810612,0.0005827327097071072,0.00011654654194142143,0.0025000000000000005,0.0001
all_observations,fixed_nonoverlapping_15min,Metal_1,O2_MAR_JUN_TO_JUL,"[""2019-03"", ""2019-04"", ""2019-05"", ""2019-06""]",2019-07,4,208.67200000000003,0.999846649286919,K-EMP,PASS,0.0034970762697746124,0.00011625517558656774,0.9999890568931148,1.0115013034810612,1.0115013034810612,0.0005827327097071072,0.00011654654194142143,0.0025000000000000005,0.0001
all_observations,fixed_nonoverlapping_15min,Metal_1,O2_MAR_JUN_TO_JUL,"[""2019-03"", ""2019-04"", ""2019-05"", ""2019-06""]",2019-07,4,208.67200000000003,0.999846649286919,K-GEV,FALLBACK_EMPIRICAL,0.0034828143892041237,0.00011625517558656774,1.0000538690384912,1.0115013034810612,1.0115013034810612,0.0005827327097071072,0.00011654654194142143,0.0025000000000000005,0.0001
all_observations,fixed_nonoverlapping_15min,Metal_1,O2_MAR_JUN_TO_JUL,"[""2019-03"", ""2019-04"", ""2019-05"", ""2019-06""]",2019-07,4,208.67200000000003,0.999846649286919,K-GTAIL,FALLBACK_EXPONENTIAL,0.015581644735413812,0.0007014193660343383,1.027772354906426,1.074234788087821,1.1079091669686487,0.003719406940045098,0.001080625176817298,0.0025000000000000005,0.0001
all_observations,fixed_nonoverlapping_15min,Metal_1,O2_MAR_JUN_TO_JUL,"[""2019-03"", ""2019-04"", ""2019-05"", ""2019-06""]",2019-07,4,208.67200000000003,0.999846649286919,K-KDE,PASS,0.0032223954751713652,0.00019408818538826225,0.9999321636844758,1.020605897292451,1.0274924290089336,0.0010379624002765995,0.00027645779722014567,0.0025000000000000005,0.0001
all_observations,fixed_nonoverlapping_15min,Metal_1,O2_MAR_JUN_TO_JUL,"[""2019-03"", ""2019-04"", ""2019-05"", ""2019-06""]",2019-07,4,208.67200000000003,0.999846649286919,K-POINT,PASS,0.0001533507130809797,1.5296733629827715e-06,1.0,1.0,1.0,7.667535654048992e-06,1.5335071308097983e-06,0.0025000000000000005,0.0001
all_observations,fixed_nonoverlapping_15min,Metal_1,O2_MAR_JUN_TO_JUL,"[""2019-03"", ""2019-04"", ""2019-05"", ""2019-06""]",2019-07,4,208.67200000000003,0.999846649286919,K-UGPD,PASS,0.0030252120644668574,0.0001066432169382723,0.9957905495112893,1.011674537408241,1.0184660350062233,0.0005913944060660986,0.00018619385719304343,0.0025000000000000005,0.0001
all_observations,fixed_nonoverlapping_15min,Metal_1,O3_MAR_JUL_TO_AUG,"[""2019-03"", ""2019-04"", ""2019-05"", ""2019-06"", ""2019-07""]",2019-08,5,208.66559999999998,0.9906759906759908,K-BLOCK,PASS,0.006262390389645523,0.00020804195804195787,0.9992941602257394,1.011532327321801,1.011532327321801,0.0010428168322905171,0.00020856336645810343,0.0025000000000000005,0.0001
all_observations,fixed_nonoverlapping_15min,Metal_1,O3_MAR_JUL_TO_AUG,"[""2019-03"", ""2019-04"", ""2019-05"", ""2019-06"", ""2019-07""]",2019-08,5,208.66559999999998,0.9906759906759908,K-EMP,PASS,0.00602800003827747,0.00020804195804195787,0.99998692185008,1.011532327321801,1.011532327321801,0.0010428168322905171,0.00020856336645810343,0.0025000000000000005,0.0001
all_observations,fixed_nonoverlapping_15min,Metal_1,O3_MAR_JUL_TO_AUG,"[""2019-03"", ""2019-04"", ""2019-05"", ""2019-06"", ""2019-07""]",2019-08,5,208.66559999999998,0.9906759906759908,K-GEV,FALLBACK_EMPIRICAL,0.006015849770334973,0.00020804195804195787,0.9999721629247945,1.011532327321801,1.011532327321801,0.0010428168322905171,0.00020856336645810343,0.0025000000000000005,0.0001
all_observations,fixed_nonoverlapping_15min,Metal_1,O3_MAR_JUL_TO_AUG,"[""2019-03"", ""2019-04"", ""2019-05"", ""2019-06"", ""2019-07""]",2019-08,5,208.66559999999998,0.9906759906759908,K-GTAIL,FALLBACK_EXPONENTIAL,0.024037882637787347,0.0007917376731294421,1.0278136956885806,1.0740906787621787,1.1047733197972696,0.004170734404309399,0.001140973291212789,0.0025000000000000005,0.0001
all_observations,fixed_nonoverlapping_15min,Metal_1,O3_MAR_JUL_TO_AUG,"[""2019-03"", ""2019-04"", ""2019-05"", ""2019-06"", ""2019-07""]",2019-08,5,208.66559999999998,0.9906759906759908,K-KDE,PASS,0.005604002773185685,0.0002609855845987876,0.9999947696871243,1.0179284125512396,1.023852062547836,0.0013626210937624406,0.00033176071871845265,0.0025000000000000005,0.0001
all_observations,fixed_nonoverlapping_15min,Metal_1,O3_MAR_JUL_TO_AUG,"[""2019-03"", ""2019-04"", ""2019-05"", ""2019-06"", ""2019-07""]",2019-08,5,208.66559999999998,0.9906759906759908,K-POINT,PASS,0.00932400932400923,9.300699300699203e-05,1.0,1.0,1.0,0.0004662004662004619,9.324009324009239e-05,0.0025000000000000005,0.0001
all_observations,fixed_nonoverlapping_15min,Metal_1,O3_MAR_JUL_TO_AUG,"[""2019-03"", ""2019-04"", ""2019-05"", ""2019-06"", ""2019-07""]",2019-08,5,208.66559999999998,0.9906759906759908,K-UGPD,PASS,0.0041049022615623305,0.0002213443565027964,0.9976178333263291,1.0139981244144105,1.019901977362634,0.0011661066869209878,0.0002922598668664336,0.0025000000000000005,0.0001
all_observations,fixed_nonoverlapping_15min,Metal_1,O4_MAR_AUG_TO_SEP,"[""2019-03"", ""2019-04"", ""2019-05"", ""2019-06"", ""2019-07"", ""2019-08""]",2019-09,6,208.34133333333332,0.9977472865041982,K-BLOCK,PASS,0.0029128584924022535,0.00015321011673151766,0.999409248412861,1.0131066967028466,1.0131066967028466,0.0007679705099324204,0.00015359410198648407,0.0025000000000000005,0.0001
all_observations,fixed_nonoverlapping_15min,Metal_1,O4_MAR_AUG_TO_SEP,"[""2019-03"", ""2019-04"", ""2019-05"", ""2019-06"", ""2019-07"", ""2019-08""]",2019-09,6,208.34133333333332,0.9977472865041982,K-EMP,PASS,0.0025554772322751735,0.00015321011673151766,0.9999956215441329,1.0131066967028466,1.0131066967028466,0.0007679705099324204,0.00015359410198648407,0.0025000000000000005,0.0001
all_observations,fixed_nonoverlapping_15min,Metal_1,O4_MAR_AUG_TO_SEP,"[""2019-03"", ""2019-04"", ""2019-05"", ""2019-06"", ""2019-07"", ""2019-08""]",2019-09,6,208.34133333333332,0.9977472865041982,K-GEV,PASS,0.002166178874269835,0.00014817728942911592,0.9999019186526391,1.013497203497692,1.018148765924419,0.000787495849674686,0.00020401479420220877,0.0025000000000000005,0.0001
all_observations,fixed_nonoverlapping_15min,Metal_1,O4_MAR_AUG_TO_SEP,"[""2019-03"", ""2019-04"", ""2019-05"", ""2019-06"", ""2019-07"", ""2019-08""]",2019-09,6,208.34133333333332,0.9977472865041982,K-GTAIL,FALLBACK_EXPONENTIAL,0.020660331470429574,0.0007624916050123567,1.031587323893325,1.0780352466391971,1.109340746674273,0.004014398006749951,0.0011159346017007498,0.0025000000000000005,0.0001
all_observations,fixed_nonoverlapping_15min,Metal_1,O4_MAR_AUG_TO_SEP,"[""2019-03"", ""2019-04"", ""2019-05"", ""2019-06"", ""2019-07"", ""2019-08""]",2019-09,6,208.34133333333332,0.9977472865041982,K-KDE,PASS,0.002868819280095535,0.00019262855178030062,1.0000375985864163,1.0182172675837504,1.0241162586363677,0.001023499053977612,0.00026368972132169514,0.0025000000000000005,0.0001
all_observations,fixed_nonoverlapping_15min,Metal_1,O4_MAR_AUG_TO_SEP,"[""2019-03"", ""2019-04"", ""2019-05"", ""2019-06"", ""2019-07"", ""2019-08""]",2019-09,6,208.34133333333332,0.9977472865041982,K-POINT,PASS,0.002252713495801806,2.2470817120623e-05,1.0,1.0,1.0,0.00011263567479009039,2.2527134958018078e-05,0.0025000000000000005,0.0001
all_observations,fixed_nonoverlapping_15min,Metal_1,O4_MAR_AUG_TO_SEP,"[""2019-03"", ""2019-04"", ""2019-05"", ""2019-06"", ""2019-07"", ""2019-08""]",2019-09,6,208.34133333333332,0.9977472865041982,K-UGPD,PASS,0.002075520787199246,0.0001403471291708993,0.9977908240606411,1.0129593038207196,1.0191760604870843,0.0007606008658260728,0.00021428773982886136,0.0025000000000000005,0.0001
all_observations,fixed_nonoverlapping_15min,Metal_3,O1_MAR_MAY_TO_JUN,"[""2019-03"", ""2019-04"", ""2019-05""]",2019-06,3,276.35200000000003,1.0018527095877718,K-BLOCK,PASS,0.00258886021167183,7.623320981936181e-05,1.0001642473367298,1.009495136637332,1.009495136637332,0.0003821213524780046,7.642427049560092e-05,0.0025000000000000005,0.0001
all_observations,fixed_nonoverlapping_15min,Metal_3,O1_MAR_MAY_TO_JUN,"[""2019-03"", ""2019-04"", ""2019-05""]",2019-06,3,276.35200000000003,1.0018527095877718,K-EMP,PASS,0.003393435258452955,7.623320981936181e-05,1.000020125057897,1.009495136637332,1.009495136637332,0.0003821213524780046,7.642427049560092e-05,0.0025000000000000005,0.0001
all_observations,fixed_nonoverlapping_15min,Metal_3,O1_MAR_MAY_TO_JUN,"[""2019-03"", ""2019-04"", ""2019-05""]",2019-06,3,276.35200000000003,1.0018527095877718,K-GEV,FALLBACK_EMPIRICAL,0.0034018067377489074,7.623320981936181e-05,1.0000116072255674,1.009495136637332,1.009495136637332,0.0003821213524780046,7.642427049560092e-05,0.0025000000000000005,0.0001
all_observations,fixed_nonoverlapping_15min,Metal_3,O1_MAR_MAY_TO_JUN,"[""2019-03"", ""2019-04"", ""2019-05""]",2019-06,3,276.35200000000003,1.0018527095877718,K-GTAIL,FALLBACK_EXPONENTIAL,0.0507838694630949,0.0019645313023111985,1.0866939508971531,1.2094141612622251,1.2919726882263962,0.010378072583722673,0.002901199786386246,0.0025000000000000005,0.0001
all_observations,fixed_nonoverlapping_15min,Metal_3,O1_MAR_MAY_TO_JUN,"[""2019-03"", ""2019-04"", ""2019-05""]",2019-06,3,276.35200000000003,1.0018527095877718,K-KDE,PASS,0.0026535151293041468,0.00013979412673687192,0.9999679540803097,1.0169761612146306,1.0228678628295398,0.0007561725813429405,0.00021015153241767966,0.0025000000000000005,0.0001
all_observations,fixed_nonoverlapping_15min,Metal_3,O1_MAR_MAY_TO_JUN,"[""2019-03"", ""2019-04"", ""2019-05""]",2019-06,3,276.35200000000003,1.0018527095877718,K-POINT,PASS,0.0018527095877718391,0.00033353404353862526,1.0,1.0,1.0,0.0017600741083832472,0.0018341824918941207,0.9025,0.9801
all_observations,fixed_nonoverlapping_15min,Metal_3,O1_MAR_MAY_TO_JUN,"[""2019-03"", ""2019-04"", ""2019-05""]",2019-06,3,276.35200000000003,1.0018527095877718,K-UGPD,PASS,0.0026291088237010074,0.0001418842292440647,1.0012828445397337,1.01680500034771,1.0196282195424629,0.0007476145379969108,0.0001777550995469103,0.0025000000000000005,0.0001
all_observations,fixed_nonoverlapping_15min,Metal_3,O2_MAR_JUN_TO_JUL,"[""2019-03"", ""2019-04"", ""2019-05"", ""2019-06""]",2019-07,4,276.48,1.0125,K-BLOCK,PASS,0.009120119735277727,0.0006250868055555732,1.0003765694444444,1.0090277777777776,1.0090277777777776,0.0032986111111112048,0.0034375000000000976,0.9025,0.9801
all_observations,fixed_nonoverlapping_15min,Metal_3,O2_MAR_JUN_TO_JUL,"[""2019-03"", ""2019-04"", ""2019-05"", ""2019-06""]",2019-07,4,276.48,1.0125,K-EMP,PASS,0.009173053431111146,0.0006250868055555732,1.0000251111111111,1.0090277777777776,1.0090277777777776,0.0032986111111112048,0.0034375000000000976,0.9025,0.9801
all_observations,fixed_nonoverlapping_15min,Metal_3,O2_MAR_JUN_TO_JUL,"[""2019-03"", ""2019-04"", ""2019-05"", ""2019-06""]",2019-07,4,276.48,1.0125,K-GEV,FALLBACK_EMPIRICAL,0.009157460086388913,0.0006250868055555732,1.0000350694444444,1.0090277777777776,1.0090277777777776,0.0032986111111112048,0.0034375000000000976,0.9025,0.9801
all_observations,fixed_nonoverlapping_15min,Metal_3,O2_MAR_JUN_TO_JUL,"[""2019-03"", ""2019-04"", ""2019-05"", ""2019-06""]",2019-07,4,276.48,1.0125,K-GTAIL,FALLBACK_EXPONENTIAL,0.15089721960138652,0.003986638328730674,1.2233477485829178,1.4311127805256827,1.5708688690118746,0.020930639026284156,0.005583688690118752,0.0025000000000000005,0.0001
all_observations,fixed_nonoverlapping_15min,Metal_3,O2_MAR_JUN_TO_JUL,"[""2019-03"", ""2019-04"", ""2019-05"", ""2019-06""]",2019-07,4,276.48,1.0125,K-KDE,PASS,0.008387189252041138,4.858403188949035e-05,0.9999545482752373,1.0139676119438672,1.0188406441951718,7.338059719336216e-05,6.340644195171891e-05,0.0025000000000000005,0.0001
all_observations,fixed_nonoverlapping_15min,Metal_3,O2_MAR_JUN_TO_JUL,"[""2019-03"", ""2019-04"", ""2019-05"", ""2019-06""]",2019-07,4,276.48,1.0125,K-POINT,PASS,0.012500000000000032,0.002250312500000012,0.9999999999999999,0.9999999999999999,0.9999999999999999,0.011875000000000063,0.012375000000000067,0.9025,0.9801
all_observations,fixed_nonoverlapping_15min,Metal_3,O2_MAR_JUN_TO_JUL,"[""2019-03"", ""2019-04"", ""2019-05"", ""2019-06""]",2019-07,4,276.48,1.0125,K-UGPD,PASS,0.007103288588913547,2.412871318030886e-05,1.000353885437269,1.0135230845346463,1.0157752556172444,5.1154226732319556e-05,3.275255617244402e-05,0.0025000000000000005,0.0001
all_observations,fixed_nonoverlapping_15min,Metal_3,O3_MAR_JUL_TO_AUG,"[""2019-03"", ""2019-04"", ""2019-05"", ""2019-06"", ""2019-07""]",2019-08,5,277.1712,0.9975062344139654,K-BLOCK,PASS,0.002781648138819515,0.00012437655860348683,1.000816999168745,1.0099750623441395,1.0099750623441395,0.0006234413965087066,0.00012468827930174132,0.0025000000000000005,0.0001
all_observations,fixed_nonoverlapping_15min,Metal_3,O3_MAR_JUL_TO_AUG,"[""2019-03"", ""2019-04"", ""2019-05"", ""2019-06"", ""2019-07""]",2019-08,5,277.1712,0.9975062344139654,K-EMP,PASS,0.0025518158196175204,0.00012437655860348683,1.000017775006927,1.0099750623441395,1.0099750623441395,0.0006234413965087066,0.00012468827930174132,0.0025000000000000005,0.0001
all_observations,fixed_nonoverlapping_15min,Metal_3,O3_MAR_JUL_TO_AUG,"[""2019-03"", ""2019-04"", ""2019-05"", ""2019-06"", ""2019-07""]",2019-08,5,277.1712,0.9975062344139654,K-GEV,FALLBACK_EMPIRICAL,0.0025486817464670823,0.00012437655860348683,0.9999899002493765,1.0099750623441395,1.0099750623441395,0.0006234413965087066,0.00012468827930174132,0.0025000000000000005,0.0001
all_observations,fixed_nonoverlapping_15min,Metal_3,O3_MAR_JUL_TO_AUG,"[""2019-03"", ""2019-04"", ""2019-05"", ""2019-06"", ""2019-07""]",2019-08,5,277.1712,0.9975062344139654,K-GTAIL,FALLBACK_EMPIRICAL,0.0025478444973675886,0.00012437655860348683,0.9999838043779439,1.0099750623441395,1.0099750623441395,0.0006234413965087066,0.00012468827930174132,0.0025000000000000005,0.0001
all_observations,fixed_nonoverlapping_15min,Metal_3,O3_MAR_JUL_TO_AUG,"[""2019-03"", ""2019-04"", ""2019-05"", ""2019-06"", ""2019-07""]",2019-08,5,277.1712,0.9975062344139654,K-KDE,PASS,0.002637712670514902,0.00017351539942587425,0.999986326856111,1.0158263164201993,1.0211436254095683,0.0009160041003116967,0.00023637390995602934,0.0025000000000000005,0.0001
all_observations,fixed_nonoverlapping_15min,Metal_3,O3_MAR_JUL_TO_AUG,"[""2019-03"", ""2019-04"", ""2019-05"", ""2019-06"", ""2019-07""]",2019-08,5,277.1712,0.9975062344139654,K-POINT,PASS,0.0024937655860346464,2.4875311720695583e-05,1.0,1.0,1.0,0.00012468827930173243,2.4937655860346486e-05,0.0025000000000000005,0.0001
all_observations,fixed_nonoverlapping_15min,Metal_3,O3_MAR_JUL_TO_AUG,"[""2019-03"", ""2019-04"", ""2019-05"", ""2019-06"", ""2019-07""]",2019-08,5,277.1712,0.9975062344139654,K-UGPD,PASS,0.003150308718895641,0.00017313297709735512,1.0002230433853576,1.0155953441655572,1.0184479023380293,0.0009044554875795927,0.0002094166792406395,0.0025000000000000005,0.0001
all_observations,fixed_nonoverlapping_15min,Metal_3,O4_MAR_AUG_TO_SEP,"[""2019-03"", ""2019-04"", ""2019-05"", ""2019-06"", ""2019-07"", ""2019-08""]",2019-09,6,277.056,1.022869022869023,K-BLOCK,PASS,0.01862389950048503,0.002245634095634115,0.9997994733194733,1.0103950103950103,1.0103950103950103,0.011850311850311955,0.01234927234927246,0.9025,0.9801
all_observations,fixed_nonoverlapping_15min,Metal_3,O4_MAR_AUG_TO_SEP,"[""2019-03"", ""2019-04"", ""2019-05"", ""2019-06"", ""2019-07"", ""2019-08""]",2019-09,6,277.056,1.022869022869023,K-EMP,PASS,0.01911126829438676,0.002245634095634115,0.9999804296604297,1.0103950103950103,1.0103950103950103,0.011850311850311955,0.01234927234927246,0.9025,0.9801
all_observations,fixed_nonoverlapping_15min,Metal_3,O4_MAR_AUG_TO_SEP,"[""2019-03"", ""2019-04"", ""2019-05"", ""2019-06"", ""2019-07"", ""2019-08""]",2019-09,6,277.056,1.022869022869023,K-GEV,PASS,0.01583257774154505,0.0004533363938342604,1.020896583757467,1.0732078691187215,1.349352313538443,0.002516942312484929,0.0032648329066942046,0.0025000000000000005,0.0001
all_observations,fixed_nonoverlapping_15min,Metal_3,O4_MAR_AUG_TO_SEP,"[""2019-03"", ""2019-04"", ""2019-05"", ""2019-06"", ""2019-07"", ""2019-08""]",2019-09,6,277.056,1.022869022869023,K-GTAIL,FALLBACK_EMPIRICAL,0.019088175286486583,0.002245634095634115,1.0000058766458768,1.0103950103950103,1.0103950103950103,0.011850311850311955,0.01234927234927246,0.9025,0.9801
all_observations,fixed_nonoverlapping_15min,Metal_3,O4_MAR_AUG_TO_SEP,"[""2019-03"", ""2019-04"", ""2019-05"", ""2019-06"", ""2019-07"", ""2019-08""]",2019-09,6,277.056,1.022869022869023,K-KDE,PASS,0.01793077402747645,0.0014012623032988135,0.9999948232727499,1.0146657927962566,1.019540307918177,0.007793068569128037,0.0032954278013373984,0.9025,0.9801
all_observations,fixed_nonoverlapping_15min,Metal_3,O4_MAR_AUG_TO_SEP,"[""2019-03"", ""2019-04"", ""2019-05"", ""2019-06"", ""2019-07"", ""2019-08""]",2019-09,6,277.056,1.022869022869023,K-POINT,PASS,0.02286902286902293,0.0041169958419958515,1.0,1.0,1.0,0.02172557172557178,0.022640332640332696,0.9025,0.9801
all_observations,fixed_nonoverlapping_15min,Metal_3,O4_MAR_AUG_TO_SEP,"[""2019-03"", ""2019-04"", ""2019-05"", ""2019-06"", ""2019-07"", ""2019-08""]",2019-09,6,277.056,1.022869022869023,K-UGPD,PASS,0.017866851292410214,0.001534157726955291,0.9988780468504268,1.014198774000052,1.0170661722858925,0.008236736425522395,0.005744822077299154,0.9025,0.9801
all_observations,fixed_nonoverlapping_15min,Paper,O1_MAR_MAY_TO_JUN,"[""2019-03"", ""2019-04"", ""2019-05""]",2019-06,3,595.0933333333332,0.9918444165621081,K-BLOCK,PASS,0.006629702927728957,0.00026282936010037564,1.0013533626097868,1.018193224592221,1.018193224592221,0.001317440401505644,0.0002634880803011288,0.0025000000000000005,0.0001
all_observations,fixed_nonoverlapping_15min,Paper,O1_MAR_MAY_TO_JUN,"[""2019-03"", ""2019-04"", ""2019-05""]",2019-06,3,595.0933333333332,0.9918444165621081,K-EMP,PASS,0.006543294617314918,0.00026282936010037564,1.0001435382685069,1.018193224592221,1.018193224592221,0.001317440401505644,0.0002634880803011288,0.0025000000000000005,0.0001
all_observations,fixed_nonoverlapping_15min,Paper,O1_MAR_MAY_TO_JUN,"[""2019-03"", ""2019-04"", ""2019-05""]",2019-06,3,595.0933333333332,0.9918444165621081,K-GEV,FALLBACK_EMPIRICAL,0.006447394674278503,0.00026282936010037564,0.9999123839397743,1.018193224592221,1.018193224592221,0.001317440401505644,0.0002634880803011288,0.0025000000000000005,0.0001
all_observations,fixed_nonoverlapping_15min,Paper,O1_MAR_MAY_TO_JUN,"[""2019-03"", ""2019-04"", ""2019-05""]",2019-06,3,595.0933333333332,0.9918444165621081,K-GTAIL,FALLBACK_EXPONENTIAL,0.005489587419234563,0.0004249361373462154,1.0026197808358692,1.0376161598337788,1.0614799581499288,0.002288587163583535,0.0006963554158782077,0.0025000000000000005,0.0001
all_observations,fixed_nonoverlapping_15min,Paper,O1_MAR_MAY_TO_JUN,"[""2019-03"", ""2019-04"", ""2019-05""]",2019-06,3,595.0933333333332,0.9918444165621081,K-KDE,PASS,0.006230891827535577,0.0004061703974640254,0.999936879401919,1.0348146485325878,1.047197484093592,0.0021485115985239852,0.00055353067531484,0.0025000000000000005,0.0001
all_observations,fixed_nonoverlapping_15min,Paper,O1_MAR_MAY_TO_JUN,"[""2019-03"", ""2019-04"", ""2019-05""]",2019-06,3,595.0933333333332,0.9918444165621081,K-POINT,PASS,0.00815558343789191,8.135194479297178e-05,1.0,1.0,1.0,0.00040777917189459593,8.155583437891919e-05,0.0025000000000000005,0.0001
all_observations,fixed_nonoverlapping_15min,Paper,O1_MAR_MAY_TO_JUN,"[""2019-03"", ""2019-04"", ""2019-05""]",2019-06,3,595.0933333333332,0.9918444165621081,K-UGPD,PASS,0.003451634044861719,0.000272182985889975,0.9969046828240171,1.0210543828557934,1.0339898291065883,0.0014604983146842678,0.0004214541254448027,0.0025000000000000005,0.0001
all_observations,fixed_nonoverlapping_15min,Paper,O2_MAR_JUN_TO_JUL,"[""2019-03"", ""2019-04"", ""2019-05"", ""2019-06""]",2019-07,4,593.8799999999999,1.010843941537011,K-BLOCK,PASS,0.006387014587081479,9.405940594059357e-05,1.0010496181046677,1.0202734559170203,1.0202734559170203,0.0004714757190004697,9.429514380009393e-05,0.0025000000000000005,0.0001
all_observations,fixed_nonoverlapping_15min,Paper,O2_MAR_JUN_TO_JUL,"[""2019-03"", ""2019-04"", ""2019-05"", ""2019-06""]",2019-07,4,593.8799999999999,1.010843941537011,K-EMP,PASS,0.00837302296954256,9.405940594059357e-05,0.9999892880716645,1.0202734559170203,1.0202734559170203,0.0004714757190004697,9.429514380009393e-05,0.0025000000000000005,0.0001
all_observations,fixed_nonoverlapping_15min,Paper,O2_MAR_JUN_TO_JUL,"[""2019-03"", ""2019-04"", ""2019-05"", ""2019-06""]",2019-07,4,593.8799999999999,1.010843941537011,K-GEV,FALLBACK_EMPIRICAL,0.008396883342574098,9.405940594059357e-05,0.9999644318717588,1.0202734559170203,1.0202734559170203,0.0004714757190004697,9.429514380009393e-05,0.0025000000000000005,0.0001
all_observations,fixed_nonoverlapping_15min,Paper,O2_MAR_JUN_TO_JUL,"[""2019-03"", ""2019-04"", ""2019-05"", ""2019-06""]",2019-07,4,593.8799999999999,1.010843941537011,K-GTAIL,FALLBACK_EXPONENTIAL,0.006519727426479173,0.00023579294057065654,1.0030011357828168,1.037514514879632,1.0600824878912944,0.0013335286671310577,0.0004923854635428353,0.0025000000000000005,0.0001
all_observations,fixed_nonoverlapping_15min,Paper,O2_MAR_JUN_TO_JUL,"[""2019-03"", ""2019-04"", ""2019-05"", ""2019-06""]",2019-07,4,593.8799999999999,1.010843941537011,K-KDE,PASS,0.007134689008581925,0.0001833469368124137,1.0001190368756558,1.0312811011498995,1.041624964320409,0.0010218579806444258,0.0003078102278339803,0.0025000000000000005,0.0001
all_observations,fixed_nonoverlapping_15min,Paper,O2_MAR_JUN_TO_JUL,"[""2019-03"", ""2019-04"", ""2019-05"", ""2019-06""]",2019-07,4,593.8799999999999,1.010843941537011,K-POINT,PASS,0.010843941537010775,0.0019521805752003572,1.0000000000000002,1.0000000000000002,1.0000000000000002,0.0103017444601602,0.010735502121640629,0.9025,0.9801
all_observations,fixed_nonoverlapping_15min,Paper,O2_MAR_JUN_TO_JUL,"[""2019-03"", ""2019-04"", ""2019-05"", ""2019-06""]",2019-07,4,593.8799999999999,1.010843941537011,K-UGPD,PASS,0.009019728305621538,7.34551232492234e-05,0.9971327886984237,1.0200198237015,1.0313701972907616,0.00045879410822444774,0.00020526255753750683,0.0025000000000000005,0.0001
all_observations,fixed_nonoverlapping_15min,Paper,O3_MAR_JUL_TO_AUG,"[""2019-03"", ""2019-04"", ""2019-05"", ""2019-06"", ""2019-07""]",2019-08,5,595.1679999999999,0.9936018065487394,K-BLOCK,PASS,0.00574466026646577,0.00024402521640948298,1.0024354535190063,1.0180654873917954,1.0180654873917954,0.0012231840421527984,0.0002446368084305597,0.0025000000000000005,0.0001
all_observations,fixed_nonoverlapping_15min,Paper,O3_MAR_JUL_TO_AUG,"[""2019-03"", ""2019-04"", ""2019-05"", ""2019-06"", ""2019-07""]",2019-08,5,595.1679999999999,0.9936018065487394,K-EMP,PASS,0.004563228520135452,0.00024402521640948298,0.9999111403838916,1.0180654873917954,1.0180654873917954,0.0012231840421527984,0.0002446368084305597,0.0025000000000000005,0.0001
all_observations,fixed_nonoverlapping_15min,Paper,O3_MAR_JUL_TO_AUG,"[""2019-03"", ""2019-04"", ""2019-05"", ""2019-06"", ""2019-07""]",2019-08,5,595.1679999999999,0.9936018065487394,K-GEV,FALLBACK_EMPIRICAL,0.004593936624764749,0.00024402521640948298,1.0000676703048552,1.0180654873917954,1.0180654873917954,0.0012231840421527984,0.0002446368084305597,0.0025000000000000005,0.0001
all_observations,fixed_nonoverlapping_15min,Paper,O3_MAR_JUL_TO_AUG,"[""2019-03"", ""2019-04"", ""2019-05"", ""2019-06"", ""2019-07""]",2019-08,5,595.1679999999999,0.9936018065487394,K-GTAIL,FALLBACK_EXPONENTIAL,0.005946356983813267,0.00045542477330453267,1.005423008180524,1.0425687550498424,1.068226296667995,0.0024483474250551495,0.0007462449011925561,0.0025000000000000005,0.0001
all_observations,fixed_nonoverlapping_15min,Paper,O3_MAR_JUL_TO_AUG,"[""2019-03"", ""2019-04"", ""2019-05"", ""2019-06"", ""2019-07""]",2019-08,5,595.1679999999999,0.9936018065487394,K-KDE,PASS,0.004998289777383258,0.0003178076580226746,1.0000880149080686,1.027070253658981,1.0364856400822717,0.0016734223555120845,0.0004288383353353235,0.0025000000000000005,0.0001
all_observations,fixed_nonoverlapping_15min,Paper,O3_MAR_JUL_TO_AUG,"[""2019-03"", ""2019-04"", ""2019-05"", ""2019-06"", ""2019-07""]",2019-08,5,595.1679999999999,0.9936018065487394,K-POINT,PASS,0.006398193451260581,6.382197967632426e-05,1.0,1.0,1.0,0.0003199096725630293,6.398193451260587e-05,0.0025000000000000005,0.0001
all_observations,fixed_nonoverlapping_15min,Paper,O3_MAR_JUL_TO_AUG,"[""2019-03"", ""2019-04"", ""2019-05"", ""2019-06"", ""2019-07""]",2019-08,5,595.1679999999999,0.9936018065487394,K-UGPD,PASS,0.0032695335207357174,0.00025139395148380666,0.9979520556585049,1.0205173663909362,1.0317591517757556,0.001345777992109838,0.00038157345227016225,0.0025000000000000005,0.0001
all_observations,fixed_nonoverlapping_15min,Paper,O4_MAR_AUG_TO_SEP,"[""2019-03"", ""2019-04"", ""2019-05"", ""2019-06"", ""2019-07"", ""2019-08""]",2019-09,6,594.5333333333332,0.9833594976452121,K-BLOCK,PASS,0.012559196016075327,0.00035703296703296767,1.0017415761381478,1.0191522762951337,1.0191522762951337,0.0017896389324960809,0.0003579277864992162,0.0025000000000000005,0.0001
all_observations,fixed_nonoverlapping_15min,Paper,O4_MAR_AUG_TO_SEP,"[""2019-03"", ""2019-04"", ""2019-05"", ""2019-06"", ""2019-07"", ""2019-08""]",2019-09,6,594.5333333333332,0.9833594976452121,K-EMP,PASS,0.010074264033908976,0.00035703296703296767,0.9999645211930928,1.0191522762951337,1.0191522762951337,0.0017896389324960809,0.0003579277864992162,0.0025000000000000005,0.0001
all_observations,fixed_nonoverlapping_15min,Paper,O4_MAR_AUG_TO_SEP,"[""2019-03"", ""2019-04"", ""2019-05"", ""2019-06"", ""2019-07"", ""2019-08""]",2019-09,6,594.5333333333332,0.9833594976452121,K-GEV,PASS,0.010551588903496991,0.0003506655737342716,0.9999019719319011,1.0200158316905035,1.028922974436532,0.0018328167022645687,0.0004556347679131993,0.0025000000000000005,0.0001
all_observations,fixed_nonoverlapping_15min,Paper,O4_MAR_AUG_TO_SEP,"[""2019-03"", ""2019-04"", ""2019-05"", ""2019-06"", ""2019-07"", ""2019-08""]",2019-09,6,594.5333333333332,0.9833594976452121,K-GTAIL,FALLBACK_EXPONENTIAL,0.012616097536821717,0.0005435950478477237,1.0055016307834463,1.0407017876220757,1.0644547205891952,0.0028671144988431786,0.0008109522294398315,0.0025000000000000005,0.0001
all_observations,fixed_nonoverlapping_15min,Paper,O4_MAR_AUG_TO_SEP,"[""2019-03"", ""2019-04"", ""2019-05"", ""2019-06"", ""2019-07"", ""2019-08""]",2019-09,6,594.5333333333332,0.9833594976452121,K-KDE,PASS,0.009731349725512449,0.0004028931980942553,0.9998375888664159,1.0252903369630444,1.034213088597431,0.002096541965891615,0.0005085359095221891,0.0025000000000000005,0.0001
all_observations,fixed_nonoverlapping_15min,Paper,O4_MAR_AUG_TO_SEP,"[""2019-03"", ""2019-04"", ""2019-05"", ""2019-06"", ""2019-07"", ""2019-08""]",2019-09,6,594.5333333333332,0.9833594976452121,K-POINT,PASS,0.01664050235478812,0.00016598901098901112,1.0000000000000002,1.0000000000000002,1.0000000000000002,0.0008320251177394052,0.00016640502354788104,0.0025000000000000005,0.0001
all_observations,fixed_nonoverlapping_15min,Paper,O4_MAR_AUG_TO_SEP,"[""2019-03"", ""2019-04"", ""2019-05"", ""2019-06"", ""2019-07"", ""2019-08""]",2019-09,6,594.5333333333332,0.9833594976452121,K-UGPD,PASS,0.008655682802658476,0.00033972921977785313,0.9978669262695193,1.0189013532790523,1.0296016572822584,0.0017770927816920094,0.00046242159637046296,0.0025000000000000005,0.0001
all_observations,fixed_nonoverlapping_15min,Steel_2,O1_MAR_MAY_TO_JUN,"[""2019-03"", ""2019-04"", ""2019-05""]",2019-06,3,12839.436,0.9691042503736146,K-BLOCK,PASS,0.04637580393139404,0.0008264660885415836,1.02915078830877,1.0519579935858034,1.0519579935858034,0.004142687160609447,0.0008285374321218893,0.0025000000000000005,0.0001
all_observations,fixed_nonoverlapping_15min,Steel_2,O1_MAR_MAY_TO_JUN,"[""2019-03"", ""2019-04"", ""2019-05""]",2019-06,3,12839.436,0.9691042503736146,K-EMP,PASS,0.043917663663269,0.0008264660885415836,0.9996951807841612,1.0519579935858034,1.0519579935858034,0.004142687160609447,0.0008285374321218893,0.0025000000000000005,0.0001
all_observations,fixed_nonoverlapping_15min,Steel_2,O1_MAR_MAY_TO_JUN,"[""2019-03"", ""2019-04"", ""2019-05""]",2019-06,3,12839.436,0.9691042503736146,K-GEV,FALLBACK_EMPIRICAL,0.04369649275079531,0.0008264660885415836,0.9991331352747895,1.0519579935858034,1.0519579935858034,0.004142687160609447,0.0008285374321218893,0.0025000000000000005,0.0001
all_observations,fixed_nonoverlapping_15min,Steel_2,O1_MAR_MAY_TO_JUN,"[""2019-03"", ""2019-04"", ""2019-05""]",2019-06,3,12839.436,0.9691042503736146,K-GTAIL,PASS,0.03803585636516463,0.0018087489549564425,1.03906058715362,1.16160642926137,1.2497922269123078,0.009625108944387775,0.0028068797653869352,0.0025000000000000005,0.0001
all_observations,fixed_nonoverlapping_15min,Steel_2,O1_MAR_MAY_TO_JUN,"[""2019-03"", ""2019-04"", ""2019-05""]",2019-06,3,12839.436,0.9691042503736146,K-KDE,PASS,0.030932855889941373,0.001811833939529595,1.0002502226991965,1.1603058041546312,1.215472689727497,0.00956007768905084,0.0024636843935388264,0.0025000000000000005,0.0001
all_observations,fixed_nonoverlapping_15min,Steel_2,O1_MAR_MAY_TO_JUN,"[""2019-03"", ""2019-04"", ""2019-05""]",2019-06,3,12839.436,0.9691042503736146,K-POINT,PASS,0.030895749626385423,0.00030818510252319446,1.0,1.0,1.0,0.0015447874813192721,0.00030895749626385445,0.0025000000000000005,0.0001
all_observations,fixed_nonoverlapping_15min,Steel_2,O1_MAR_MAY_TO_JUN,"[""2019-03"", ""2019-04"", ""2019-05""]",2019-06,3,12839.436,0.9691042503736146,K-UGPD,PASS,0.03781768388109822,0.0018138358169213053,1.0388050302655156,1.1618824286813765,1.2491829060242652,0.009638908915388104,0.0028007865565065084,0.0025000000000000005,0.0001
all_observations,fixed_nonoverlapping_15min,Steel_2,O2_MAR_JUN_TO_JUL,"[""2019-03"", ""2019-04"", ""2019-05"", ""2019-06""]",2019-07,4,12740.265,1.1026253640197698,K-BLOCK,PASS,0.054612930212182574,0.007647257714027148,1.0297502149863706,1.060146498784235,1.060146498784235,0.04035492197375805,0.042054076583179445,0.9025,0.9801
all_observations,fixed_nonoverlapping_15min,Steel_2,O2_MAR_JUN_TO_JUL,"[""2019-03"", ""2019-04"", ""2019-05"", ""2019-06""]",2019-07,4,12740.265,1.1026253640197698,K-EMP,PASS,0.06841904026937415,0.007647257714027148,1.0000096415357138,1.060146498784235,1.060146498784235,0.04035492197375805,0.042054076583179445,0.9025,0.9801
all_observations,fixed_nonoverlapping_15min,Steel_2,O2_MAR_JUN_TO_JUL,"[""2019-03"", ""2019-04"", ""2019-05"", ""2019-06""]",2019-07,4,12740.265,1.1026253640197698,K-GEV,FALLBACK_EMPIRICAL,0.06824196721358976,0.007647257714027148,1.0003808570104313,1.060146498784235,1.060146498784235,0.04035492197375805,0.042054076583179445,0.9025,0.9801
all_observations,fixed_nonoverlapping_15min,Steel_2,O2_MAR_JUN_TO_JUL,"[""2019-03"", ""2019-04"", ""2019-05"", ""2019-06""]",2019-07,4,12740.265,1.1026253640197698,K-GTAIL,PASS,0.05331463148284998,0.00020196024313573293,1.026027041441609,1.1310403518935352,1.1961977226741547,0.001420749393688271,0.0009357235865438493,0.0025000000000000005,0.0001
all_observations,fixed_nonoverlapping_15min,Steel_2,O2_MAR_JUN_TO_JUL,"[""2019-03"", ""2019-04"", ""2019-05"", ""2019-06""]",2019-07,4,12740.265,1.1026253640197698,K-KDE,PASS,0.06074223814482569,0.0002625835670019282,1.0002065411581276,1.1369472559047427,1.182599713867841,0.001716094594248642,0.0007997434984807124,0.0025000000000000005,0.0001
all_observations,fixed_nonoverlapping_15min,Steel_2,O2_MAR_JUN_TO_JUL,"[""2019-03"", ""2019-04"", ""2019-05"", ""2019-06""]",2019-07,4,12740.265,1.1026253640197698,K-POINT,PASS,0.10262536401976984,0.018475131157659065,1.0,1.0,1.0,0.09749409581878135,0.10159911037957214,0.9025,0.9801
all_observations,fixed_nonoverlapping_15min,Steel_2,O2_MAR_JUN_TO_JUL,"[""2019-03"", ""2019-04"", ""2019-05"", ""2019-06""]",2019-07,4,12740.265,1.1026253640197698,K-UGPD,PASS,0.0534399389035471,0.0001943848041997656,1.025655490346891,1.1298343607988726,1.1915183103397662,0.0013604498389551368,0.0008889294631999642,0.0025000000000000005,0.0001
all_observations,fixed_nonoverlapping_15min,Steel_2,O3_MAR_JUL_TO_AUG,"[""2019-03"", ""2019-04"", ""2019-05"", ""2019-06"", ""2019-07""]",2019-08,5,13001.759866666665,0.9823192242929083,K-BLOCK,PASS,0.03228635545016392,0.0009788451933055763,1.0285342960064312,1.080449068233317,1.080449068233317,0.004906492197020439,0.0009812984394040878,0.0025000000000000005,0.0001
all_observations,fixed_nonoverlapping_15min,Steel_2,O3_MAR_JUL_TO_AUG,"[""2019-03"", ""2019-04"", ""2019-05"", ""2019-06"", ""2019-07""]",2019-08,5,13001.759866666665,0.9823192242929083,K-EMP,PASS,0.028425359856617753,0.0009788451933055763,0.9998550311789076,1.080449068233317,1.080449068233317,0.004906492197020439,0.0009812984394040878,0.0025000000000000005,0.0001
all_observations,fixed_nonoverlapping_15min,Steel_2,O3_MAR_JUL_TO_AUG,"[""2019-03"", ""2019-04"", ""2019-05"", ""2019-06"", ""2019-07""]",2019-08,5,13001.759866666665,0.9823192242929083,K-GEV,FALLBACK_EMPIRICAL,0.028451740549558298,0.0009788451933055763,1.0003063786985393,1.080449068233317,1.080449068233317,0.004906492197020439,0.0009812984394040878,0.0025000000000000005,0.0001
all_observations,fixed_nonoverlapping_15min,Steel_2,O3_MAR_JUL_TO_AUG,"[""2019-03"", ""2019-04"", ""2019-05"", ""2019-06"", ""2019-07""]",2019-08,5,13001.759866666665,0.9823192242929083,K-GTAIL,PASS,0.024647018984599846,0.002089242746540043,1.0371891914153213,1.2073716313432987,1.3710188692739333,0.01125262035251953,0.003886996449810254,0.0025000000000000005,0.0001
all_observations,fixed_nonoverlapping_15min,Steel_2,O3_MAR_JUL_TO_AUG,"[""2019-03"", ""2019-04"", ""2019-05"", ""2019-06"", ""2019-07""]",2019-08,5,13001.759866666665,0.9823192242929083,K-KDE,PASS,0.0250203939488751,0.0014910225962711315,1.0001901649967482,1.140521074819405,1.1872118539638126,0.007910092526324842,0.0020489262967090444,0.0025000000000000005,0.0001
all_observations,fixed_nonoverlapping_15min,Steel_2,O3_MAR_JUL_TO_AUG,"[""2019-03"", ""2019-04"", ""2019-05"", ""2019-06"", ""2019-07""]",2019-08,5,13001.759866666665,0.9823192242929083,K-POINT,PASS,0.017680775707091704,0.00017636573767823964,1.0,1.0,1.0,0.0008840387853545858,0.00017680775707091715,0.0025000000000000005,0.0001
all_observations,fixed_nonoverlapping_15min,Steel_2,O3_MAR_JUL_TO_AUG,"[""2019-03"", ""2019-04"", ""2019-05"", ""2019-06"", ""2019-07""]",2019-08,5,13001.759866666665,0.9823192242929083,K-UGPD,PASS,0.024610653836688673,0.002074465470933371,1.0368007169602789,1.205642443171575,1.3532383463539233,0.01116616094393335,0.003709191220610153,0.0025000000000000005,0.0001
all_observations,fixed_nonoverlapping_15min,Steel_2,O4_MAR_AUG_TO_SEP,"[""2019-03"", ""2019-04"", ""2019-05"", ""2019-06"", ""2019-07"", ""2019-08""]",2019-09,6,12963.446333333333,1.0709025704301522,K-BLOCK,PASS,0.02584494366071761,0.00012707921239771288,1.0228377392812134,1.0836423410965896,1.0836423410965896,0.00063698853332187,0.000127397706664374,0.0025000000000000005,0.0001
all_observations,fixed_nonoverlapping_15min,Steel_2,O4_MAR_AUG_TO_SEP,"[""2019-03"", ""2019-04"", ""2019-05"", ""2019-06"", ""2019-07"", ""2019-08""]",2019-09,6,12963.446333333333,1.0709025704301522,K-EMP,PASS,0.03995207257157446,0.00012707921239771288,0.9997678001942847,1.0836423410965896,1.0836423410965896,0.00063698853332187,0.000127397706664374,0.0025000000000000005,0.0001
all_observations,fixed_nonoverlapping_15min,Steel_2,O4_MAR_AUG_TO_SEP,"[""2019-03"", ""2019-04"", ""2019-05"", ""2019-06"", ""2019-07"", ""2019-08""]",2019-09,6,12963.446333333333,1.0709025704301522,K-GEV,PASS,0.02953327403081315,7.981805864538804e-05,0.9997246949515692,1.0802543842617796,1.0830719860153446,0.0004675906915813659,0.00012169415585192367,0.0025000000000000005,0.0001
all_observations,fixed_nonoverlapping_15min,Steel_2,O4_MAR_AUG_TO_SEP,"[""2019-03"", ""2019-04"", ""2019-05"", ""2019-06"", ""2019-07"", ""2019-08""]",2019-09,6,12963.446333333333,1.0709025704301522,K-GTAIL,PASS,0.034986311820936984,0.0009391766788293851,1.0268391706949749,1.1795637880607548,1.3153250867819681,0.005433060881530132,0.002444225163518161,0.0025000000000000005,0.0001
all_observations,fixed_nonoverlapping_15min,Steel_2,O4_MAR_AUG_TO_SEP,"[""2019-03"", ""2019-04"", ""2019-05"", ""2019-06"", ""2019-07"", ""2019-08""]",2019-09,6,12963.446333333333,1.0709025704301522,K-KDE,PASS,0.040137653115092764,0.00048075841458516174,0.9998634661857759,1.126498955302372,1.1699512936374998,0.002779819243610995,0.0009904872320734767,0.0025000000000000005,0.0001
all_observations,fixed_nonoverlapping_15min,Steel_2,O4_MAR_AUG_TO_SEP,"[""2019-03"", ""2019-04"", ""2019-05"", ""2019-06"", ""2019-07"", ""2019-08""]",2019-09,6,12963.446333333333,1.0709025704301522,K-POINT,PASS,0.07090257043015223,0.012764235241688156,1.0,1.0,1.0,0.06735744190864464,0.07019354472585072,0.9025,0.9801
all_observations,fixed_nonoverlapping_15min,Steel_2,O4_MAR_AUG_TO_SEP,"[""2019-03"", ""2019-04"", ""2019-05"", ""2019-06"", ""2019-07"", ""2019-08""]",2019-09,6,12963.446333333333,1.0709025704301522,K-UGPD,PASS,0.034907764366192105,0.0009409480478914714,1.0268807740429242,1.1804374854353308,1.3142157684267495,0.005476745750258931,0.0024331319799659745,0.0025000000000000005,0.0001
