tail_rate_per_month,replication_id,fit_status,xi_hat,count_model,survival_upper_limit,original_tail_integral,transformed_tail_integral,absolute_difference,relative_difference,original_integration_warning
1.0,25,PASS,0.9244647037650496,poisson,1.0,48686.68793854787,48686.687938547875,7.275957614183426e-12,1.4944449750550105e-16,False
1.0,25,PASS,0.9244647037650496,poisson,0.5,48293.13834618119,48293.13834618119,0.0,0.0,False
1.0,25,PASS,0.9244647037650496,poisson,0.1,45919.7699804035,45919.76998040349,7.275957614183426e-12,1.5844934801042077e-16,False
1.0,25,PASS,0.9244647037650496,poisson,0.01,39687.75070498105,39687.75070498105,0.0,0.0,False
1.0,25,PASS,0.9244647037650496,poisson,0.0001,28128.42970938051,28128.429709380518,7.275957614183426e-12,2.5866917170129034e-16,False
1.0,41,PASS,0.6385124978163432,negative_binomial,1.0,6799.841270578577,6799.841270563069,1.55077941599302e-08,2.2806112000090935e-12,False
1.0,41,PASS,0.6385124978163432,negative_binomial,0.5,6400.828098850277,6400.8280987681455,8.213100954890251e-08,1.2831309993266155e-11,False
1.0,41,PASS,0.6385124978163432,negative_binomial,0.1,4780.782937806002,4780.782937796823,9.179530024994165e-09,1.9200892708223354e-12,False
1.0,41,PASS,0.6385124978163432,negative_binomial,0.01,2321.2502344955183,2321.250234495119,3.992681740783155e-10,1.7200565804796047e-13,False
1.0,41,PASS,0.6385124978163432,negative_binomial,0.0001,445.44936967448837,445.4493696744877,6.821210263296962e-13,1.5313098923636516e-15,False
1.0,51,PASS,0.9489678933984882,poisson,1.0,67174.29998617677,67174.29998617677,0.0,0.0,False
1.0,51,PASS,0.9489678933984882,poisson,0.5,66790.56761839575,66790.56761839574,1.4551915228366852e-11,2.1787380684512856e-16,False
1.0,51,PASS,0.9489678933984882,poisson,0.1,64469.38951521223,64469.38951521221,1.4551915228366852e-11,2.257182104219116e-16,False
1.0,51,PASS,0.9489678933984882,poisson,0.01,58361.364215865804,58361.36421586582,1.4551915228366852e-11,2.4934158794750796e-16,False
1.0,51,PASS,0.9489678933984882,poisson,0.0001,46243.49091604758,46243.49091604758,0.0,0.0,False
1.0,63,PASS,0.8178798824825477,negative_binomial,1.0,18486.69225202852,18486.692252028522,3.637978807091713e-12,1.9678906088202566e-16,False
1.0,63,PASS,0.8178798824825477,negative_binomial,0.5,18069.42756116449,18069.42756116449,0.0,0.0,False
1.0,63,PASS,0.8178798824825477,negative_binomial,0.1,15878.543788759065,15878.543788759069,3.637978807091713e-12,2.2911287429689583e-16,False
1.0,63,PASS,0.8178798824825477,negative_binomial,0.01,11128.583564928142,11128.58356492814,1.8189894035458565e-12,1.6345201461922096e-16,False
1.0,63,PASS,0.8178798824825477,negative_binomial,0.0001,4849.976491208411,4849.976491208412,9.094947017729282e-13,1.8752558974699692e-16,False
1.0,81,PASS,0.7287568841669733,poisson,1.0,10428.68761917236,10428.687619182785,1.0424628271721303e-08,9.996107518405274e-13,False
1.0,81,PASS,0.7287568841669733,poisson,0.5,10031.841970292031,10031.841970296351,4.320099833421409e-09,4.3063874473032485e-13,False
1.0,81,PASS,0.7287568841669733,poisson,0.1,8161.586362875292,8161.586362875852,5.593392415903509e-10,6.853315234579711e-14,False
1.0,81,PASS,0.7287568841669733,poisson,0.01,4762.691675998336,4762.691675998366,3.001332515850663e-11,6.30175690560846e-15,False
1.0,81,PASS,0.7287568841669733,poisson,0.0001,1380.514444809156,1380.5144448091562,2.2737367544323206e-13,1.6470213426463962e-16,False
1.0,92,PASS,0.8242964335493741,negative_binomial,1.0,19808.384889857272,19808.38488985728,7.275957614183426e-12,3.6731705561259665e-16,False
1.0,92,PASS,0.8242964335493741,negative_binomial,0.5,19366.122504815692,19366.122504815696,3.637978807091713e-12,1.878527209660618e-16,False
1.0,92,PASS,0.8242964335493741,negative_binomial,0.1,17051.050100417742,17051.050100417742,0.0,0.0,False
1.0,92,PASS,0.8242964335493741,negative_binomial,0.01,12076.82758519738,12076.827585197381,1.8189894035458565e-12,1.5061814791290053e-16,False
1.0,92,PASS,0.8242964335493741,negative_binomial,0.0001,5417.891645268931,5417.891645268931,0.0,0.0,False
1.0,102,PASS,0.6635470004855799,poisson,1.0,8130.448095190743,8130.4480951771075,1.363514456897974e-08,1.6770471208183419e-12,False
1.0,102,PASS,0.6635470004855799,poisson,0.5,7705.779129246258,7705.779129240857,5.400579539127648e-09,7.008479543144772e-13,False
1.0,102,PASS,0.6635470004855799,poisson,0.1,5879.0441671758535,5879.044167175227,6.266418495215476e-10,1.0658906987300922e-13,False
1.0,102,PASS,0.6635470004855799,poisson,0.01,2989.28046405494,2989.2804640549107,2.9103830456733704e-11,9.736065520347605e-15,False
1.0,102,PASS,0.6635470004855799,poisson,0.0001,642.6280979018885,642.6280979018885,0.0,0.0,False
1.0,106,PASS,0.769511036375521,negative_binomial,1.0,12657.506320208027,12657.506320208002,2.546585164964199e-11,2.0119169610040147e-15,False
1.0,106,PASS,0.769511036375521,negative_binomial,0.5,12254.742009890982,12254.742009890522,4.602043190971017e-10,3.7553162581936146e-14,False
1.0,106,PASS,0.769511036375521,negative_binomial,0.1,10307.000690955796,10307.000690955732,6.366462912410498e-11,6.176833691295851e-15,False
1.0,106,PASS,0.769511036375521,negative_binomial,0.01,6538.9207438062485,6538.920743806244,4.547473508864641e-12,6.954471061867619e-16,False
1.0,106,PASS,0.769511036375521,negative_binomial,0.0001,2284.0102363077385,2284.010236307738,4.547473508864641e-13,1.991003996644056e-16,False
1.0,126,PASS,0.6954867714413578,negative_binomial,1.0,9097.939471495702,9097.939471536376,4.0674422052688897e-08,4.470729023856671e-12,False
1.0,126,PASS,0.6954867714413578,negative_binomial,0.5,8675.618287581032,8675.6182875975,1.646731107030064e-08,1.8981138317071876e-12,False
1.0,126,PASS,0.6954867714413578,negative_binomial,0.1,6814.200887636746,6814.200887638765,2.0190782379359007e-09,2.9630447813750103e-13,False
1.0,126,PASS,0.6954867714413578,negative_binomial,0.01,3706.122561019851,3706.1225610199517,1.0049916454590857e-10,2.711706450373041e-14,False
1.0,126,PASS,0.6954867714413578,negative_binomial,0.0001,922.3769670554613,922.3769670554617,4.547473508864641e-13,4.930168110530459e-16,False
1.0,158,PASS,0.9948105474313178,poisson,1.0,856115.1797466011,856115.1797466005,6.984919309616089e-10,8.158854643464608e-16,False
1.0,158,PASS,0.9948105474313178,poisson,0.5,855669.9414732776,855669.941473277,5.820766091346741e-10,6.802583343438068e-16,False
1.0,158,PASS,0.9948105474313178,poisson,0.1,852777.5936703185,852777.5936703184,1.1641532182693481e-10,1.3651311044171345e-16,False
1.0,158,PASS,0.9948105474313178,poisson,0.01,844308.0911305017,844308.0911305017,0.0,0.0,False
1.0,158,PASS,0.9948105474313178,poisson,0.0001,824577.822026638,824577.822026638,0.0,0.0,False
1.0,180,PASS,0.7689473499024004,poisson,1.0,11612.187288757708,11612.187288757688,2.000888343900442e-11,1.7230934139665466e-15,False
1.0,180,PASS,0.7689473499024004,poisson,0.5,11228.50830782697,11228.508307826583,3.8744474295526743e-10,3.4505450976529774e-14,False
1.0,180,PASS,0.7689473499024004,poisson,0.1,9378.008660953554,9378.008660953503,5.093170329928398e-11,5.430972090199108e-15,False
1.0,180,PASS,0.7689473499024004,poisson,0.01,5908.40423896802,5908.404238968017,2.7284841053187847e-12,4.617971274415292e-16,False
1.0,180,PASS,0.7689473499024004,poisson,0.0001,2056.592236187178,2056.5922361871785,4.547473508864641e-13,2.21116924825868e-16,False
