replication_id,training_months,xi_bias,sigma_relative_bias,q99_relative_error
0,12,-0.2035692011541776,0.2605197050642286,-0.2767339025386887
0,24,-0.0907097034247237,0.0019722289136592,-0.1643770752382
0,60,-0.0973601171781448,0.0609868791970629,-0.1792856337317275
1,12,-0.0713113894876495,0.0274400829742554,-0.1660803532760951
1,24,-0.1246032959965391,0.0594321257904489,-0.1817104814203556
1,60,-0.0595230793225723,0.036849895318364,-0.1259726260186347
2,12,-0.1621658427173586,0.0196223419909446,-0.2839541973781755
2,24,-0.037602307276728,-0.0562551796748085,-0.1214662211057396
2,60,-0.0819668476790176,0.036551220078532,-0.1381744533403117
3,12,-0.0281743406252888,-0.1553510344396881,-0.151155510988028
3,24,-0.031501745622814,-0.1259915677097641,-0.1441314271752662
3,60,0.0332193315609276,-0.0552223483750071,0.0853170678881203
4,12,-0.0368124481348922,0.0045346716059933,-0.0868564258430032
4,24,-0.0043476706341213,-0.0010619423219464,0.00702350587442
4,60,-0.0519018375965861,0.0394887530188006,-0.0907067596007499
5,12,0.0406898322187221,-0.0834664901580011,0.0499674419184747
5,24,-0.0344135354483769,0.072263339878206,-0.0433577359184993
5,60,0.0023085067462126,0.0258396516422148,0.0567521410607322
6,12,0.0629104242596236,-0.0265450025129667,0.2705688712851137
6,24,-0.0053046200801257,0.0765136605982533,0.0676183859090598
6,60,-0.0019622857111832,0.0374084157255748,-0.0099842097852326
7,12,-0.0647327424264857,0.1262509153605788,-0.1031466900755823
7,24,-0.0067983215425077,0.0568776969866013,-0.0155559467099315
7,60,-0.0066989905408596,0.0230528530739484,0.007189405840456
8,12,-0.1337552160357108,0.2906759308065735,-0.1468511406623682
8,24,-0.0426823982589265,0.1519068720351334,0.0099583070995794
8,60,-0.0417757016865691,0.0836479159993636,-0.0493702280349618
9,12,0.0461600558341352,-0.0284454569747196,0.1924724205982715
9,24,-0.0966040193906519,0.2733639840801511,-0.0633009123741979
9,60,-0.0404499386447114,0.109863216647318,0.0101070142784578
10,12,-0.0665200513850727,-0.0244886192885382,-0.1685651684515105
10,24,-0.0468219941863913,0.0208219939623872,-0.084177956886859
10,60,-0.0226286685424637,0.0229899402688823,-0.0717466178840498
11,12,0.0972391305517728,-0.0534906169684775,0.3283837967714659
11,24,0.0588261228565756,0.030826955725353,0.2625554235270332
11,60,0.0683955041012619,0.0082116994368977,0.3172549180088289
12,12,-0.0240422583089203,-0.0640706639641518,-0.041862256258458
12,24,0.0571900110998556,-0.1077740207825024,0.1206948723455439
12,60,0.0320560754727449,0.0037385366554389,0.0459852798613553
13,12,0.0108523138545404,0.0303204552049863,0.0257346399959932
13,24,-0.0128562180299715,0.0806538851588834,0.0092538998410785
13,60,0.0093494471505452,-0.0221319952892767,-0.0122383799394379
14,12,0.0619566542157151,-0.0671062635368198,0.1116079821902174
14,24,0.0679017525435464,-0.0569721270009731,0.109207511488324
14,60,0.0291794515517331,0.0140270998177368,0.1344021715165483
15,12,-0.0604192639596554,0.0243618211272657,-0.1415469343870922
15,24,0.0108266925875878,-0.1104871831699105,-0.034130045757482
15,60,0.0627902724739948,-0.0939671421999764,0.1179885295666898
16,12,-0.1248581290176772,0.2425940238802603,-0.1750618301252969
16,24,0.0579950954015024,-0.1589812914396725,0.0648617506467395
16,60,-0.0091184745111876,-0.0166673905525309,-0.009366220088052
17,12,0.0584202631910048,-0.0583394335803232,0.1470705858417851
17,24,-0.0072865601768363,-0.0593982680344162,-0.0606172547249037
17,60,0.0078118062080609,-0.0682392473271041,-0.0260408934604341
18,12,0.0164934345444594,-0.0312281992102339,0.0285842048100062
18,24,-0.026232744133364,0.0528067778985051,-0.0342060225281829
18,60,-0.0114568502640122,-0.0163778076607662,-0.0408498989068248
19,12,0.0769977470367936,-0.1091598915001116,0.2343579346905328
19,24,0.0098524447317801,-0.0339680380700471,0.0311705865562065
19,60,0.0546530243629631,-0.0170630742318169,0.1824645826388536
20,12,-0.0152146485818178,-0.072565927165458,-0.0957103785462826
20,24,0.0238413110650698,-0.0285110264019639,0.0754788836892369
20,60,0.0044879389978236,-0.0125189974006952,-0.0251339493262959
21,12,-0.0877297177961463,0.2603038575731956,-0.1022922598019675
21,24,0.0304091187909721,0.0253311088828912,0.1585266885981471
21,60,0.0841383003432345,-0.0322273160456517,0.280587331010013
22,12,-0.0300630595667904,0.0021218198624207,-0.1119795589733328
22,24,0.039649970516571,-0.0621678145584427,0.0796935931016938
22,60,-0.0179650730802948,0.0153118386086782,-0.0691281700465417
23,12,-0.0893776508655281,0.0770803232440952,-0.1515469941369574
23,24,-0.0401043460078704,0.064795151941744,-0.0827967340656148
23,60,0.0378276317536984,0.0017446874964513,0.1464780203643299
24,12,-0.1556255540932061,-0.1145190466902945,-0.3307014609157665
24,24,0.0253419910749077,-0.0554091157401245,0.0402231080119219
24,60,0.0228903974125448,-0.0563660086756456,0.0559719514640601
25,12,-0.0689390399049243,0.1431099171367398,-0.0805551825348113
25,24,-0.0075546461150512,0.0224591449686729,-0.0083916211395688
25,60,0.0268798866983638,0.0005614384410188,0.1174931632166676
26,12,-0.0363945845125286,0.1755875464633809,0.0074747027426657
26,24,-0.0515983465900792,0.086494593841667,-0.0848899350422779
26,60,-0.0161789860908053,0.025714773089082,-0.0180362624945109
27,12,-0.1341457514331363,0.0005628886831157,-0.2314060127458085
27,24,-0.1178376163643935,0.1518374109122003,-0.1213274432290437
27,60,0.0271716235861516,-0.0276399191196203,0.0560129960521502
28,12,0.0064954165324594,-0.0333920627536816,0.005881980425498
28,24,-0.1240616678769835,0.1763188768876188,-0.1399984042016588
28,60,-0.0325853755261043,0.0549354880362377,-0.042550927122276
29,12,-0.1008100258035005,0.0266739078550044,-0.2098353422613021
29,24,-0.0796627896288407,0.0004874834835337,-0.1941988132923419
29,60,-5.739876265598021e-05,-0.0104922581865291,0.051641711938214
30,12,-0.0583217707941936,0.0267920552655345,-0.093482995016594
30,24,0.0135427334551404,-0.0046866791490125,0.0488713063654179
30,60,-0.0227262073788206,0.0398023727569882,-0.0352543504791383
31,12,-0.0380339386170931,0.0556833609451163,-0.0313489290057642
31,24,0.0046741600861684,0.1543705893063986,0.0616678138821995
31,60,-0.0444135434940431,0.1710777455512383,0.0007136772472517
32,12,-0.095252249991097,-0.0283245901413132,-0.2493798388617984
32,24,-0.0819562124592514,0.0165531599429773,-0.131850057235378
32,60,-0.0566842448062077,0.0046674763074516,-0.1125101724118507
33,12,0.0160598367290908,0.0053834366351316,0.086402651117002
33,24,-0.0126924571595065,-0.0138625665954907,0.0031524354459753
33,60,-0.0414628334380031,0.0085941004702571,-0.115550153960338
34,12,0.0343492862768817,0.0631779389671007,0.177713007217263
34,24,0.0626543378373906,-0.0030822607735192,0.2016864938635134
34,60,0.0687263395814244,-0.0607877416733743,0.202364621435817
35,12,0.0232776370784363,-0.0665835455025508,0.0656344950193969
35,24,-0.0359420918166057,0.0934280688793934,-0.0555472521687938
35,60,-0.054585056966576,0.0726279225506047,-0.0642413019598928
36,12,-0.0920012740139723,0.0678235351907488,-0.1943781385894618
36,24,0.0226123986831175,0.0297767896286749,0.0874709460560412
36,60,-0.0255340555352964,0.0705220887176173,0.0011589734156376
37,12,0.1844069738040443,-0.2304737235781412,0.6907510269183044
37,24,0.0738991638249504,-0.0847249917040756,0.2206092064027522
37,60,0.0175379238552376,-0.0731210435754452,0.0188418237662962
38,12,0.0973408101677731,0.1000751423014637,0.4850041902114971
38,24,0.1284540347063735,0.0006920404442752,0.3617677586732271
38,60,0.0680551225987646,0.0963902068661748,0.2625008940224912
39,12,-0.0724473445084619,0.1820115855588905,-0.0818966561052814
39,24,-0.0886755246217097,0.1012164984442239,-0.1525330369224257
39,60,-0.0207762196026899,0.0033130965033364,-0.0308331122234475
40,12,-0.0880066393619608,0.1496146987928114,-0.1403914931439253
40,24,-0.0664327821132114,0.0825044363739289,-0.1097828444906645
40,60,-0.1115276902167446,0.1697216287650766,-0.1132448551939301
41,12,-0.0986633268146137,-0.0027626141920803,-0.2453083773713126
41,24,-0.0618271479298483,-0.1561589509612447,-0.2573308108607953
41,60,0.0205519999653578,-0.1029202308642474,-0.0067122782138614
42,12,-0.0342902627357356,0.1457973261460106,0.0067848899040812
42,24,-0.1082823096228233,0.2644722873924084,-0.1231412738998401
42,60,-0.0548819736651591,0.0135856779423129,-0.1150289837199291
43,12,-0.0163944184858747,0.1538963575603233,0.0144417963305465
43,24,-0.0482212172790949,0.0785577357030439,-0.090956379174406
43,60,-0.0391667863133221,0.0711466909031747,-0.0993177864843721
44,12,-0.0268417246326745,-0.0741384962372305,-0.1002968561171119
44,24,-0.0118932795144522,0.1555532884573374,0.1042646579309662
44,60,-0.0365407987408638,-0.0068956325867055,-0.0723312489084446
45,12,-0.1282967701634982,0.1318168830902294,-0.2150837075549557
45,24,-0.0247970084661327,-0.0443999174296534,-0.0847329143072618
45,60,-0.0248004632445405,-0.0179139385056993,-0.0659499235737805
46,12,0.1032281481999319,-0.1016393140214806,0.2575323594377438
46,24,0.0362445351226994,-0.0041899799992416,0.1223921560866088
46,60,-0.0108824438380449,0.0174271427319985,-0.0292115283273456
47,12,-0.0236520648495987,0.1584434600946114,0.0371865811693408
47,24,-0.0986619235351444,0.0401313671738532,-0.1186712354948651
47,60,-0.0264900753225872,0.0348811621443246,-0.0092440304863365
48,12,-0.0327487133497011,0.1772350529462404,0.051267048204355
48,24,0.0206567622585113,0.0794008422356394,0.1145530195736606
48,60,-0.0183583375837609,0.1061630808644102,0.0084549647285313
49,12,0.0130711738363668,-0.0562621838228294,0.0420516481693899
49,24,-0.0695709370167466,0.2169488077171501,-0.0050830708604981
49,60,-0.0440549926239668,0.0743250045826278,-0.0329854272871377
50,12,-0.0092902666023287,-0.0668397774666025,-0.0716877664513125
50,24,0.0380987382007159,-0.0837674196023384,0.0802501344978008
50,60,0.0374121221845169,0.0076544059214085,0.1383441406997324
51,12,-0.0072112619769807,0.0527898892366657,0.0122182686800245
51,24,-0.009592029974612,0.0121201812482866,0.0078180939141668
51,60,-0.0360765788462578,0.0483782400254051,-0.0703003529851526
52,12,0.0187685273832655,-0.0384792995344294,0.0429565736359085
52,24,0.0289081523785844,-0.0361876249939125,0.1263548310694753
52,60,-0.0252558444114426,-0.0294911867895361,-0.0996088303535089
53,12,-0.0562722880165096,0.0756456587896614,-0.0892942761374949
53,24,-0.0327247264923284,-0.0145954222879859,-0.0763488759428119
53,60,-0.0145455841321481,-0.0359764027040728,-0.0722096365546069
54,12,0.1443693066231556,-0.1776042270777552,0.393565962219084
54,24,0.065649963022778,-0.0820693728231192,0.1660542579120092
54,60,-0.0199958356176362,-0.0029613532855604,-0.0322408092152924
55,12,-0.1275707360633245,0.107034075765326,-0.2315816763716165
55,24,-0.0052042217696348,0.0822173296864336,0.0518440807104492
55,60,-0.0204094768338265,0.0025709420621968,-0.0251740642538449
56,12,0.1640777398296347,-0.089905259320747,0.6812610047253889
56,24,0.0854267811945786,-0.0926152408506022,0.2495991547568897
56,60,-0.0354596392146913,0.1199085208480143,-0.0208418760021562
57,12,-0.1136162516868023,-0.0625002281301976,-0.2214879255688346
57,24,-0.093000733803989,0.0919912216972733,-0.1559733716553023
57,60,-0.0844764303653478,-0.0100734604279892,-0.1766711661729663
58,12,-0.0668831387038072,-0.041782967570204,-0.1832013690861705
58,24,-0.0683452826502028,-0.0498643498189957,-0.1822329035793093
58,60,-0.0318051392758059,0.057916768517778,-0.0267428581565357
59,12,0.1792954894417786,-0.1413831021274291,0.6362407262436686
59,24,0.1737590922091938,-0.1778869444352072,0.5404937896484949
59,60,0.0458656033140566,-0.0018411525197653,0.2204942816030338
60,12,0.0399838368979441,0.12260707485438,0.2095193602065017
60,24,0.0240047736680631,-0.049465055592369,0.0407652265288417
60,60,-0.0195771936726377,0.0478954740635521,-0.0320526962209605
61,12,0.0209628486452415,-0.0634206613217651,0.02812097663117
61,24,0.0657569811419679,-0.054915651462977,0.1794136469761668
61,60,-0.0167482256707434,0.0425477215835794,-0.0099519372146856
62,12,0.0548632147023575,-0.0548757451844505,0.1687429263378946
62,24,0.0224055771113174,-0.0622454222586098,0.006757682421526
62,60,0.0194461363865342,-0.0478732823588879,0.0784328146165514
63,12,0.0253156925559405,0.0488403440195219,0.1518820432430026
63,24,-0.0833450520015261,0.2543137020539822,-0.0682302214992601
63,60,0.0393780538472495,-0.0510614047325824,0.0589153274411929
64,12,0.0405818611670554,-0.2743336487478344,-0.1068286183694534
64,24,0.0336008672548039,-0.0855885564850548,0.0571420511512244
64,60,-0.0160453506961886,-0.0399711577188437,-0.0522177318996452
65,12,-0.0357981203377991,-0.0120778245359516,-0.1113355868552405
65,24,-0.0811897060656453,0.1389179300625858,-0.1207916456094701
65,60,-0.0464886097919516,0.1043202051061081,-0.027621898510608
66,12,0.028625288039614,0.0455630447997596,0.1258835476076723
66,24,-0.0589821093662515,0.087669901259244,-0.0651215397840924
66,60,-0.0203360106394727,-0.0529793613316259,-0.093518621509507
67,12,-0.0767366923145714,0.0591972523671989,-0.127893792465811
67,24,0.071963437015847,-0.0211415355433834,0.1736678165107219
67,60,-0.0176604897116292,0.0330718084825927,-0.0402516010535239
68,12,-0.1016253819667197,0.1869756796397193,-0.1434530689448523
68,24,-0.0175722201245397,0.0274731466048518,-0.0333051075295749
68,60,0.0255996217418679,0.0111586361026454,0.0772595713875884
69,12,0.040604979069258,-0.0077701021506199,0.1393111788203242
69,24,-0.0740484042134549,0.3886074317495198,0.0850405641238844
69,60,0.0142190156964475,0.0337676513799979,0.0902015411636889
70,12,-0.0319117248169423,0.205701312137322,0.0177430637803628
70,24,-0.0285661921086398,0.071746999452826,-0.0246932034856918
70,60,-0.0544618202793203,0.0094932951461881,-0.1142135097047431
71,12,-0.100387127060293,0.1122566810927672,-0.1416302947877953
71,24,0.0029216687692254,0.0210081480701234,0.0399952924922189
71,60,-0.0152748282246054,0.023053222996652,-0.05793484376033
72,12,-0.0821538523545393,0.0238945559790252,-0.1783566048933517
72,24,0.0351874218094132,-0.0008002684597699,0.1354721648488716
72,60,0.0384745639340032,-0.0537642292711293,0.0636231127152182
73,12,0.1382331268737918,-0.1893508360369181,0.369214678652247
73,24,0.0972697902299526,-0.0346402658126836,0.3438128055501686
73,60,0.0663731864474315,-0.0516381834808279,0.2210893628211091
74,12,0.0621264401825323,-0.0157332193734499,0.2039282470471193
74,24,-0.066071062042083,0.1984409428040447,-0.0583105242069982
74,60,0.0111102159927965,-0.0050630288173129,0.0097760875186339
75,12,0.0773737980382144,-0.0802337069399719,0.2409896387533971
75,24,0.0718389947585076,0.0898635423381908,0.3235316714544313
75,60,-0.0695280866759514,0.1696484100569464,-0.0776536120654174
76,12,0.0709552685194173,-0.0460250377206531,0.206855586930672
76,24,0.0035874079178782,-0.0207472689199772,-0.0242268412750926
76,60,0.0589574440514428,-0.0448539227133398,0.1618605529541631
77,12,-0.068971860838437,0.0187973745817849,-0.1695818413274327
77,24,-0.0263778051789008,-0.028187825895782,-0.0953187275000681
77,60,-0.0364645026753052,0.0823507065416009,-0.0550851655302643
78,12,-0.1468966961205613,0.1210394069594578,-0.2492576282608609
78,24,-0.0941346590980403,0.011879511715047,-0.2176298652500252
78,60,-0.011728099914273,-0.0525341188846605,-0.0730245726852839
79,12,-0.060228709507772,0.2065946508875935,-0.047873881938658
79,24,-0.2013494903714997,0.1525829003847303,-0.2367076290417143
79,60,-0.0400801487353652,0.0827142596171824,-0.0520334762028929
80,12,-0.0400660967015508,-0.0235057797005736,-0.1280721963884865
80,24,-0.0806215378574005,-0.0816569023579264,-0.2205318425923649
80,60,-0.0018190451362175,-0.0165841038263131,-0.0331206604487052
81,12,-0.0453575067043593,-0.0247836162721297,-0.1426659528541643
81,24,0.0202490520795143,-0.0569121803505905,0.0176782546173226
81,60,0.0339335299169069,-0.0589086815846091,0.1265662364613511
82,12,0.0168375330660247,-0.0314514021920737,0.0742213289620221
82,24,0.0390320291097077,-0.0655882125442723,0.0594679215634356
82,60,-0.0024522744836194,-0.0067584840761997,-0.0076939813892794
83,12,-0.0921594232999849,0.0272691124248979,-0.1847529402016756
83,24,-0.0651912250502628,0.0728259081414938,-0.1156679559510763
83,60,-0.0328788952518496,0.040039804036084,-0.0549062537368362
84,12,-0.1602928390529291,0.1950374731172266,-0.2245061943422037
84,24,-0.0017282864649171,0.0520575158647532,0.0469817726875482
84,60,-0.0676704853464033,0.0727560954755246,-0.1107531016575885
85,12,0.0233930663000653,0.0589471068816996,0.0870087307691831
85,24,0.0313165849766205,0.1591856634738335,0.2256378320078924
85,60,0.0621773471542001,0.0255660793427066,0.224821690385873
86,12,-0.0341277501606347,0.1172797404304791,-0.0236469029762773
86,24,0.0132507159606085,-0.0693147461640807,-0.0030091397231202
86,60,0.0752680540452199,-0.0849777225564062,0.1827119909173802
87,12,-0.1134085559876701,-0.0203813909645084,-0.2267848783924645
87,24,-0.0481201904998089,-0.0429784694185642,-0.1336654128067859
87,60,-0.0692331834109556,0.0549334237725293,-0.0976409988311413
88,12,9.975098944564607e-05,0.0013639523582794,0.0419556878733821
88,24,-0.0101489733678226,0.0400367637998888,0.0174197239034639
88,60,-0.0802543420927487,0.1960406439794564,-0.0522103841887476
89,12,-0.1755861430378319,0.2508025462795996,-0.2700340535407036
89,24,-0.0210727048888652,0.068621858577169,-0.0168487641783014
89,60,0.0350176007624601,-0.0467150152989172,0.1151382084543897
90,12,0.0818631290653547,-0.0376547362445699,0.2724805020160214
90,24,0.061005954926891,0.0329004449024635,0.2455091190649497
90,60,-0.0107032500659019,0.0304547994086975,-0.021744980850415
91,12,-0.034829244744133,-0.0103788270727799,-0.1215038363651146
91,24,-0.0433709610971503,0.040582544829444,-0.0943824538874189
91,60,-0.0810352069321101,0.1090398462883497,-0.1611490662906033
92,12,0.0859990588199689,-0.129110151569573,0.2133811961179938
92,24,0.0135438205953464,-0.0496424354822936,-0.0278644162750582
92,60,0.0485924102659413,-0.0985592373185216,0.0223662540219915
93,12,-0.0531365436773424,0.01902471908965,-0.1252750237130938
93,24,-0.0337945353324989,0.0537090059652342,-0.0577239454239549
93,60,0.0137618975484568,-0.0122295155749442,0.0057950525327416
94,12,-0.1165900418364311,0.1862172099194477,-0.1567782750218138
94,24,-0.0298019907170401,0.1001067103906176,-0.0341675542992697
94,60,-0.0345505903342748,0.0870700291253031,-0.0110955712423577
95,12,-0.0416539334252314,0.1171610437104751,-0.0344496569483273
95,24,0.0285883307703695,0.0259517780033181,0.1378576563117629
95,60,-0.033987185551202,0.092540210333339,-0.0451815272320653
96,12,0.0086602679790224,0.0431340742420567,0.1270726011290451
96,24,-0.1141459937785937,0.2538926817193461,-0.0734950803539597
96,60,-0.0762188478850159,0.0501833614521069,-0.1360232183386377
97,12,-0.0020897578791403,0.0134685701762056,0.0050255442655111
97,24,0.0809048639039723,-0.0840076763586913,0.2506667391502006
97,60,0.0226252625966716,0.0032213258172803,0.1473335795505163
98,12,-0.0965985564950925,0.2236237834801195,-0.1048941787535183
98,24,-0.0436787075419363,0.0771355662141139,-0.0693720928091879
98,60,-0.0465707186066219,0.100930738929282,-0.0572769419866085
99,12,0.0023860973177217,-0.078690137836869,-0.0200691363633395
99,24,0.0045048809496111,-0.1106174418368342,-0.0252398193333525
99,60,-0.0292983391885381,-0.0071909906859567,-0.056974068702394
100,12,-0.0575064558207202,0.0607481230782821,-0.0769856734430673
100,24,-0.0746851538104459,0.085870349690444,-0.1301046512617459
100,60,-0.0601487384342085,0.0499717664137492,-0.1259351997895594
101,12,-0.0090361351191571,-0.0646919953584355,-0.0627124863429443
101,24,-0.0339154962335335,0.0298952817258673,-0.0543681941017451
101,60,-0.0069860509248761,0.0272275410973893,0.0297706664422957
102,12,-0.0835473424533102,-0.0504809722811526,-0.1917364419381871
102,24,0.0998390434387866,-0.2666291398120978,-0.0104020917028956
102,60,0.0158162675865913,-0.0265230385875562,0.0635789107264318
103,12,-0.0119906354082299,-0.0553259594033983,-0.017928407005465
103,24,-0.1946286646917453,0.1828723827194159,-0.2359093831603103
103,60,-0.0305324685664468,0.0016177853489759,-0.0913367625295895
104,12,-0.1168485814256525,0.0699803728466514,-0.2468847214443856
104,24,-0.1488395806516694,0.0305077358833567,-0.2376973994419045
104,60,-0.0323447055863175,0.0091835875398183,-0.0676569730498147
105,12,0.00277781496182,0.0423863796018976,0.0141052905914515
105,24,-0.0212851502537827,0.0356890655315812,-0.036666759053215
105,60,-0.0354583224855787,0.0164055124000879,-0.0901375016292158
106,12,-0.0334292935734935,0.0360577494709483,-0.090565139302103
106,24,-0.0493126736439089,-0.0344489838867474,-0.1008755012361446
106,60,0.0499195711008221,-0.0689220942105378,0.1477216631913317
107,12,-0.1646712896724266,0.2218843161656133,-0.2373171568827194
107,24,0.0216500388730723,-0.0902289627234739,0.0194405744949902
107,60,0.1084277974183737,-0.1373891042925135,0.1944421512213193
108,12,-0.0171485144208967,-0.0373751467168758,-0.0689622161394528
108,24,-0.0040052599128433,-0.106903261606283,-0.0684621206049416
108,60,0.0201388222561237,-0.1447054433018992,-0.0587035538851597
109,12,0.0694405576255661,0.093308803792784,0.3639957259103257
109,24,-0.0797518035706616,0.179155738829865,-0.0566493380021597
109,60,0.0488851377264442,-0.0594719641254704,0.1408802188755056
110,12,0.0526648525062242,0.044819360372629,0.1697470430398513
110,24,0.0762306126600291,-0.1198128386008396,0.1146122262722512
110,60,0.0379005891105438,-0.0154233527905358,0.1138116823614503
111,12,0.0297032709193514,-0.0097913227733159,0.032251279499036
111,24,-0.0077067385267197,0.0671154036984179,0.0289883690104657
111,60,-0.0352983405359342,0.0015543045168474,-0.1110166192022917
112,12,0.0984329765830591,-0.1119571918816911,0.2746634962392123
112,24,0.0548683779369927,-0.0397707308751752,0.1799507589514058
112,60,0.0146545436814619,0.0037245413812718,0.0066468594312356
113,12,0.1808869321224554,-0.0833541516469897,0.682069003730287
113,24,0.0813482260215869,0.0309163889678037,0.4352175167198117
113,60,0.0407738741459136,0.0082392791298414,0.2052258047816155
114,12,-0.0344983959191765,0.0921505509877629,-0.046786623770991
114,24,0.0319024389238833,-0.1060911647144636,0.0006414080761929
114,60,-0.1096744118221423,0.0969295065556506,-0.1672541869506181
115,12,0.10756204970829,-0.041775956564034,0.4472837552162171
115,24,0.030429692195261,-0.0013852274632697,0.1149641199576289
115,60,0.0221607286404998,-0.0296179038737383,0.0387222211437277
116,12,-0.0872414325781159,0.2058157736411804,-0.1126033376486994
116,24,-0.0274748392422145,-0.0429626429532796,-0.0719077048829092
116,60,-0.0205364657493569,0.0003208442227875,-0.0272409707419358
117,12,0.1363180088139585,-0.1732951259850322,0.496909558263413
117,24,0.0840919552143039,-0.1160054714949738,0.2450118676462811
117,60,0.0272713233730809,-0.047018836404807,0.0951134293091252
118,12,0.0678638028035801,-0.2431388676971549,0.0480068277628061
118,24,-0.0495051456377589,0.0768400666752878,-0.0941696489226985
118,60,-0.0211942546281311,0.0574653844344533,-0.0073921072070763
119,12,-0.1301062224744931,0.1108610730753776,-0.2131977329546003
119,24,-0.0221411960177952,-0.037221893255663,-0.0517380663658295
119,60,0.0442822393055321,-0.0166375418658071,0.1025410880483707
120,12,0.1204143436976038,-0.0556659143930344,0.3925018151144366
120,24,0.1100208161259807,-0.0370057185770754,0.3387139790615932
120,60,0.0358889408528365,-0.0716415282098816,0.0544608271522073
121,12,-0.0428959522941388,-0.0468351422916215,-0.0775710107592586
121,24,0.0293273649261296,-0.0014793085544117,0.0669509103181789
121,60,0.0112145736565003,-0.0096113981095482,0.018763742413892
122,12,-0.0194836009948254,0.0775054295185941,-0.0297221300110744
122,24,0.0222864399940707,-0.0329246137648545,0.0458406477753534
122,60,-0.0373159961666837,0.0727512382855047,-0.0267850666765694
123,12,-0.1040850850204673,0.0674593221579865,-0.2013225161060902
123,24,-0.0778391623895437,0.1322328728786633,-0.1146421649138196
123,60,0.030862031922224,-0.0322420461667337,0.0601975510643437
124,12,0.1065227962046299,-0.1607734518810795,0.2097257977289473
124,24,0.0545241813563376,0.0131553936026042,0.1623512642926136
124,60,0.0309510885513498,0.0143107176774568,0.083421165750558
125,12,-0.050742531904957,0.0679048634026003,-0.0981515289514032
125,24,-0.0383930837021902,0.0601910481773961,-0.0440455875315358
125,60,-0.0382271624677499,0.0080956542284002,-0.0572643923265632
126,12,0.1119870802278269,-0.1659707801430777,0.3340112531450939
126,24,0.0221271801079682,0.0940720003760336,0.087330551786935
126,60,0.0120340522154578,-0.0144564284098674,0.0378624752676968
127,12,-0.0738357009922859,0.0973368467150027,-0.1440387467369806
127,24,-0.011756241376207,0.0306083693620336,-0.0005355159721709
127,60,0.0128796518721001,0.0236801585061212,0.043076261246901
128,12,0.0402848773502534,-0.057720392684949,0.1112519423717305
128,24,0.0653350633337365,0.0738542303145909,0.2673487318473896
128,60,0.0395121556537209,-0.0405903783196233,0.0483944063582811
129,12,-0.0435014222109422,0.0713961392510768,-0.0878106631196506
129,24,0.0825466704932248,-0.0722178044586812,0.2024840256941383
129,60,0.0163134311323439,0.0326301687581448,0.066019492757088
130,12,0.1139241813815418,-0.1809621558884009,0.2292658945307298
130,24,-0.0144216156442974,-0.0152961680564817,-0.0365275542096318
130,60,-0.0400979681205086,0.0579568477778628,-0.026790974624536
131,12,0.0895122693731631,-0.1199018374289313,0.2580516917736993
131,24,0.0030183408663584,-0.0106088124530588,-0.032890730006962
131,60,-0.0254840667742651,0.0260138741191957,-0.014625526161245
132,12,-0.0887625032620296,0.0340094820177288,-0.1877016032816686
132,24,-0.0725027908402407,-0.0846493221288804,-0.2257336825198289
132,60,-0.0199612220871655,-0.0654703910124595,-0.0795544870633883
133,12,-0.0729214077305973,-0.0860629795626322,-0.2066644558684238
133,24,-0.0171334978266162,-0.0861303071452315,-0.088970236084463
133,60,0.0040660227651341,-0.0436499924973722,-0.0371527954391481
134,12,-0.1683256103290752,0.2659185459596233,-0.2205682421390358
134,24,-0.1365490367299513,0.2188181383328985,-0.1549194676410751
134,60,-0.1052158220650057,0.1419870995015012,-0.1045185281102156
135,12,0.0440016603123287,-0.0741127009818609,0.131339697315042
135,24,0.0125024866447969,0.0517545823724327,0.0944390102168858
135,60,0.0003293877740402,-0.0073916620903182,-0.0089409715801151
136,12,-0.0119805449722464,0.0104520590898298,-0.010675343697338
136,24,-0.0124580252446147,-0.0041552210683133,0.0046673606614796
136,60,-0.0440392175815895,0.0619767519143079,-0.0782353846983021
137,12,-0.155945083128876,0.0502476862973561,-0.3260337390577606
137,24,-0.0861446372462412,-0.2680213983167525,-0.2864010848757468
137,60,0.0008039592292083,-0.0211411318709396,0.0177905964384928
138,12,-0.0345012203072598,0.0179726996417367,-0.0764565811372521
138,24,-0.1010768699555254,0.0496156117301031,-0.1445069193026311
138,60,-0.0714612014580007,0.0119420232633636,-0.1424165417277549
139,12,-0.0410447460402621,0.1147589656689483,-0.056627891835813
139,24,-0.0752894786548694,0.0291391256013478,-0.1426210772007249
139,60,-0.0263738479951357,0.0755023811263837,-0.0188466690693788
140,12,0.0370288301448737,0.1348115904871041,0.2555156616959341
140,24,-0.0224471977487469,0.0883057730911622,0.0123014432150114
140,60,0.0197787249955151,0.0221196966007811,0.0477089053976641
141,12,0.1276834373595383,-0.1278105201045063,0.4216940954660189
141,24,0.1199323058501779,-0.1067361530576956,0.3640305087999212
141,60,0.0347422982285217,0.0210620494779204,0.1379595509100561
142,12,-0.0176610085771369,0.0499302697951086,0.0049748762801416
142,24,-0.0038751413655484,0.0306241965114825,0.0244896524967323
142,60,-0.0569325770332242,0.1014751236743714,-0.0294199292896585
143,12,0.0983912846897076,-0.0096496397283682,0.2951591813923016
143,24,0.0144281997874364,-0.0195794019795353,0.0418673533143596
143,60,-0.0291286672125784,-0.0308824435267278,-0.1051872365612662
144,12,-0.0674947440031765,0.0222286324219712,-0.1506179576784966
144,24,0.1264785640990468,-0.2931937683201661,0.1396773818254557
144,60,-0.0080048887793351,-0.0042751888260246,-0.0394382197331237
145,12,0.0845322764454821,-0.187875489610519,0.0674210993294381
145,24,-0.0020293045598201,-0.1039039923755735,-0.0671962203857383
145,60,-0.0085022273505241,-0.030914337769367,-0.0520865329377821
146,12,-0.0308564823333561,-0.0608341943548368,-0.1189446331010844
146,24,-0.2087933563618065,0.199681936878649,-0.2683828999797985
146,60,-0.0313668124986927,-0.0103624863641252,-0.0543097822670704
147,12,-0.1206746133870445,0.0663217124194756,-0.2354216813609043
147,24,-0.0996824166281726,0.034099062893831,-0.2182639132324069
147,60,-0.0061439126733416,-0.0120654776322921,0.0030304719397789
148,12,0.0201826161510529,0.0328690485874613,0.024738372845909
148,24,-0.0088234900537569,-0.0156535817543737,-0.0479304506230879
148,60,-0.0072949274312557,0.0175140262748426,-0.0209832752809894
149,12,-0.0651920968199775,0.0308408664920383,-0.1373221417837816
149,24,-0.0768058419588499,0.0384626851271294,-0.1503169176755202
149,60,-0.0269696343222123,-0.0600112082507226,-0.1100098283048464
150,12,-0.097452147737235,-0.0299297461086787,-0.2356990324226689
150,24,0.0203355696561112,-0.0755093799338064,0.0209552267266275
150,60,-0.0132357613401986,-0.0679218513341203,-0.0716523494379003
151,12,0.0838742963316078,-0.0588820241398165,0.2751575103363933
151,24,0.108362774835717,-0.1851162683583448,0.178020780847556
151,60,0.0298753656667209,-0.0592152063710507,0.0179074389431645
152,12,-0.011611319543852,0.0064018914921042,-0.0216072659151149
152,24,-0.0350708672355688,0.1593943579767983,0.0592181822815931
152,60,0.0296383159742494,-0.0385005687172494,0.0711980064196343
153,12,0.211868969593715,-0.2921387520489253,0.3465167793570151
153,24,0.1219278070411512,-0.1302993738036082,0.4283765973644237
153,60,0.1138454555706829,-0.1281598833447889,0.2362149684989495
154,12,-0.0386590243178215,0.0051703873149767,-0.0771834640200132
154,24,-0.0914772007574041,-0.0151380186314859,-0.1615986157880317
154,60,-0.0486892469820956,0.0117456486350401,-0.0947325869688056
155,12,0.0042722894311801,-0.0702584356169523,-0.0432414147558231
155,24,-0.2277184664743305,0.2385760335891262,-0.2404104831751131
155,60,-0.0609581266973249,0.0378727604468419,-0.1346448527046441
156,12,0.0044292462656278,-0.0635552001517568,-0.0631898196982265
156,24,-0.0508019942699565,0.0474741674074846,-0.1233842610203171
156,60,0.0033754719244251,-0.0019556651472983,-0.0086136954780907
157,12,-0.1313509472293578,0.2341175830896322,-0.1745719049603443
157,24,-0.2328879361329731,0.2690465918085206,-0.2578100213811472
157,60,-0.0875436206722842,-0.0069192937766672,-0.1941715624634415
158,12,-0.1646340528089,0.2664835351772565,-0.2326914086435082
158,24,-0.0542228534617805,0.0259661793962225,-0.1567679624378398
158,60,-0.0596155333806676,0.0247183111560471,-0.1275583831849555
159,12,0.036029315073337,0.1257644134267555,0.2013327231038361
159,24,0.0233000300844754,0.0148822238620862,0.0973588391746481
159,60,0.0010867967741035,0.0902980608573353,0.0750744558216872
160,12,-0.0105767072136227,0.1186896582982486,0.0367640573030773
160,24,-0.0237808460942261,0.1470584311216733,0.0184493106128491
160,60,-0.0006377440081059,-0.0013177361562001,-0.0104869094046549
161,12,0.041832683336684,0.0397182490090546,0.1723848688704054
161,24,0.0001779319918977,0.0211077574093819,0.0258478868997581
161,60,-0.0588126657658704,0.0288982570172746,-0.1323509358910959
162,12,-0.0592706756714374,0.1350649654182062,-0.0444324352140737
162,24,0.0279590225516221,0.1393010906487099,0.1445494775420745
162,60,0.0286897150860395,0.031411481062838,0.1119467824691317
163,12,-0.0342986435361558,0.1192952868020758,0.0030100866184139
163,24,-0.099546039552276,0.1395674266171475,-0.150180873539984
163,60,0.0203645990188765,0.0472319016114059,0.0696826306747221
164,12,-0.009018769264414,-0.2367970493628886,-0.1552910986006909
164,24,0.0496677774918602,-0.1801972340640058,0.0187069574499455
164,60,-0.0280647774185638,0.0439995051214347,-0.059426295084906
165,12,-0.0058324868606308,0.0387224936777473,0.0454125769941125
165,24,-0.1482286007361789,0.3619324516594658,-0.0831836915810132
165,60,-0.1343487230046587,0.2409347972738201,-0.1264715173513563
166,12,-0.0754241209576939,-0.0064310278914101,-0.1771031024650286
166,24,-0.1880995508062396,0.1817931633752341,-0.2232566509808204
166,60,-0.0028184447906694,0.0173860714712265,-0.0002361932802279
167,12,0.2505975052392301,-0.1925861059875965,1.116855461487772
167,24,0.0459199598848566,0.357600845012835,0.47032989551253
167,60,0.0972703805428898,-0.0450999358393332,0.3111565790788757
168,12,0.0077135712265435,-0.0485699287242751,-0.0204074626143331
168,24,0.008303745210224,-0.0975796968551852,-0.0235709732880281
168,60,-0.0101878697830769,0.0047100130638942,-0.0317819084716993
169,12,-0.2021071952667396,0.2378124687867028,-0.2695300994617958
169,24,-0.011502542814458,-0.0520989817216696,-0.0972674528459631
169,60,-0.0089140808642243,-0.029626723942103,-0.0369021371911382
170,12,-0.0572187362424906,0.0200159158319111,-0.1482157061958049
170,24,-0.1265372602728853,0.051423760325537,-0.1680042154326231
170,60,-0.0270270108837994,0.0738792333447009,-0.0007973100734983
171,12,0.0651663167821235,0.0294027612719232,0.1480947979396851
171,24,0.0920633775438619,-0.0391706857488346,0.3920323708698113
171,60,0.0230930687860607,0.1440815177668738,0.1284168493669246
172,12,-0.0960176898928857,0.1456774309504653,-0.1670677134744065
172,24,-0.1109382323376002,0.1038700204854702,-0.1936671039745902
172,60,-0.043162626787181,0.0189582336142009,-0.0655123955275095
173,12,0.1009743704420378,-0.0238902941823982,0.4026054041806773
173,24,0.1021617690471155,-0.1064372763870445,0.2012303323227041
173,60,0.0418004612666252,-0.0505264272678749,0.1147622405295268
174,12,0.0339356662819563,-0.1243935938722669,0.0284002348231226
174,24,0.0205970437397929,-0.0750050750471504,0.0258144687649707
174,60,-0.0026329112349949,0.0065867349839035,-0.0015412732169425
175,12,-0.0478221997710603,0.1209835673027208,-0.0672589816968413
175,24,-0.0799693465260056,0.0694599279428272,-0.1808439574081798
175,60,-0.0045666913386213,-0.0103050766625168,-0.0101214135381404
176,12,0.0792727055367601,-0.1575365126599272,0.1479395112491556
176,24,0.071116886555202,-0.0879097572030137,0.1551630417984963
176,60,0.0078959727606545,-0.0529101834614518,-0.0374743053370207
177,12,0.008974713085589,0.0640513183545494,0.0358108740913478
177,24,0.0631071326504338,0.0154725169132609,0.2234604648482913
177,60,0.0329741900897277,0.0356881017410853,0.086873441366586
178,12,0.0051963696753898,0.0347662297921122,0.0263798595482753
178,24,-0.1001485121434318,0.2098630918334229,-0.1242062072955136
178,60,-0.0860479415453662,0.1043337764556349,-0.1378183589641086
179,12,0.0228076501437049,0.0205138860316205,0.0824812923001472
179,24,-0.1228430649052886,0.2950074356903283,-0.0822958296288161
179,60,-0.0206770844593527,-0.0338003341933923,-0.073946705592586
180,12,-0.1151648171045326,0.0752631939342507,-0.2171872257348048
180,24,-0.0610866564855527,0.0410096060659672,-0.075881414935959
180,60,-0.035189643898696,0.0063504730753205,-0.0853291049059004
181,12,-0.1461702584052739,0.1209873481134274,-0.263389973978943
181,24,-0.1055107896397988,0.0868447595102214,-0.2105024829339831
181,60,-0.0261473402761684,0.0038446978136017,-0.051028559598165
182,12,-0.1021692239346225,0.0168320689406947,-0.2360913870017684
182,24,-0.0700091121690765,0.0499359500261135,-0.1565128203424572
182,60,-0.0623514156768448,0.023469965236452,-0.1479605019240063
183,12,0.0024083617188265,0.1814231438195893,0.1772200604950821
183,24,-0.0062506847760011,0.0380162938987352,0.0480296385574026
183,60,-0.0231470825523235,-0.0092861100905064,-0.0420951095064824
184,12,-0.0031240448456429,0.0489376979021356,0.0230560347971332
184,24,-0.0261298289855153,0.1740685661826573,0.0630451956997454
184,60,0.0069648765862213,-0.0534660609057604,-0.0162778376660893
185,12,-0.1201690660179741,0.3137053284766245,-0.1361699280417853
185,24,-0.2125307872014291,0.290514304432832,-0.2193922952975612
185,60,-0.0265674806169975,0.0860026988133244,-0.0307993562332096
186,12,-0.016020552539414,0.0630030146117033,-0.000644830872682
186,24,0.0237461508213334,-0.0258332127392658,0.099906883754458
186,60,0.0051602078102879,0.0430442059948576,0.0896139583386859
187,12,-0.1168527097738856,0.013978803223769,-0.2650245581280466
187,24,-0.0186931439730647,-0.0541794073159341,-0.0422709646946565
187,60,-0.0408465164751783,-0.0245136941484383,-0.1393671763267037
188,12,0.0815870165328947,0.0221736854675767,0.3157853858303621
188,24,0.0386085611157211,-0.1345703933230313,0.054025192837568
188,60,0.0130584828906749,-0.0372397634550839,-0.0108952429002786
189,12,-0.0200104863025209,0.0998981344545401,0.0276649536820697
189,24,0.0416124276680756,-0.0542214153915388,0.0931131599786179
189,60,-0.019779667907065,0.0064666787347997,-0.0495648931844226
190,12,-0.1138884348066756,0.1222684932087959,-0.1570301813175955
190,24,-0.0598999137058164,0.0200367213822751,-0.1203983943797514
190,60,-0.0256790737864825,-0.0567939482218873,-0.0656716835199669
191,12,-0.0394804085934796,-0.0305858966923392,-0.0962433716719024
191,24,-0.009527821373542,-0.1086118416153275,-0.0802621523599717
191,60,-0.0152708800420153,-0.0628076944300538,-0.0971684863454391
192,12,0.035749761222991,-0.0617422035046609,0.0658370095677016
192,24,-0.0370375319719808,0.0374590774496947,-0.0787204961369948
192,60,-0.0034438172975635,-0.0638632144971303,-0.0162785421283842
193,12,-0.0757121438515967,0.1598919980588993,-0.1101600975904852
193,24,-0.0563179714099738,0.0823349125298255,-0.0999379825440889
193,60,-0.0440396422354361,0.0347180831537636,-0.0391641520693336
194,12,0.1038949594682925,-0.1341213935424546,0.350778119984639
194,24,0.0877121780246659,-0.0991819417968316,0.2973122953075133
194,60,0.0086461375181459,0.0513911315456158,0.0772360418133502
195,12,0.1981629976103594,-0.0509719630870352,1.0434196118965378
195,24,0.0764751194175782,0.0281493908198198,0.3650719759060614
195,60,0.033251431121887,-0.0060271117725905,0.0817109199943652
196,12,-0.0407135478663219,0.2027865656005806,0.0018212263041803
196,24,0.025363067169821,-0.1142256164860858,-0.0207805102107392
196,60,0.0110796639264005,-0.144964933557864,-0.0616139126087715
197,12,0.0318616461135524,-0.0490691307479581,0.0528857483039091
197,24,-0.1788169528155612,0.2918497787776126,-0.2123355927294064
197,60,0.0387622022632497,0.0350728988610334,0.1640760262029764
198,12,0.0005741745566587,-0.1346015464647296,-0.0830537628466317
198,24,-0.0283250617383713,-0.0904853769900604,-0.1308198101444825
198,60,-0.0146856971443673,-0.0725093602513909,-0.07170188191416
199,12,-0.049939374150366,-0.0954121003842751,-0.1716182916233536
199,24,-0.031976271041024,0.1317709739960007,0.0291285324563962
199,60,-0.0113442335696093,0.1176576211687233,0.0075029107415107
