replication_id,method,regret_cny_per_month,abs_q99_relative_error,abs_mean_relative_error,abs_stoploss_relative_error,mode_value_gap_ratio
0,EMP,10944.378384675623,0.0692035894194134,0.0139673800631221,0.2043955441538293,15.112931358264213
0,KDE,5832.254663819447,0.0242731508193681,0.0113268391559071,0.0096898682951483,5.603905040740236
0,TAIL,3579.118245585408,0.0750165167149684,0.0056737876625643,0.1238158742487066,8.319425911488338
1,EMP,14268.123601725323,0.0624907917457112,0.0256931399667715,0.5946681100981411,39.90584970021186
1,KDE,14268.123601725323,0.1574582565041982,0.0245695956947607,0.8710081692392131,58.76450719342469
1,TAIL,14268.123601725323,0.3852720993057156,0.0797017096913477,0.9974172568566166,66.4987271642213
2,EMP,68495.00498294095,0.3693066144788656,0.095323022693462,0.8491105893458557,60.15444775844768
2,KDE,76160.5964272458,0.3361581448229148,0.0957040187032481,0.787227364823243,56.09372297704975
2,TAIL,95793.86032429471,0.3145705105259363,0.0975795267124114,0.8176849856445079,59.72824136228505
3,EMP,14268.123601725323,0.3229242056798031,0.0818071188212259,0.9567011534171764,62.689432455406646
3,KDE,14268.123601725323,0.3864121270191434,0.0751884519620146,1.2610961083033212,83.27534718975039
3,TAIL,14268.123601725323,0.1909932572864736,0.0630700227309577,0.6525933187465164,43.498057629633216
4,EMP,10326.155083206895,0.2931113517323609,0.0236530165616158,0.5966587774857549,43.32874895276554
4,KDE,10094.825114509194,0.2682504112923112,0.0213477578099627,0.5081954747105185,36.22945290853286
4,TAIL,9245.210548175604,0.2358566787125555,0.0390067628279778,0.539756680062018,37.38887456970893
5,EMP,11101.291952588388,0.1049048256885836,0.0152348089964018,0.2769632927200798,20.01633160862262
5,KDE,8454.07339963886,0.0615388671557373,0.0116198067088957,0.1024781794610412,7.349095247736874
5,TAIL,3784.403664797752,0.1100306628081328,0.0045360870761899,0.1999550832055961,13.674666446053603
6,EMP,8285.463297147719,0.0060654491409442,0.0097111522696164,0.126043188010404,9.008497004988344
6,KDE,18901.417319684188,0.0565386267430221,0.0090515204803334,0.0937785735820817,6.138920938124704
6,TAIL,14268.123601725323,0.0739534385166439,0.0279149857225389,0.2727056490867078,18.38265569500797
7,EMP,9995.367910244087,0.0693167458460071,0.0160833780340632,0.0515749015158502,7.957182228566678
7,KDE,14268.123601725323,0.028564778239076,0.0186360404983886,0.2152832157201843,14.1793415213097
7,TAIL,14268.123601725323,0.0987958924807772,0.0485622390456592,0.4179982548713684,27.78698257350888
8,EMP,9276.338045563964,0.0309836507377356,0.0101564039681351,0.0916807334814383,6.92625736707733
8,KDE,9482.918614325215,0.0141172800568491,0.0067288212545371,0.1503693225776392,10.213512791756552
8,TAIL,8809.214832894608,0.0770041470265701,0.0168613177453112,0.1773165725037902,12.125505699836388
9,EMP,48357.50624009594,0.2029438000937359,0.0709787049484928,0.4281475219967646,39.621733196177104
9,KDE,21975.486242112704,0.1443351383861128,0.0676836166447471,0.2966903232306941,33.48617873621161
9,TAIL,15444.08141739356,0.1331099896262172,0.050581892767237,0.4103939405721752,29.227500415089057
10,EMP,5785.693737350612,0.0667852924623448,0.0031721617284226,0.0504901710511534,3.6187424007761657
10,KDE,9482.918614325215,0.0271647100728226,0.0017265061366584,0.1153020956903456,7.900326491583257
10,TAIL,14552.290877759146,0.0542792136586864,0.0390116777596744,0.2554162619885286,20.785674977548
11,EMP,9482.918614325215,0.3251289169006571,0.006228616735555,0.2471858961838523,14.996070622732097
11,KDE,14268.123601725323,0.4021723841507399,0.0086459421875941,0.6582549271861855,43.87746091292677
11,TAIL,13400.554926539256,0.1693012838524864,0.0468291653280339,0.4598210677399884,32.166527123284965
12,EMP,8737.827121315939,0.2153450700415562,0.0105784699919614,0.1811829953999275,11.127519188631023
12,KDE,6188.869238802749,0.1628605746581319,0.0115375016590418,0.0571158989306495,5.7242113357578335
12,TAIL,3727.162070573825,0.0740237305281775,0.0014507231040829,0.1065321202930421,7.145702458734574
13,EMP,112537.78966865492,0.3084438844363817,0.0837488570164316,0.7114166904585213,50.750588432733565
13,KDE,83697.9558435605,0.2627941030459362,0.0829954495441397,0.6318040114961234,45.96386455439111
13,TAIL,89097.6901020626,0.212991486695487,0.0809497400532507,0.6335696010651999,46.70942072033896
14,EMP,11703.434588832572,0.0544178086774373,0.0314373168215296,0.3737010330632448,28.046768029639125
14,KDE,8226.174019893942,0.0133318690258841,0.0325858370405004,0.23858948945885,17.476169730124543
14,TAIL,9710.91107020103,0.1509886817065474,0.0341968396057283,0.3653939650994661,25.20604384667276
15,EMP,14268.123601725323,0.1259328579619536,0.0150929154382198,0.3873648436203052,25.854019732298315
15,KDE,14268.123601725323,0.1896050000572372,0.0185821599161942,0.6794375679283285,45.94759316949168
15,TAIL,3144.882329025824,0.0497326993684779,0.0065458112864635,0.0474143762890043,3.561343236839014
16,EMP,8364.600518842642,0.2019144023035119,0.0133735002315383,0.055558270000005,6.626925859017927
16,KDE,14268.123601725323,0.258913594407786,0.0110613335541673,0.3543818988683544,23.121556592507467
16,TAIL,819.5978743874779,0.0292575064996683,0.0018966883879764,0.0156797811320213,1.1915646403710007
17,EMP,19989.76551286162,0.2387424184358476,0.0322763733878666,0.2161698297088726,16.703019060567645
17,KDE,28245.75461791425,0.1809901766878947,0.0337565494638377,0.1275385949962397,16.700907913903055
17,TAIL,9482.918614325215,0.0748615264611457,0.0007172511241132,0.0991980393440661,6.524251071635817
18,EMP,16759.250435288064,0.1751505979829257,0.05913705972375,0.471290142148086,34.794447868889314
18,KDE,14569.337601616668,0.13687929175989,0.0606906439148763,0.3877647916491646,30.90386462338567
18,TAIL,11428.488496953,0.0940959666040719,0.0362069384657347,0.3048477138725554,21.357822443164405
19,EMP,8768.184854098388,0.2503581452414909,0.0297921403701368,0.4482628513476869,30.875336049232804
19,KDE,8324.070262692972,0.2166910562598635,0.0303867334907508,0.3467244864665515,23.4362678167978
19,TAIL,9096.9117532923,0.1744332560382618,0.0295231329066231,0.4044082154010943,27.84408866133574
20,EMP,13668.960910648317,0.164521391051941,0.0057922858231471,0.1090747380712185,8.207774741037994
20,KDE,5410.218456306287,0.1251556038924493,0.0058647971430605,0.0920001115961871,4.147700848984328
20,TAIL,2666.4883839331774,0.0096783671503146,0.006590489604285,0.0462629978314553,3.521511561006719
21,EMP,27790.955766490453,0.2894676716981226,0.0467160594572794,0.4380848303905831,30.033341974979155
21,KDE,11086.893982457928,0.23411340866847,0.0480174059942955,0.3789299499569946,25.61352206726697
21,TAIL,87712.77883381449,0.1730325727141869,0.0733005464741786,0.5629624395139627,41.924396950912254
22,EMP,37963.76050932426,0.2347034984742299,0.0041825926438596,0.1716163164734561,13.07815406816404
22,KDE,8019.788195059531,0.1895084810430198,0.0037069854244037,0.0960550691730869,4.369022416925304
22,TAIL,10825.305955294209,0.008637253290679,0.0204926118911551,0.0954861061094485,10.150195286599798
23,EMP,14268.123601725323,0.0383980631689696,0.0359839503907462,0.3816109701460257,25.32865178100495
23,KDE,14268.123601725323,0.09801835353232,0.0378657487413626,0.6771914276616644,45.33951849288845
23,TAIL,14268.123601725323,0.2063183897592005,0.0559463726598953,0.625157743659389,41.79614307920397
24,EMP,10451.350062213942,0.1980553791816559,0.0367477543222165,0.4724185818392264,32.98928340893853
24,KDE,8965.094038380103,0.1679091257105874,0.0399058943196716,0.4078074150290265,28.12244799600002
24,TAIL,14159.934056289598,0.175114421263644,0.0508006263838644,0.4881751966131424,34.25573151309895
25,EMP,13894.323483838183,0.1017936521091235,0.0194974615062888,0.1299955547854578,9.747813241073224
25,KDE,14268.123601725323,0.0366151944753016,0.0185781816910354,0.3151387666280733,21.097111974787097
25,TAIL,1101.2387980160613,0.0372832465363491,0.0060082805403607,0.0238695581483406,2.9730612273496715
26,EMP,104526.22385179758,0.1819431013453081,0.0565580779074769,0.5150226485820547,39.54902639759509
26,KDE,16110.212171378234,0.1514285711934859,0.057351531658639,0.4536751058839018,32.44149596414721
26,TAIL,10509.72497162792,0.2118281923758554,0.0402022748084544,0.5190394208393276,35.999479272293456
27,EMP,18889.744738872472,0.0683501847888859,0.0337197970357656,0.1732102785992994,18.735691638695226
27,KDE,28245.75461791425,0.1188689209510491,0.0342112330843189,0.0338853137062569,16.925860682957616
27,TAIL,9482.918614325215,0.0613916748808518,0.000483598010114,0.0855273645116757,5.752432672341618
28,EMP,13894.323483838183,0.1110040934044563,0.0691714976796619,0.5023472406882521,34.600004011098115
28,KDE,14268.123601725323,0.1591992481931192,0.0653424545634277,0.7225700749154078,47.37909580951478
28,TAIL,14268.123601725323,0.3165952186481905,0.1250294975356582,1.225990386412345,78.94811186596183
29,EMP,14268.123601725323,0.0811059927889966,0.083959993221525,1.0307935547880114,66.5634300678991
29,KDE,14268.123601725323,0.1788167602236546,0.0782765678110921,1.3654101308729565,90.80379070351825
29,TAIL,14268.123601725323,0.3504144358465476,0.0761173199712493,0.9065751009456188,60.44158022604255
30,EMP,6014.203122487809,0.1174782150211304,0.0004734148791892,0.3488730625803304,26.905620637678066
30,KDE,6521.79414684936,0.088231726908701,0.0007341709370216,0.214634415050631,16.06703367357246
30,TAIL,3562.487377063889,0.0653672308537821,0.0074138682285422,0.151895490670998,10.30032895088674
31,EMP,76934.22053308961,0.2601022384335875,0.1019264304701005,0.7540890626652245,58.01915886674141
31,KDE,93203.41461290306,0.2317368937985077,0.102153553603038,0.6907295990818866,55.26470117895218
31,TAIL,97244.05493274942,0.2791217032865839,0.0961309238484549,0.7644617764903121,56.6738875253164
32,EMP,9443.684098797645,0.2759785350219718,0.0376842907758269,0.5961402535058115,41.640651427531886
32,KDE,8588.563473649738,0.2467663385947952,0.0390385811216954,0.5205599664337317,35.970773626502414
32,TAIL,8685.892954930147,0.2367627824383839,0.0360918643582853,0.517816449236967,35.77054563266288
33,EMP,124472.20239733998,0.3055815566774791,0.0832406707867581,0.6032349144860926,46.727024300650285
33,KDE,22715.77561264392,0.2501788080726419,0.0810619607824315,0.5311079180390883,41.70164796313744
33,TAIL,23575.63702573876,0.0948492406963515,0.0647089583661172,0.4262156081597314,34.92077747575383
34,EMP,13894.323483838183,0.1515698700929313,0.0114163247020753,0.1110674410326379,6.482791489958614
34,KDE,14268.123601725323,0.0912581577877541,0.0141501778321454,0.2906087123926152,19.66797249551878
34,TAIL,14268.123601725323,0.0269245079547214,0.0443806118778177,0.3687959505910284,24.676057998653416
35,EMP,5586.523301633696,0.0070389195440279,0.0156690543845998,0.0238543748261549,7.752197381888174
35,KDE,14268.123601725323,0.0491175885484844,0.0114104729856619,0.1734358259283775,11.708032947305032
35,TAIL,13894.323483838183,0.045207932182512,0.0224668874932831,0.0824111723139571,11.115396125996234
36,EMP,14268.123601725323,0.3090911648877348,0.1279981555246346,1.6040611239158822,106.13540378462017
36,KDE,14268.123601725323,0.4349046068653848,0.1305984987757175,2.2040335819503056,144.6017933096244
36,TAIL,14268.123601725323,0.382796460040584,0.0832917799183231,1.0057214470868996,66.97733792377426
37,EMP,14268.123601725323,0.0270486122299606,0.0107126375262082,0.6443592130036832,42.50247873349435
37,KDE,14268.123601725323,0.1190817922420243,0.0102104155203608,0.884960734413789,59.968535427295855
37,TAIL,9482.918614325215,0.0490135347583317,0.0065572976993382,0.0636256000044868,4.195685848435317
38,EMP,3758.6442122371454,0.1213067916957037,0.0057682450870894,0.1329983220461578,10.940231321334956
38,KDE,2308.1132377246395,0.0598636763467319,0.0065389031817017,0.0698348301817853,4.169430979209685
38,TAIL,14268.123601725323,0.0714997659999938,0.0271953474981818,0.2680198541592099,18.098852445600617
39,EMP,14268.123601725323,0.2420516608456793,0.0328814318058559,0.6184929340090667,40.91282025894805
39,KDE,14268.123601725323,0.3040528160155384,0.0278347293521361,0.9043404453266796,60.90630252629611
39,TAIL,14268.123601725323,0.2527169607593579,0.0412613836171792,0.5883525796409312,39.53987831291952
40,EMP,14268.123601725323,0.62283177508633,0.0994496498430293,1.668258820419399,111.7332063851448
40,KDE,14268.123601725323,0.7089265766902101,0.0921714805871069,2.184526548930928,145.0833537789705
40,TAIL,14268.123601725323,0.1420429177663919,0.0378575171873048,0.4321672476033769,29.06739771179737
41,EMP,15768.487363992052,0.3212309636993622,0.0460780171203357,0.5535891343574346,39.9685141456722
41,KDE,8663.95008887423,0.2777673066624626,0.0457899564406842,0.479732790701364,32.993430078143504
41,TAIL,9920.986448812402,0.1425428465471199,0.0320541391112587,0.3678735581905278,25.414297164500216
42,EMP,94060.0421059588,0.3612539597283634,0.0986033664384714,0.8585083687330882,61.9884555388326
42,KDE,80720.02769800203,0.3345780809319476,0.0971633698229604,0.8017490551404864,57.42224124072549
42,TAIL,106634.24567166044,0.3186944517800751,0.1056857501670661,0.8488651800689374,63.79027421023872
43,EMP,14268.123601725323,0.1344317069322523,0.0859509983805121,0.8772370670206631,55.66842636980587
43,KDE,14268.123601725323,0.2060116223976499,0.084309325662872,1.2687719921287572,83.73793216191802
43,TAIL,14268.123601725323,0.2149420011840516,0.0862317751885049,0.8418043412424483,55.5614918413711
44,EMP,29197.50123649225,0.2448531284952567,0.0488260362982552,0.5108900542700733,35.2177269978788
44,KDE,10688.161422641431,0.2139722490719726,0.049423613560928,0.4494728104958154,30.782898852311828
44,TAIL,82970.59464921274,0.2420407163701738,0.0739173160886125,0.6705151342907665,47.984313503598486
45,EMP,13894.323483838183,0.088088385746929,0.0761334913503299,0.5835718546969203,39.04677423437927
45,KDE,14268.123601725323,0.0282053211180483,0.0709181256147145,0.752491248815901,49.67958805113031
45,TAIL,14268.123601725323,0.1126860953637759,0.0536497114016581,0.4953744037071002,33.03023231853005
46,EMP,13894.323483838183,0.1973925830530619,0.0211549692397408,0.1119866709443203,10.466330202761077
46,KDE,14268.123601725323,0.1230649671704256,0.0213461695753147,0.2595198400788414,18.3086830248323
46,TAIL,8640.187648798132,0.0557400963281132,0.0206944329204956,0.0692622402508526,10.23848183612158
47,EMP,3557.6509988614253,0.0316532085540176,0.0003718555896561,0.1154090110399487,7.814990935881884
47,KDE,9482.918614325215,0.0154605959829744,0.0019457391991134,0.1043074968434649,6.524564930179178
47,TAIL,9482.918614325215,0.0384491880538399,0.0077425635243743,0.096588946243012,6.64496109519283
48,EMP,58821.18442661874,0.2191243482953043,0.046650716889106,0.1826184785090599,23.08024188660504
48,KDE,56370.65456274649,0.1773531675279522,0.0496525797422733,0.2706466807609861,24.565400644748244
48,TAIL,13894.323483838183,0.0404543306018096,0.0341355181854295,0.1573310540845962,16.888401061813045
49,EMP,107900.68961910128,0.2106793390994368,0.0977084364284414,0.6583922776214349,58.699979440940496
49,KDE,104150.83627723456,0.178765760598456,0.0980769343528206,0.6200177875573665,53.96122489406777
49,TAIL,86969.72994173494,0.2255045800982984,0.0775619569476755,0.6497447195261642,46.81794456410353
50,EMP,14268.123601725323,0.4965924580433901,0.0584824448682698,1.0122463566351003,66.97710009781196
50,KDE,14268.123601725323,0.5886419343547014,0.0582112519638294,1.464822333431847,97.81062851894006
50,TAIL,14268.123601725323,0.2125555358647443,0.0580592606440346,0.6195862059924363,41.386282914736654
51,EMP,14268.123601725323,0.0909992911190701,0.045268192597778,0.4056909190386177,29.4594109952144
51,KDE,14268.123601725323,0.0188055024252178,0.0425103782125137,0.5917697955178123,39.956597345670936
51,TAIL,14268.123601725323,0.0804686188520938,0.0530018243059903,0.4493745096847864,29.968955586115108
52,EMP,103245.63213281964,0.2786880342708415,0.0747301979495671,0.6760377673721545,49.71009724218017
52,KDE,82247.58201458605,0.2517327015817697,0.0750897911453197,0.6233166076546603,44.23700686139952
52,TAIL,119013.1172336014,0.3029071571035751,0.1141523265256018,0.8358956797872114,66.80580450117412
53,EMP,13894.323483838183,0.1358679369793763,0.0179012354861443,0.1318075046445216,9.047526897556986
53,KDE,14268.123601725323,0.0630060136414704,0.0168294947755887,0.3227729438666061,21.784192588841577
53,TAIL,2949.477479169973,0.0594996128707307,0.0030588506851733,0.0749846758011567,5.033972285694237
54,EMP,28245.75461791425,0.1965061465080331,0.0335041128920415,0.0834412773699786,16.576016003840206
54,KDE,28245.75461791425,0.1338132191703732,0.0346585629300687,0.0439058638801783,17.147175203537117
54,TAIL,13894.323483838183,0.0046710963365475,0.0229895509290408,0.1322661748877527,11.453193584804644
55,EMP,9813.35057590043,0.2104141307778647,0.0273398147511456,0.4742782005725824,34.95931984641882
55,KDE,9527.32089560924,0.1779695871125589,0.0254960174992046,0.3530198863347042,24.8665312037783
55,TAIL,3559.96021909753,0.0822836826810492,0.0055691201665641,0.1453258659457815,9.820606500619286
56,EMP,108941.39117990734,0.3747733991023376,0.0824308728626062,0.8223937452648964,59.96610445661912
56,KDE,77883.12682829311,0.3419623508013811,0.0828651674469667,0.7823149935252145,55.89250521259403
56,TAIL,91842.40953176684,0.3379210338759943,0.0934308666499383,0.8558573229987362,62.33313765219973
57,EMP,14268.123601725323,0.1728584075453612,0.0307323074882807,0.3704729401636608,25.619863349113743
57,KDE,14268.123601725323,0.238443062991036,0.0333532974618423,0.6714101586482005,44.99764622173348
57,TAIL,7625.691224526304,0.036791286800842,0.0090602911845592,0.0628857891083911,4.560140985193581
58,EMP,14268.123601725323,0.3586582836568696,0.071277995657945,0.7802915055535827,49.982647144641305
58,KDE,14268.123601725323,0.4217630542240077,0.0667503752479257,1.1612774503693422,77.18419764922595
58,TAIL,14268.123601725323,0.3555508135317543,0.0914172566598281,1.0560654655170276,70.03972886068654
59,EMP,14268.123601725323,0.0495711562099885,0.0759116159158947,0.5820924317347657,40.532934404592005
59,KDE,14268.123601725323,0.0057740488623652,0.0751915312110251,0.7816992526129868,51.12326150783036
59,TAIL,14268.123601725323,0.1832557743098334,0.0608225338889205,0.6237290279676024,41.50488638394952
60,EMP,9133.085098852818,0.1765921113445395,0.022811931951542,0.0745696339122469,11.289294804106651
60,KDE,13894.323483838183,0.1391357706622168,0.0224308654724097,0.1072066675040224,11.097574385829216
60,TAIL,8976.234806090179,0.073332630234541,0.0224311374810803,0.0649615144814606,11.09770896095114
61,EMP,16501.564695790617,0.0704122255949471,0.0682890358568775,0.5541261270737308,35.14963442620069
61,KDE,14268.123601725323,0.0034793825923012,0.0654456712687079,0.7655479548732288,50.2184655285038
61,TAIL,14268.123601725323,0.1008270920639694,0.0187994002528768,0.2476145021394365,16.739635634255826
62,EMP,48218.379721733945,0.2102940411846107,0.0230514004276262,0.1211689648765275,11.441310997073549
62,KDE,12334.139553899462,0.168325502968215,0.0192046112229303,0.1178302137816942,9.517009321737255
62,TAIL,13894.323483838183,0.0247766568275968,0.0270147744836325,0.1298612610865011,13.365443688174649
63,EMP,18679.734221090355,0.1924301427547095,0.0149711496440852,0.2146420983199887,16.205161025377727
63,KDE,14677.364289252811,0.1551975078709071,0.0131392830627939,0.1080931782479324,8.76871787078436
63,TAIL,13894.323483838183,0.0490492077780901,0.0308620355846175,0.1118352091213528,15.268859599718745
64,EMP,12515.076425079464,0.1594730973316744,0.0044445861386181,0.0827980240966105,7.559921261195118
64,KDE,9482.918614325215,0.1122781183214464,0.0023571620153415,0.1312208382572199,7.060468286853627
64,TAIL,14268.123601725323,0.0883583163388248,0.0214891020556928,0.2360741082123225,15.97057421058668
65,EMP,19928.05709261354,0.091205474947417,0.0331024856100596,0.1373115448382374,17.318955188354835
65,KDE,28245.75461791425,0.0359559162869222,0.0301441918545565,0.0452217663828934,14.913709496324357
65,TAIL,11755.139142814509,0.106288207395357,0.0368079060920887,0.3122650545975731,21.768675918273686
66,EMP,27961.80391044366,0.1080160451384271,0.0575547961634566,0.4414494942673923,34.25368527907826
66,KDE,12404.022746612629,0.0653430473759844,0.0561168539967334,0.3129185056359061,27.76357257786025
66,TAIL,16274.096722496672,0.1360278507167155,0.0550114163560173,0.441075424769483,31.50400888942372
67,EMP,8605.455479892074,0.1065197926514349,0.0146895738653506,0.0405366107954788,7.267603600377238
67,KDE,14268.123601725323,0.0622492140734895,0.0166685506552157,0.1742638070666322,11.700870476782027
67,TAIL,13894.323483838183,0.0223020596772764,0.034114267383441,0.2236332408227244,17.175070233638404
68,EMP,48597.99823859396,0.2503789809802306,0.0320998764900679,0.1117821450836221,15.884909269353107
68,KDE,12627.37418635914,0.2028009535875119,0.0329787169303317,0.1311553392013764,16.316078607565426
68,TAIL,14268.123601725323,0.1675425178677485,0.0411108240838521,0.4337538492556163,29.073357992704658
69,EMP,9360.913441153658,0.2991625467130012,0.0544306201141568,0.6374526260818774,44.94718489070377
69,KDE,8558.58322230085,0.2667527316528765,0.0547866197600884,0.5550181645592738,38.4285147304452
69,TAIL,3780.725648892008,0.032899072015187,0.0079277759327314,0.0948477169482663,6.507823621849113
70,EMP,14268.123601725323,0.0405835870756414,0.0240188714066877,0.6247247210043151,43.02523184335298
70,KDE,14268.123601725323,0.05567327993892,0.0225311499425507,0.8385392807483397,57.23687064788611
70,TAIL,14268.123601725323,0.2107787315633844,0.0420452126983663,0.5493446872350658,36.892152579804055
71,EMP,8326.333102513208,0.0834531581423024,0.0092124867981698,0.1713754205332085,11.333859415330991
71,KDE,6287.927717027151,0.0398324916362822,0.0095988450851121,0.0212741824581112,4.748987393335675
71,TAIL,9009.556031659244,0.0505705134825382,0.0239577576785727,0.1850575229875738,13.077071517795211
72,EMP,72574.15443942623,0.4083637447355,0.0789963814162438,0.8753441309568216,63.13634644560406
72,KDE,74557.62260175424,0.3694827920871463,0.0779199248814723,0.8373981173952603,59.86296390373699
72,TAIL,77687.98892409199,0.3716559498527573,0.0782988735907326,0.883765043718729,63.29640767196877
73,EMP,2518.4005048811023,0.1675474329374066,0.0047061194313119,0.029806433567077,2.3547112809657387
73,KDE,9482.918614325215,0.1031278651845037,0.0053387967969827,0.122299281437138,8.85006743137013
73,TAIL,9482.918614325215,0.0526904684131187,0.0009293384629938,0.0935453714459351,6.294221666594832
74,EMP,9025.33955411934,0.2494971528523374,0.0121930361301415,0.2666557010926821,16.484344162119672
74,KDE,8904.382739634977,0.2008934504403436,0.0146742080294052,0.1759317543584121,11.057337997076322
74,TAIL,8604.630432088032,0.0393145075133703,0.0137957343183429,0.1431890605394875,9.78434460782436
75,EMP,26055.162016033195,0.2205050983292904,0.0007935871788094,0.2682325845511824,21.63002175358376
75,KDE,14052.181102346529,0.185248452084721,0.0007489674913025,0.149198811864454,10.984882856485472
75,TAIL,8598.78455976283,0.1450936922515016,0.0082130098251319,0.2408030181769186,16.39280310833119
76,EMP,20603.877228704383,0.1906675439259317,0.0304084215692095,0.299610240232687,20.55126813140029
76,KDE,8900.55718402906,0.1468790374991459,0.0309456414382484,0.1870448781967613,15.310223236841884
76,TAIL,8610.991331655221,0.0358090623229383,0.0203889540669242,0.1640927528912008,11.47901394865466
77,EMP,13894.323483838183,0.1552055623236626,0.0157816073118537,0.1150222785024927,8.46280721424172
77,KDE,14268.123601725323,0.1087437106172447,0.0135299673142663,0.2140236167501993,15.269668019302005
77,TAIL,14268.123601725323,0.0790804261251607,0.0291192963770636,0.27464323742068,18.547508101573325
78,EMP,11499.434788467364,0.2022984205923598,0.0272085010667554,0.257137992251808,16.483332551504432
78,KDE,28245.75461791425,0.1588751144304852,0.0280622523652034,0.134775083716913,13.883678872748414
78,TAIL,9916.08694259305,0.0834889320754541,0.0277589968499708,0.2442609908824349,16.885096996468
79,EMP,10901.730832324469,0.1274140272050545,0.0085648172252152,0.1328211617527641,9.13702678705116
79,KDE,3783.784823647183,0.0911481027375494,0.0074215099252496,0.0521188922365155,3.7021811359658887
79,TAIL,10479.745141703635,0.1300082118131537,0.0287735623665332,0.0932194863364998,14.23559644190561
80,EMP,10978.830699989676,0.2772540217685877,0.014237354956086,0.3497279287540715,24.5597186858796
80,KDE,12197.90173043414,0.2231764583246153,0.0141305384320529,0.2198721885634078,14.842451004261113
80,TAIL,10091.491960184649,0.0133075102969584,0.0157948014894947,0.0466904172012787,7.814410222141267
81,EMP,14268.123601725323,0.1022240960205633,0.0309921735202601,0.2791960774648597,17.304575815601737
81,KDE,14268.123601725323,0.0177690530637271,0.0314126450515819,0.5132030499521222,34.21404975026833
81,TAIL,8752.02539158654,0.1553997114298136,0.0276197048246527,0.3563631543143499,24.457337509011094
82,EMP,84340.54459901765,0.2576467908001122,0.0681752700648645,0.5680117246203287,41.152257535505946
82,KDE,16062.6858664987,0.2223016721738607,0.0666169855324144,0.4807999079403231,35.36024453915131
82,TAIL,17227.52973972147,0.1668925828363642,0.058288633766243,0.5102653582775444,36.21280939771916
83,EMP,8884.412984626988,0.0912584769412235,0.01901893113402,0.0716382589964311,9.409534521009144
83,KDE,14268.123601725323,0.1501547982050389,0.0185211948383603,0.3364453513121863,22.09994737469949
83,TAIL,9736.34820574936,0.1725607557999923,0.0336095691977427,0.4272176219100544,29.445979412931056
84,EMP,14268.123601725323,0.0071360168995217,0.0225100148649859,0.269043854119289,16.391109409103002
84,KDE,14268.123601725323,0.0837584103904776,0.0198014981196373,0.5111486052070742,34.049168918141326
84,TAIL,3563.431111777408,0.0518792449212593,0.0074008214493801,0.0956799960447536,6.4765015173898055
85,EMP,8370.121695973083,0.2266433707321971,0.0093560515843499,0.1537401694871829,10.023441029266866
85,KDE,9482.918614325215,0.1608687370549805,0.0079286083896779,0.0599515558890579,3.970984514473872
85,TAIL,13894.323483838183,0.0026519402887545,0.0191698699356,0.1028452015019647,9.484506076856151
86,EMP,14268.123601725323,0.288585824699115,0.019407821591512,0.5671787089148106,37.43074354126953
86,KDE,14268.123601725323,0.366638474594801,0.0185405530104398,0.8961676747648268,60.34600738153664
86,TAIL,1298.4489659039923,0.037599953731022,0.0031316365220799,0.0199221974014796,1.6335265250978033
87,EMP,18901.417319684188,0.1430119080216214,0.0100073188609432,0.1509281066000118,8.936691062933548
87,KDE,18901.417319684188,0.2086580783164967,0.0141716430966936,0.3432018679931276,23.137238954304408
87,TAIL,9802.628725863062,0.0748329577840861,0.0289100331821727,0.2350174929708381,16.43879583507477
88,EMP,9133.14748945915,0.1591459152761343,0.001170406772762,0.1443928892201065,10.842860863914296
88,KDE,5921.734243025693,0.1237668435626317,0.0031002656648165,0.0942777293109611,2.8785826980466456
88,TAIL,9794.37607098971,0.0766186817321196,0.0248134115828466,0.2232129713292633,15.41113068693975
89,EMP,28245.75461791425,0.066264791843893,0.0224623547514946,0.0343890815449152,11.113153571457635
89,KDE,28245.75461791425,0.0202652322528534,0.0210557933364234,0.203828938517624,14.647027077000324
89,TAIL,15550.525436971026,0.029565408499587,0.0392618533953324,0.2207410526954685,19.936219752600888
90,EMP,12858.15193854469,0.0913471102575842,0.018633717508631,0.292181640868718,20.45156755269821
90,KDE,8278.889363027902,0.0555724003580792,0.0171607086239139,0.1399804291406979,9.61078403363079
90,TAIL,3570.876405101787,0.0859804746450218,0.0058501998231313,0.157440743648407,10.751861491028857
91,EMP,9086.746127016017,0.2994804016515552,0.0111420198784632,0.3954331698026984,26.45399548117039
91,KDE,10716.533749011138,0.2490556458496339,0.0115370221308533,0.3115106721529893,20.9887444253768
91,TAIL,8854.184104438044,0.1511708568615888,0.0259686915859505,0.3594820350598358,24.72586007915664
92,EMP,87079.4810393313,0.1140025364311864,0.0544848230870834,0.5264917286003192,38.57741106746956
92,KDE,10847.638949272843,0.0777117378617732,0.0522404013386598,0.401365809416795,29.09207425645257
92,TAIL,88437.88488612624,0.2350122598233749,0.0783860767038836,0.6700487723197353,48.255039335032656
93,EMP,80569.61144153867,0.3542320364059104,0.0962624999145151,0.8449514652325409,61.20090813273767
93,KDE,84339.82691924035,0.3254000293886068,0.0968189964417662,0.7959815164704561,57.14578691383579
93,TAIL,89814.42831338808,0.2233758107110638,0.0814413843489443,0.6518339212768833,47.61801272555815
94,EMP,9482.918614325215,0.2183132836550904,0.0058280955421313,0.2049697695345155,13.087513225109785
94,KDE,9482.918614325215,0.2793545569187213,0.0032823362599768,0.5094590587569793,34.24574896620397
94,TAIL,14268.123601725323,0.0825625751234142,0.0282435718149378,0.2647230528872769,17.798871069605926
95,EMP,20280.148024951417,0.0571846753582564,0.0971444825513506,0.7489463187203973,49.31986071354905
95,KDE,14268.123601725323,0.010839137384298,0.098779489846448,1.0261240516532633,65.3834291826705
95,TAIL,14268.123601725323,0.1996691621872873,0.0988953299823394,0.9835816798086986,64.14711700530344
96,EMP,14268.123601725323,0.1148837868415656,0.0415105030104782,0.6309936514241988,42.93578026677236
96,KDE,14268.123601725323,0.0134623961475978,0.0408186009079336,0.835779033460038,56.82427910598168
96,TAIL,14268.123601725323,0.29543846342242,0.0746472286638017,0.8452850977674463,56.25568035713239
97,EMP,8990.67210331849,0.2577299159170799,0.0101729832866642,0.2522376456090092,16.363466535074313
97,KDE,10454.275497739618,0.2001457935178562,0.0084819917127474,0.1254991991285674,7.727980201489406
97,TAIL,3622.161016080115,0.0750014599065493,0.0043200942098692,0.1238773580596291,8.379841161271393
98,EMP,14268.123601725323,0.4560490153944744,0.1249399996660078,1.7965838779736056,120.63194530403084
98,KDE,14268.123601725323,0.5848365095002882,0.1248159811867562,2.3841521756635,156.80564694939522
98,TAIL,14268.123601725323,0.4253742185245084,0.0911915429377607,1.1320374112155345,75.2901055374489
99,EMP,13854.72795371846,0.2567974848210951,0.0207381166294405,0.2142744435214119,12.33750953496267
99,KDE,28245.75461791425,0.2044733489742134,0.0229253234515466,0.11858564820367,11.366513556432654
99,TAIL,3559.73632882432,0.0376575452554701,0.0066205392118476,0.0784789088665136,5.357851129407451
100,EMP,10577.21244538027,0.1955181621826087,0.0282494436064355,0.3314727065901676,23.50788837782677
100,KDE,8297.66256868322,0.1531654425319897,0.0268741018583549,0.2229445665700448,15.10530008258374
100,TAIL,3644.051524574144,0.0511540828478013,0.0031701123472715,0.0843704880861319,5.674776412850823
101,EMP,5461.157040348173,0.1972376109458556,0.004546103718718,0.2635479546036108,19.19605198403464
101,KDE,7569.686519088741,0.1600031972955396,0.0032508472959785,0.1281245965762351,9.017750419914371
101,TAIL,9442.658381099192,0.0203953260425853,0.0129633703667345,0.0292750766385931,6.413571830870429
102,EMP,21215.632316053536,0.0036754835506634,0.0399910855893347,0.3028228274447729,25.77476715447004
102,KDE,28245.75461791425,0.0359323169978767,0.0418587691443571,0.1367168317802818,20.70944631405929
102,TAIL,9869.427781877524,0.1021324690641467,0.02810235134722,0.2844062443181387,19.63237400977893
103,EMP,14268.123601725323,0.0332046108662319,0.1158436882497126,1.1275079284078031,70.66260131589755
103,KDE,14268.123601725323,0.0929179993238109,0.1117163647245868,1.3107199381972736,82.5153581599886
103,TAIL,14268.123601725323,0.3574026143843384,0.1018131608618545,1.1470453412637434,75.79285927872883
104,EMP,8290.319882671452,0.1865353347727611,0.0115817440678253,0.3425112564774496,23.18661730259917
104,KDE,9010.443049579962,0.1488559334826056,0.0110817663515782,0.2175719268226492,14.783412967122656
104,TAIL,11626.02107626148,0.156879188898301,0.040959231766075,0.4186073955689688,29.1502203049718
105,EMP,8519.398452738093,0.3055086412940253,0.0391373959491731,0.5824719182373929,41.391847617289365
105,KDE,8695.264388781765,0.2708170332448658,0.0393935140112487,0.4922076501978777,34.098962579637444
105,TAIL,13970.371309958502,0.1436588170377514,0.0478647931778414,0.4228850001718516,29.654205932611823
106,EMP,9530.037662314357,0.2530719197233629,0.0173254985270434,0.3116591328476791,20.380892196754083
106,KDE,8557.672961909739,0.2043291829288786,0.0185457593249401,0.2151650587591915,13.869939355391814
106,TAIL,10140.082060753784,0.135269471778007,0.0323818217295429,0.3545713152493076,24.545045971554806
107,EMP,8821.364802252916,0.2334904361734057,0.0258594423504544,0.3920026736844175,26.696176081023136
107,KDE,8328.937154784591,0.1946601524508993,0.0235852337735506,0.2606160527440975,17.40491636370175
107,TAIL,8366.948473481254,0.1704949429821937,0.0219534193651052,0.3685187369117967,25.27567042310133
108,EMP,7496.042786942071,0.2069825306564496,0.0241168752858763,0.0844159262820339,11.931720502179411
108,KDE,13894.323483838183,0.1527812029867565,0.0245411995565291,0.1819766341532121,12.839390992702176
108,TAIL,8071.86830028488,0.0230500513560236,0.0121455667456705,0.0876696280313492,6.504729254676255
109,EMP,10855.795511007516,0.2075829751873038,0.0069363887383431,0.1509073014601714,8.555834799251137
109,KDE,6715.533822180082,0.1654893252863717,0.0094426309286008,0.0636870921549713,4.758625638627299
109,TAIL,13480.83340593562,0.1274417428173269,0.0451507349311612,0.3779826134250847,26.56593989489264
110,EMP,14268.123601725323,0.1266826617906931,0.0120872980015658,0.1281808193862017,8.624152760982973
110,KDE,14268.123601725323,0.0519063535509059,0.0125681866187941,0.3251937873905171,22.269571314527
110,TAIL,11457.212480779426,0.0173902288011365,0.0266397709029167,0.1483719277582945,13.344039943320007
111,EMP,9225.185836476998,0.2651503584902943,0.0376785642953437,0.5045015535351639,35.46456683494424
111,KDE,8469.191891047587,0.2173576717648675,0.0388832888225759,0.4177174303303902,28.66156860118384
111,TAIL,8460.96989506121,0.046508601425781,0.01035745634934,0.109369141557046,7.514813816205337
112,EMP,7819.072969975364,0.1739319225442563,0.0083951774962309,0.0847218472535213,5.061270626087371
112,KDE,9482.918614325215,0.2297863720779572,0.0063228709958983,0.3523093434688559,23.375824278744176
112,TAIL,13894.323483838183,0.031936139812702,0.0231900224456907,0.1755001238207066,12.339606285532
113,EMP,13801.867202926842,0.2420037618029601,0.0114329067611935,0.3262490935532056,23.967377340718404
113,KDE,14453.97721655553,0.2126331905192101,0.0106446826694526,0.2365881976265172,16.98735180213294
113,TAIL,8624.008344625538,0.2228556476454101,0.0319982219823793,0.4904000593432049,33.82643743061499
114,EMP,67901.64482232556,0.1726467900472354,0.0669032518696164,0.3875315901710141,33.10009661420236
114,KDE,69563.55457033383,0.131078485318696,0.0680740385390036,0.4817560074917041,34.232339541211935
114,TAIL,15347.578771482533,0.0049367898186282,0.0670275795810152,0.4173957365982621,33.248161733460755
115,EMP,14268.123601725323,0.0490498446473399,0.0494325200144323,0.5140427926859358,34.01410166289637
115,KDE,14268.123601725323,0.1000762769087166,0.0447413225766124,0.6866020142387133,46.2246089037142
115,TAIL,14268.123601725323,0.0909693981641142,0.0290182917580216,0.2748064986193588,18.471489143447226
116,EMP,3901.253666226028,0.2038455036461738,0.0038981756712683,0.2378428061179764,15.635290081399596
116,KDE,6881.008805923992,0.1585336392387282,0.0040276397618318,0.09379050872899,6.055419556206033
116,TAIL,13894.323483838183,0.0223269448104179,0.0306090399533432,0.1639860522739878,15.170850440950382
117,EMP,14268.123601725323,0.3261697633146487,0.0395721978327903,0.9303335638373892,58.043643467727456
117,KDE,14268.123601725323,0.4485672303342471,0.0358141411005744,1.4175889738002898,94.36069645420574
117,TAIL,14268.123601725323,0.2738392324988039,0.0675584514483343,0.7603148815262913,50.72768697964822
118,EMP,8393.272690329804,0.009420966963421,0.0142815145488178,0.0238399753850552,7.065718005520268
118,KDE,14268.123601725323,0.0522667165825627,0.0135363652677411,0.171229126913427,11.3752016216276
118,TAIL,13894.323483838183,0.0234841530142454,0.0384543247284265,0.2444214975282664,19.22004517295743
119,EMP,14268.123601725323,0.2129437369336112,0.0524197877484095,0.7100125147665168,45.302150216988856
119,KDE,14268.123601725323,0.2876078473728861,0.047429625035239,1.0587748964011752,70.6730085195822
119,TAIL,14268.123601725323,0.2014771268470987,0.0480282529653375,0.5655385130418445,37.90294496460889
120,EMP,7865.219456793637,0.1172299543077142,0.000533518110828,0.1468289514157285,11.349251198103648
120,KDE,4624.568239650172,0.0823136524761385,8.019219644664024e-05,0.0671821408109269,2.685170823253429
120,TAIL,12453.378611107772,0.1068639117381014,0.0379390604137045,0.3320783806767931,23.323583027684226
121,EMP,14268.123601725323,0.0768012016686039,0.0112359408845106,0.1847593702893068,12.34503786065224
121,KDE,14268.123601725323,0.0084673870749769,0.0122975044324183,0.4277762922244177,29.1646937964321
121,TAIL,13146.377014322828,0.0249710471813563,0.0162110727173638,0.1363204966917339,9.346587087082856
122,EMP,9160.686910810364,0.0744588649570553,0.0186123188527571,0.084488521055649,9.208364840639137
122,KDE,13894.323483838183,0.0265384775991004,0.0222529661715564,0.1337830033254294,11.253079485890618
122,TAIL,7545.851016263788,0.0121066674545558,0.0094848525892013,0.0601409238174276,4.953628660981027
123,EMP,8668.922052155664,0.2772716191512597,0.051796501905318,0.6006158775328272,42.12255216055421
123,KDE,9457.679597336282,0.2456585615950662,0.0511815187482849,0.5188882986645255,35.79543231217869
123,TAIL,12312.442532972847,0.1862375436887466,0.0468147323712722,0.490304954882125,34.189397430726814
124,EMP,11093.313221605598,0.3194471937462237,0.0254856075633394,0.595493788025646,41.43282471961169
124,KDE,8634.587118842122,0.2869739474675499,0.0253297958732769,0.5208006866949413,36.083962442136425
124,TAIL,9394.289069015636,0.2370608702049329,0.0392061480106473,0.544987540391975,37.7606942635443
125,EMP,8652.258429640904,0.2405906657624218,0.0234383832754604,0.125539846969939,11.596039493123309
125,KDE,28245.75461791425,0.1555356984279476,0.017455815896746,0.0999185051157573,8.711239607714214
125,TAIL,14268.123601725323,0.0771180994298125,0.0125052042753543,0.1918673819684696,12.955913458698204
126,EMP,19717.596653152257,0.1830845242687223,0.0337715640976874,0.3239084913409192,22.882716170141805
126,KDE,10722.853832921011,0.1394853343169829,0.0334935326976814,0.19943513594395,16.60225166407712
126,TAIL,14055.649199730406,0.0832105994520127,0.0438860993484824,0.3358014689241411,24.694819540162733
127,EMP,14268.123601725323,0.0160001055029206,0.016559006621265,0.2083254175829274,13.779186315201304
127,KDE,14268.123601725323,0.0718399935204263,0.0152213709024486,0.4531206894496108,30.493047411125207
127,TAIL,13894.323483838183,0.0578782462347211,0.0216896763332761,0.1571409978121998,11.237838805732466
128,EMP,14268.123601725323,0.1251165703287421,0.0241606958873747,0.2014670676880395,15.832625791546358
128,KDE,14268.123601725323,0.0594885477844882,0.026562544627281,0.3966287545439104,27.22392880432874
128,TAIL,14268.123601725323,0.1134594434300394,0.032415068538022,0.3476147427372407,23.43177829192261
129,EMP,13894.323483838183,0.1952613406952259,0.0247892989431893,0.1470532020743797,12.284356690136264
129,KDE,14268.123601725323,0.1226190314258183,0.0219075630710677,0.260226862303871,18.034881615893102
129,TAIL,6356.333285955298,0.1282149722892089,0.0070661000220994,0.122228736677635,8.404040160070851
130,EMP,13894.323483838183,0.0550482787770572,0.0289038897690985,0.1407623071817059,14.300075364765654
130,KDE,14268.123601725323,0.1120549409939974,0.0281953609676701,0.3760512107770609,24.77937012464504
130,TAIL,14268.123601725323,0.0536004389062546,0.0278510693472857,0.2536522155500758,17.133629394520167
131,EMP,8362.707335684552,0.3450938363582548,0.0150787535795845,0.6177913187206203,43.22346503593433
131,KDE,8766.59472118018,0.312828373252141,0.0161007981741176,0.5637560304301553,39.42225495842162
131,TAIL,8289.40685346764,0.2775855496125868,0.0335552934824859,0.570370525906096,39.618187737730366
132,EMP,26590.98246615163,0.2498232684545404,0.0187972191526667,0.1681359690953172,15.04283110176485
132,KDE,20927.25481541061,0.2066281870726219,0.0136455254298805,0.1196234644337219,9.305644076716726
132,TAIL,878.4789636902925,0.0073366673556674,0.0047139038733097,0.0131641635509587,2.332183702231582
133,EMP,15778.909548542875,0.2160059183717435,0.032453661871284,0.2674458140841334,18.681676591885125
133,KDE,28245.75461791425,0.1677179019400414,0.0339359624095533,0.1780274905599008,16.789671698488572
133,TAIL,13604.373649415664,0.1425080919191308,0.0456309597717677,0.4288529880497307,30.098162583635784
134,EMP,13894.323483838183,0.1243249623599193,0.0256990739456379,0.2042567403996301,13.624669699225072
134,KDE,14268.123601725323,0.057090796950361,0.0262314794689872,0.4025847499987958,27.154334186358696
134,TAIL,14268.123601725323,0.1128553160329962,0.0158994324948747,0.2436480544763564,16.358819020297332
135,EMP,13894.323483838183,0.0626935015189643,0.018750335669305,0.0997659047298692,9.276648068052715
135,KDE,14268.123601725323,0.0154490233413845,0.0159858349344867,0.3010766838343904,20.137420351129627
135,TAIL,14268.123601725323,0.1185113864101855,0.0286002848308435,0.3017874051965341,20.313606638545416
136,EMP,9482.918614325215,0.0269953060317775,0.0058795804147894,0.1697840559299148,8.54004465682319
136,KDE,9482.918614325215,0.0827661626078919,0.00164768728322,0.4110481416280885,27.601017401453262
136,TAIL,3012.874107566869,0.051699146980739,0.0026116091430543,0.0655625840917677,4.354184042879116
137,EMP,15428.531707939175,0.1223235649668583,0.026711008324323,0.2420574111381357,17.4450927085624
137,KDE,8698.022309027923,0.0850364669007653,0.0264274763529216,0.1194271514204365,13.074880459562731
137,TAIL,10134.103286206517,0.1476880191022187,0.0370177814070381,0.3812105782443982,26.25972875866627
138,EMP,14268.123601725323,0.0085929255623405,0.0478503218816338,0.5481802134363848,37.97160942729917
138,KDE,14268.123601725323,0.057579725588882,0.0487855757304791,0.7540293373059134,50.23751388620855
138,TAIL,14268.123601725323,0.1425237299387906,0.0303416006501027,0.3854347074283735,25.91250272436498
139,EMP,6958.3128815522,0.0677176416176785,0.005072835577835,0.1360524175029785,10.04764834187534
139,KDE,9482.918614325215,0.0179292329024324,0.0049430723370511,0.0751440692683821,4.727704310186336
139,TAIL,3583.650208713383,0.0259677902864796,0.0014162581546457,0.0648818665762721,4.422521023265394
140,EMP,3641.260736955226,0.1749673631759429,0.0001677631925434,0.1723502209527075,11.321056927051622
140,KDE,3399.448873773631,0.136541209210783,0.0010972071976389,0.0575883289507538,3.38816823613978
140,TAIL,8339.729599485278,0.1343011753976801,0.0171654451647221,0.3114638852240696,21.3556170645662
141,EMP,14356.06032795904,0.261392504988357,0.0459095227484164,0.5108896423800154,35.02124965164466
141,KDE,9755.801154330476,0.2299435771260932,0.0463010785114647,0.4393811313086372,29.855625919778724
141,TAIL,87068.56556560937,0.1744170613361727,0.0733037561780578,0.5534802774219116,41.432219616673365
142,EMP,9646.00870054474,0.2306898377149068,0.0355083016268235,0.4254318200286252,28.86318553049629
142,KDE,8284.310203938538,0.194143723847066,0.0384933214152704,0.340730905399761,23.04466316010004
142,TAIL,12869.630088832022,0.1283357656732611,0.0399446970860874,0.3802043590227236,26.60714188651228
143,EMP,13146.377014322828,0.1989562239301668,0.008268866713071,0.0908463760368745,5.053560085143992
143,KDE,9482.918614325215,0.1466920507981995,0.006298021500103,0.1726555379697057,12.15219716998012
143,TAIL,13894.323483838183,0.0250930749552176,0.0198610667135355,0.1424856182111941,10.516833715760846
144,EMP,28686.44797197481,0.1470179473087531,0.0487554050343884,0.3028115068129454,28.329230070658767
144,KDE,28245.75461791425,0.2090174017790747,0.0443392001296116,0.0737602743484425,21.936628894314
144,TAIL,91465.3741263916,0.2483297629903029,0.0849110555749811,0.699534142908798,50.75090858302892
145,EMP,12770.791634419002,0.1588627277825791,0.0166349245890412,0.1206075955188425,8.503444580701233
145,KDE,28245.75461791425,0.1145672622381624,0.0192244585142855,0.0334984589750404,9.511218309966193
145,TAIL,14268.123601725323,0.0550940726247634,0.0113564771949537,0.1759587242266076,12.049847151100918
146,EMP,13146.377014322828,0.1945632144982471,0.0342141644319175,0.2575160038799396,18.51921269677505
146,KDE,14268.123601725323,0.1167176843080598,0.0313422315685707,0.3964884752182473,27.41686311486229
146,TAIL,14268.123601725323,0.1658428692385077,0.0667258094244415,0.6554062243875314,43.5204837914688
147,EMP,13262.752174023022,0.2501291122335451,0.065432096023891,0.5447387244032309,38.407713353448834
147,KDE,11267.35623020058,0.2171595290315845,0.0670842955054818,0.4544476431220072,33.605413280519166
147,TAIL,14103.291608658,0.1371651775856822,0.0489192346417852,0.395805518431877,27.94064447861969
148,EMP,19560.351210211404,0.156849331551169,0.0270698913589137,0.1235266350443242,13.392712525576377
148,KDE,15002.299448389873,0.1121832375456656,0.0284871295186798,0.2163615362526304,14.800749158844436
148,TAIL,14268.123601725323,0.054957837823401,0.0183771390373717,0.1831563055290938,12.383277498412586
149,EMP,28245.75461791425,0.1308874747010069,0.0483195736437059,0.0932800092100598,23.905901600727383
149,KDE,28245.75461791425,0.1831705985032146,0.0506088714519788,0.2305468810688212,25.038521862298307
149,TAIL,14612.57165644473,0.0278955056652469,0.0393771137967199,0.1848777762264802,19.501491446493223
150,EMP,11456.61349280458,0.1507536569816435,0.0350071761233315,0.2635930493938687,20.18164018787932
150,KDE,28245.75461791425,0.1082499893173377,0.0328535345472533,0.1172063405072697,16.254145161006377
150,TAIL,15036.141287878156,0.0960289642204788,0.0441628567173409,0.3232193588128005,24.395639774952585
151,EMP,14268.123601725323,0.1305727484347494,0.02117930904042,0.3221758314631093,20.97335864090584
151,KDE,14268.123601725323,0.1972280102935654,0.0185006812974408,0.5574882186476968,37.6099859133792
151,TAIL,14268.123601725323,0.1527085916610928,0.0208328683068454,0.3412096632726749,23.05275769190849
152,EMP,9734.039889928676,0.2604882245404049,0.0270452537471489,0.331018464236625,23.11512281247928
152,KDE,10013.741680376335,0.2140414219052288,0.0289094549357437,0.2522212881604415,16.61702887137254
152,TAIL,8329.74384052441,0.2076949883537736,0.0281178704970482,0.4324708008365184,29.691256801200137
153,EMP,27653.31881161655,0.2423919328295457,0.0648626154408301,0.4768030205247187,36.65302008944726
153,KDE,19565.67773730897,0.1947151498292065,0.0671745527347679,0.4083435990464487,33.790579219425325
153,TAIL,17275.135842309643,0.0155044979291944,0.0438190533589369,0.2293515828959182,21.958991461185203
154,EMP,14268.123601725323,0.2049681304688581,0.0223338163378196,0.2182502409690235,14.517749231472344
154,KDE,14268.123601725323,0.2657288223381444,0.0238113289065521,0.5275709055289481,35.32201922067165
154,TAIL,13146.377014322828,0.0040099305556522,0.012482195237596,0.0987270395480978,6.949554239387753
155,EMP,13894.323483838183,0.1823754948063183,0.0313194952847225,0.1437164402072031,15.495185822248017
155,KDE,15079.910450039535,0.129780566772013,0.0338931961131321,0.2882106670323873,19.44574940557565
155,TAIL,14268.123601725323,0.08340492055505,0.0261952629542248,0.2735443878634511,18.52791927149768
156,EMP,13894.323483838183,0.1710638834311746,0.0311255565472901,0.2471432205238223,16.126905869411008
156,KDE,14268.123601725323,0.2354731698075184,0.0305721107123159,0.5499126992124099,36.53132156592808
156,TAIL,13894.323483838183,0.042670785413769,0.023690193257896,0.1776682882993557,12.537571025570749
157,EMP,10480.24864717366,0.3319272486889641,0.0160137798027883,0.5228389603605711,37.02488612766753
157,KDE,11050.086209905126,0.287821553839012,0.0154878992090522,0.4507658796417322,31.523478881516755
157,TAIL,9170.917689560085,0.2057757088771875,0.0351472885566592,0.4772435698185041,32.99065074912546
158,EMP,9000.186815102896,0.1982240693418394,0.0194490223613482,0.1254808410721457,10.393369250761523
158,KDE,28245.75461791425,0.1215627665407272,0.0181573440753204,0.0275388936809911,8.983268022930973
158,TAIL,8932.469944333141,0.0580241015719252,0.0179474543206815,0.1680251368534303,11.580530497401536
159,EMP,16087.2932377974,0.2747827034864604,0.0575907528795353,0.4968897006412308,34.46518836260368
159,KDE,10599.1153795328,0.2209073066475076,0.0554315361106309,0.3992107893625656,28.31511546051354
159,TAIL,10999.531082465728,0.1166550170717614,0.033597535755208,0.3440254831714812,23.89072842972925
160,EMP,81007.93765394234,0.3697671997250655,0.0898590965274955,0.8795406095658167,63.69132785737371
160,KDE,86979.16435248787,0.3470591365850424,0.0909728589976765,0.8442864184308922,61.0127807390026
160,TAIL,105540.13339115048,0.3453098720896589,0.1099795103170016,0.8808466817329672,66.30304205918155
161,EMP,14268.123601725323,0.0644061008633219,0.0381991700951963,0.3604420427860974,24.22937967648794
161,KDE,14268.123601725323,0.0154569483308647,0.0366091811662311,0.513591362665546,34.924405420366426
161,TAIL,1835.5640747980733,0.0057281110776007,0.00350465585063,0.0253896671680629,1.8579051583149149
162,EMP,4221.04487097222,0.1509940027275375,0.0057469046977113,0.0780797468925348,5.449984011480475
162,KDE,9482.918614325215,0.1077231930175491,0.0066876614858027,0.0867403279402341,6.090774976960203
162,TAIL,1066.4535729498084,0.0269971524893256,0.007784897818581,0.0170938030498976,3.8515447713797775
163,EMP,13894.323483838183,0.213037286087962,0.0420905251558699,0.3346977857161079,23.30034726192384
163,KDE,14268.123601725323,0.1347184100500188,0.0432443008640997,0.4874825496512272,32.733759472867376
163,TAIL,14268.123601725323,0.1810007607402246,0.0503679299368454,0.5451797608498901,36.541018032807656
164,EMP,9872.975837869672,0.1914829448076021,0.0142039287459532,0.1554405474825169,10.835273960511325
164,KDE,10487.887669148338,0.1495315096161983,0.013447204598564,0.0794857229336869,6.670078483383447
164,TAIL,7476.611363735257,0.005775555541925,0.0094845573803261,0.046398114430075,4.692444042085738
165,EMP,4463.860664637035,0.135933584479845,0.0055855273046563,0.1516748270938345,10.43560411296089
165,KDE,1761.9924881228555,0.0937168837090944,0.0061938728106095,0.0298291808974774,3.078942947264909
165,TAIL,10179.70593750332,0.0754547213099529,0.0261146699117218,0.2501251064129884,17.36299915392227
166,EMP,13946.550229801176,0.0277778335697057,0.0592460769123971,0.3589571363999782,29.424256186659395
166,KDE,14268.123601725323,0.018041230697262,0.0560425689377841,0.5201691619373702,33.9323760377699
166,TAIL,13894.323483838183,0.0454838903977566,0.0350476407410947,0.2464028862884164,18.08562736954645
167,EMP,16337.314579206311,0.2487670718164202,0.0405094191983246,0.3346409825898029,22.44397660664872
167,KDE,8715.913874800937,0.2049561465297461,0.0413681203042076,0.2462175695867874,20.466699906990087
167,TAIL,12257.583091590655,0.1144975441477501,0.0397299972197081,0.3521002309697294,24.625110950957698
168,EMP,14268.123601725323,0.3574746640483973,0.0184644686853865,0.3345676783147212,20.49025349572761
168,KDE,14268.123601725323,0.4363644402755153,0.0229297017240807,0.7949280175981521,52.97303597667726
168,TAIL,14268.123601725323,0.1725817669501444,0.0521861834293929,0.5466294926214486,36.53631496473503
169,EMP,5436.303355946413,0.211683118135925,0.0052180992700954,0.2528627278385432,16.883505414173513
169,KDE,9946.611816246786,0.1800407737843056,0.0094111986392756,0.1805142298480201,11.885957538304298
169,TAIL,8049.685164688776,0.0181468657329962,0.0123954993095548,0.0955523311343101,6.860048584454493
170,EMP,10678.558674816146,0.2552374559468931,0.0509603832048022,0.4847197920392687,32.41220569186677
170,KDE,9596.687898416072,0.2158378961377664,0.0525946172774046,0.4005513931554041,27.68015383651234
170,TAIL,10568.518974560417,0.0648308220158969,0.0300833733412215,0.2744491327278884,19.16666498863737
171,EMP,20615.481651926515,0.1656847521934766,0.0164654317044827,0.1819119248326333,14.705072656553078
171,KDE,28245.75461791425,0.1143993000986726,0.0168043228170207,0.050846127577533,8.313866564567324
171,TAIL,10472.723398953056,0.0613203801631534,0.0251507671547022,0.1822678053026709,13.425537812394374
172,EMP,14268.123601725323,0.0244577809873916,0.0231449227743445,0.2543030362956341,16.217903645792166
172,KDE,14268.123601725323,0.0806818302257675,0.0250998996684599,0.4797507228886102,32.371955176500144
172,TAIL,14268.123601725323,0.0800352400348587,0.0491762066674843,0.4144085502528926,27.61063106917668
173,EMP,13922.582750919068,0.0699610426878897,0.0132247360163439,0.1782671611630585,11.527001129356492
173,KDE,6340.706852986374,0.0264956250120016,0.0096333488750136,0.0246455536129715,4.766057995247897
173,TAIL,9924.443743766078,0.0628145422398618,0.0264357847129522,0.228523025889981,15.894488826766072
174,EMP,9542.554308899162,0.2697327423537328,0.0422101748134888,0.5291321283420537,36.41697919894837
174,KDE,10219.647164615906,0.2312868469861663,0.0439009868458346,0.4569795134529947,31.28391931268477
174,TAIL,72865.2321118639,0.2447999658146034,0.0566330657149387,0.6090302406670367,42.75036254075702
175,EMP,13894.323483838183,0.1676693363296257,0.0144863318807801,0.12930923777981,7.984701086179677
175,KDE,14268.123601725323,0.1060611191928427,0.0141962450568595,0.2349693284302773,16.49079201264972
175,TAIL,14268.123601725323,0.1701053841653483,0.0636184596714381,0.6423796411302212,42.83507146442672
176,EMP,14268.123601725323,0.0593149993537907,0.0596349492531944,0.583836286740969,36.36854220785533
176,KDE,14268.123601725323,0.1297386801188354,0.0619001165208672,0.9111215582443106,60.25957851959788
176,TAIL,13894.323483838183,0.0033424539462172,0.0313501405049166,0.1583932044026595,15.510347413364167
177,EMP,10450.272539659714,0.0055571554035565,0.043181580122517,0.2421916640692422,21.363901366031246
177,KDE,28245.75461791425,0.0572036343846295,0.0414660528889259,0.0431912201275166,20.51515163280711
177,TAIL,11304.621731543912,0.03573275884832,0.0273480812601783,0.1711193037256601,14.05174884459287
178,EMP,5310.56442460097,0.2809438798861093,0.0014128953173508,0.2638298310324041,17.00424143837584
178,KDE,6534.36682588131,0.2212860400598897,0.0008662497196032,0.1504492932189585,9.332256274853403
178,TAIL,8486.323740723336,0.0600830865481738,0.0121466035559057,0.1476936622994059,10.078508098234714
179,EMP,102279.96970945896,0.2725601760183975,0.095604124583908,0.7115814154214318,55.89936773913974
179,KDE,88526.88630009163,0.2387959181824567,0.0951812671489456,0.6444141373724163,51.30762855599932
179,TAIL,104641.84298162875,0.2711005901095381,0.0991213390316203,0.7639969451073099,58.20947823803064
180,EMP,17120.520578030497,0.1000124245968519,0.0771615961569513,0.5344471342951951,38.490541227712725
180,KDE,14268.123601725323,0.1545803303251741,0.0752353984819947,0.8069091420563553,52.30523160182547
180,TAIL,13894.323483838183,0.0381077923966451,0.0296769340055923,0.2259284490718382,15.848507886726663
181,EMP,14268.123601725323,0.1322142691655031,0.119437589225262,1.3751964540483028,87.85745594779284
181,KDE,14268.123601725323,0.2310651146925171,0.1196022337545402,1.7538426752775764,112.99322561670424
181,TAIL,14268.123601725323,0.5330567238269226,0.0997254547625891,1.2759574287479114,84.88686044738246
182,EMP,14268.123601725323,0.4135998956792007,0.028738261578352,0.636022126776793,40.755751724660456
182,KDE,14268.123601725323,0.5069964854569643,0.0279992493236222,1.046142720024234,70.15516054479279
182,TAIL,9482.918614325215,0.0490910523324737,0.0048820284215153,0.0942406274697606,6.316543388716532
183,EMP,14268.123601725323,0.1449339617782539,0.0361925922389193,0.3321193182775109,22.3642940481327
183,KDE,14268.123601725323,0.2195271564392443,0.0384176939865943,0.6528116947395097,43.56082042383167
183,TAIL,14268.123601725323,0.1451043824982396,0.0171315705243121,0.2905517943364684,19.624769683953826
184,EMP,12813.209451977888,0.2680638897010902,0.0312389585183986,0.551130661563191,38.804877261853214
184,KDE,8275.326138687735,0.2403449422206817,0.0314444147873528,0.4696766937206838,32.35894727179708
184,TAIL,13138.756862205246,0.1875728526524724,0.0489553121369451,0.5253509679180047,36.81515250773945
185,EMP,8317.59081202259,0.2161630719753641,0.0289683743303988,0.4369492905453211,30.191168898958672
185,KDE,8268.321711849525,0.1804050571816754,0.0303525361112217,0.3447029305894777,23.524941068371547
185,TAIL,10451.383670732484,0.189472174935938,0.0399732425505473,0.4821277758251815,33.46980920216499
186,EMP,28245.75461791425,0.4007322271624757,0.0398785510774977,0.293719041758843,22.002657985753643
186,KDE,28245.75461791425,0.4867027856419417,0.0379351283293024,0.6756293147835082,43.77321351973447
186,TAIL,9054.33990841452,0.0040423550267376,0.0097119731643277,0.0408426987155365,4.804957024813557
187,EMP,14409.771615154525,0.1518906796096686,0.0433519267480416,0.4054536083388216,29.487329049638333
187,KDE,8657.559072106456,0.112770668840293,0.0410560301058661,0.2551785452512722,20.312294621316124
187,TAIL,15252.206151161032,0.0171268734096254,0.0376116195945616,0.1947932434588261,18.824102354238835
188,EMP,14268.123601725323,0.3207962838682424,0.1073962449100899,0.9663318646577028,57.171439695855966
188,KDE,14268.123601725323,0.3914614483154415,0.1098566407101058,1.4552884422310457,93.7898890204808
188,TAIL,14268.123601725323,0.2153020155912096,0.0687556030606995,0.7277080398360837,48.44553574831169
189,EMP,99509.22708977749,0.3409586575830119,0.0947097561588542,0.7730403833293057,57.41922045733416
189,KDE,90005.23483284097,0.3057197380377184,0.0934489680787169,0.7253640106242802,52.840090600732
189,TAIL,84953.65074301025,0.2593819303259947,0.0782181498304735,0.7094865270963259,50.97061260709086
190,EMP,8723.73940296202,0.1229395157633082,0.0226724051829965,0.3308471846811047,24.92525623584257
190,KDE,8299.096148665478,0.0852008381321878,0.0246182328255863,0.2007552475944143,14.182560294570504
190,TAIL,9593.031326903754,0.0668587907000522,0.0244793089112182,0.2198136158247929,15.29800164728899
191,EMP,10402.276719034442,0.2287358185149589,0.0217993148270175,0.2784523168616235,18.342601108266688
191,KDE,8690.666485353166,0.1845501896081675,0.0237256938737018,0.1879634799702434,12.386961943100935
191,TAIL,10839.244142796328,0.0772972607309219,0.0299863300418487,0.2614302692540866,18.23038214322535
192,EMP,82241.12118826983,0.256013915096099,0.0682932060731395,0.596612702516144,41.84046243986629
192,KDE,14597.289288366834,0.2200768264471798,0.0680510810375252,0.5027400938007869,36.22765227206639
192,TAIL,10380.42745995532,0.1834615586290515,0.0379231309026404,0.4508192188098185,31.20033783935102
193,EMP,9275.42356665474,0.1864855342489891,0.0280446776123869,0.3488645885850505,23.63524886794875
193,KDE,7806.662578594561,0.1464401705965798,0.0275648287204154,0.2190657991603573,14.64584526993683
193,TAIL,6850.943416897621,0.0523232758868578,0.0127067555227803,0.0304345242506266,6.286612738596769
194,EMP,9651.508713905492,0.2904070505242715,0.0382910774042994,0.5902401950052176,42.01811926966174
194,KDE,8477.842854260882,0.2621592324525192,0.0391404921185766,0.517320745797264,36.03694542123358
194,TAIL,9026.19663758338,0.2086504502597604,0.037693311815377,0.4643387419807443,31.94817735800835
195,EMP,5556.148310170613,0.0105596827265029,0.0100229919920052,0.0256524408221108,4.958832254451502
195,KDE,14268.123601725323,0.0427814562805231,0.0152230731615687,0.3113752876974835,20.78424139997208
195,TAIL,14268.123601725323,0.0506707899513716,0.0097592076531986,0.127873067395623,8.633541993550331
196,EMP,28245.75461791425,0.311442598347274,0.026496390104923,0.1600558045462935,13.93041241062425
196,KDE,28245.75461791425,0.3851618194981479,0.027614671743384,0.4408812977182517,28.73286448577728
196,TAIL,15515.66570329635,0.0636270959443896,0.0423523555980585,0.2767674383290518,22.465841270895066
197,EMP,14268.123601725323,0.0495441031380598,0.0303584611892486,0.3948303287886023,24.0323961366428
197,KDE,14268.123601725323,0.0169518863378818,0.0326633514129914,0.6469432346056733,43.59704794144304
197,TAIL,23053.004577255808,0.1318693643664301,0.0633702105216158,0.4557159832058992,35.317441235421626
198,EMP,9844.16660037616,0.1456887660833498,0.0263453542088884,0.3193690589850155,22.8017785570643
198,KDE,7542.787979980931,0.1039526255098879,0.0252197493636347,0.1816429032542222,12.511895542404384
198,TAIL,8592.219610762575,0.0775325744464502,0.0166206643087576,0.1759334647827741,11.972381563335802
199,EMP,9482.918614325215,0.1083237310564615,0.0003086679974411,0.1930268477230543,14.543382016698889
199,KDE,9482.918614325215,0.0596406017190554,0.0040269414495255,0.3055915489774932,21.963779290934045
199,TAIL,14268.123601725323,0.1132281430696991,0.0127172632510983,0.2399137691916016,16.144407928918152
