analysis_variant,factory,method,crps
MAIN_FIXED_NATURAL,Cement_1,K-EMP,0.0696652850868408
MAIN_FIXED_NATURAL,Cement_1,K-GEV,0.0721577579148887
MAIN_FIXED_NATURAL,Cement_1,K-GTAIL,0.0746575605268341
MAIN_FIXED_NATURAL,Cement_1,K-KDE,0.0644595207247045
MAIN_FIXED_NATURAL,Cement_1,K-POINT,0.0810067800136683
MAIN_FIXED_NATURAL,Cement_1,K-UGPD,0.047750916995469
MAIN_FIXED_NATURAL,Cement_2,K-EMP,0.0357544705895504
MAIN_FIXED_NATURAL,Cement_2,K-GEV,0.0375894535322022
MAIN_FIXED_NATURAL,Cement_2,K-GTAIL,0.029841393401698
MAIN_FIXED_NATURAL,Cement_2,K-KDE,0.0375717602670223
MAIN_FIXED_NATURAL,Cement_2,K-POINT,0.0532942655307261
MAIN_FIXED_NATURAL,Cement_2,K-UGPD,0.0296414548835976
MAIN_FIXED_NATURAL,Forge_1,K-EMP,0.0330287479054878
MAIN_FIXED_NATURAL,Forge_1,K-GEV,0.0325624101987406
MAIN_FIXED_NATURAL,Forge_1,K-GTAIL,0.0321565810501482
MAIN_FIXED_NATURAL,Forge_1,K-KDE,0.0317192202228392
MAIN_FIXED_NATURAL,Forge_1,K-POINT,0.0364764381474535
MAIN_FIXED_NATURAL,Forge_1,K-UGPD,0.0318943543311658
MAIN_FIXED_NATURAL,Forge_2,K-EMP,0.0198879615824309
MAIN_FIXED_NATURAL,Forge_2,K-GEV,0.0199742409576042
MAIN_FIXED_NATURAL,Forge_2,K-GTAIL,0.0196253399014091
MAIN_FIXED_NATURAL,Forge_2,K-KDE,0.0184941564618177
MAIN_FIXED_NATURAL,Forge_2,K-POINT,0.0255713003013744
MAIN_FIXED_NATURAL,Forge_2,K-UGPD,0.0198956451506735
MAIN_FIXED_NATURAL,Metal_1,K-EMP,0.0045702602766149
MAIN_FIXED_NATURAL,Metal_1,K-GEV,0.0044788758181889
MAIN_FIXED_NATURAL,Metal_1,K-GTAIL,0.0032864576369966
MAIN_FIXED_NATURAL,Metal_1,K-KDE,0.0042687679269758
MAIN_FIXED_NATURAL,Metal_1,K-POINT,0.0049300598706231
MAIN_FIXED_NATURAL,Metal_1,K-UGPD,0.0033064734798766
MAIN_FIXED_NATURAL,Metal_3,K-EMP,0.008554682513486
MAIN_FIXED_NATURAL,Metal_3,K-GEV,0.0077107106760537
MAIN_FIXED_NATURAL,Metal_3,K-GTAIL,0.0329141275493256
MAIN_FIXED_NATURAL,Metal_3,K-KDE,0.007889206439417
MAIN_FIXED_NATURAL,Metal_3,K-POINT,0.0099288745107073
MAIN_FIXED_NATURAL,Metal_3,K-UGPD,0.0080924725731197
MAIN_FIXED_NATURAL,Paper,K-EMP,0.0074067770419741
MAIN_FIXED_NATURAL,Paper,K-GEV,0.0075069006622652
MAIN_FIXED_NATURAL,Paper,K-GTAIL,0.0067682642111966
MAIN_FIXED_NATURAL,Paper,K-KDE,0.0070950464227003
MAIN_FIXED_NATURAL,Paper,K-POINT,0.0105095551952378
MAIN_FIXED_NATURAL,Paper,K-UGPD,0.0070885798663619
MAIN_FIXED_NATURAL,Steel_2,K-EMP,0.0450694255316212
MAIN_FIXED_NATURAL,Steel_2,K-GEV,0.0426733084416054
MAIN_FIXED_NATURAL,Steel_2,K-GTAIL,0.0373386323446209
MAIN_FIXED_NATURAL,Steel_2,K-KDE,0.0392327507113472
MAIN_FIXED_NATURAL,Steel_2,K-POINT,0.0555261149458497
MAIN_FIXED_NATURAL,Steel_2,K-UGPD,0.0351528180317303
ROBUST_FIXED_ALL,Cement_1,K-EMP,0.069649846596585
ROBUST_FIXED_ALL,Cement_1,K-GEV,0.072026222516085
ROBUST_FIXED_ALL,Cement_1,K-GTAIL,0.0747300207375191
ROBUST_FIXED_ALL,Cement_1,K-KDE,0.0646654349412501
ROBUST_FIXED_ALL,Cement_1,K-POINT,0.0810067800136683
ROBUST_FIXED_ALL,Cement_1,K-UGPD,0.0577092232325099
ROBUST_FIXED_ALL,Cement_2,K-EMP,0.0358908248789279
ROBUST_FIXED_ALL,Cement_2,K-GEV,0.037569907147608
ROBUST_FIXED_ALL,Cement_2,K-GTAIL,0.0299626083063205
ROBUST_FIXED_ALL,Cement_2,K-KDE,0.0377581460373339
ROBUST_FIXED_ALL,Cement_2,K-POINT,0.0532942655307261
ROBUST_FIXED_ALL,Cement_2,K-UGPD,0.03033015020867
ROBUST_FIXED_ALL,Forge_1,K-EMP,0.0330130620516304
ROBUST_FIXED_ALL,Forge_1,K-GEV,0.0325615002473118
ROBUST_FIXED_ALL,Forge_1,K-GTAIL,0.0318431723390178
ROBUST_FIXED_ALL,Forge_1,K-KDE,0.0317556448783403
ROBUST_FIXED_ALL,Forge_1,K-POINT,0.0364764381474535
ROBUST_FIXED_ALL,Forge_1,K-UGPD,0.0317513251464701
ROBUST_FIXED_ALL,Forge_2,K-EMP,0.0199297016008953
ROBUST_FIXED_ALL,Forge_2,K-GEV,0.0199493009995537
ROBUST_FIXED_ALL,Forge_2,K-GTAIL,0.0200975647427172
ROBUST_FIXED_ALL,Forge_2,K-KDE,0.0183716781531409
ROBUST_FIXED_ALL,Forge_2,K-POINT,0.0255713003013744
ROBUST_FIXED_ALL,Forge_2,K-UGPD,0.0198524648406855
ROBUST_FIXED_ALL,Metal_1,K-EMP,0.0045892561205903
ROBUST_FIXED_ALL,Metal_1,K-GEV,0.00448766434139
ROBUST_FIXED_ALL,Metal_1,K-GTAIL,0.0059566526484516
ROBUST_FIXED_ALL,Metal_1,K-KDE,0.0042562626790215
ROBUST_FIXED_ALL,Metal_1,K-POINT,0.0049300598706231
ROBUST_FIXED_ALL,Metal_1,K-UGPD,0.0033207069034645
ROBUST_FIXED_ALL,Metal_3,K-EMP,0.0085592248740952
ROBUST_FIXED_ALL,Metal_3,K-GEV,0.007724502346855
ROBUST_FIXED_ALL,Metal_3,K-GTAIL,0.0574286658030982
ROBUST_FIXED_ALL,Metal_3,K-KDE,0.0078830725284932
ROBUST_FIXED_ALL,Metal_3,K-POINT,0.0099288745107073
ROBUST_FIXED_ALL,Metal_3,K-UGPD,0.008691698497703
ROBUST_FIXED_ALL,Paper,K-EMP,0.0074036144873923
ROBUST_FIXED_ALL,Paper,K-GEV,0.0075086671935674
ROBUST_FIXED_ALL,Paper,K-GTAIL,0.0067386163822187
ROBUST_FIXED_ALL,Paper,K-KDE,0.0070565363450874
ROBUST_FIXED_ALL,Paper,K-POINT,0.0105095551952378
ROBUST_FIXED_ALL,Paper,K-UGPD,0.007307103975246
ROBUST_FIXED_ALL,Steel_2,K-EMP,0.0452563508635555
ROBUST_FIXED_ALL,Steel_2,K-GEV,0.0427517557577952
ROBUST_FIXED_ALL,Steel_2,K-GTAIL,0.0406328602749914
ROBUST_FIXED_ALL,Steel_2,K-KDE,0.0392168183110978
ROBUST_FIXED_ALL,Steel_2,K-POINT,0.0555261149458497
ROBUST_FIXED_ALL,Steel_2,K-UGPD,0.0407874027883543
ROBUST_SLIDING_ALL,Cement_1,K-EMP,0.0701112391060464
ROBUST_SLIDING_ALL,Cement_1,K-GEV,0.072089209856718
ROBUST_SLIDING_ALL,Cement_1,K-GTAIL,0.0710715092447714
ROBUST_SLIDING_ALL,Cement_1,K-KDE,0.0647478672499624
ROBUST_SLIDING_ALL,Cement_1,K-POINT,0.0813805819603771
ROBUST_SLIDING_ALL,Cement_1,K-UGPD,0.0460880958956379
ROBUST_SLIDING_ALL,Cement_2,K-EMP,0.0393236919590869
ROBUST_SLIDING_ALL,Cement_2,K-GEV,0.0392980509586413
ROBUST_SLIDING_ALL,Cement_2,K-GTAIL,0.037225699344552
ROBUST_SLIDING_ALL,Cement_2,K-KDE,0.0376027051618622
ROBUST_SLIDING_ALL,Cement_2,K-POINT,0.0508960133080609
ROBUST_SLIDING_ALL,Cement_2,K-UGPD,0.0371170909450266
ROBUST_SLIDING_ALL,Forge_1,K-EMP,0.0349895809678687
ROBUST_SLIDING_ALL,Forge_1,K-GEV,0.0356202348773778
ROBUST_SLIDING_ALL,Forge_1,K-GTAIL,0.0315022383499281
ROBUST_SLIDING_ALL,Forge_1,K-KDE,0.0331884913713136
ROBUST_SLIDING_ALL,Forge_1,K-POINT,0.0429086361878268
ROBUST_SLIDING_ALL,Forge_1,K-UGPD,0.0313531219660311
ROBUST_SLIDING_ALL,Forge_2,K-EMP,0.0180460866328015
ROBUST_SLIDING_ALL,Forge_2,K-GEV,0.0182100680479742
ROBUST_SLIDING_ALL,Forge_2,K-GTAIL,0.0151976129344585
ROBUST_SLIDING_ALL,Forge_2,K-KDE,0.0173420051540372
ROBUST_SLIDING_ALL,Forge_2,K-POINT,0.024470116692457
ROBUST_SLIDING_ALL,Forge_2,K-UGPD,0.0178747710605494
ROBUST_SLIDING_ALL,Metal_1,K-EMP,0.0022012381487603
ROBUST_SLIDING_ALL,Metal_1,K-GEV,0.0021465802607467
ROBUST_SLIDING_ALL,Metal_1,K-GTAIL,0.0137192535232503
ROBUST_SLIDING_ALL,Metal_1,K-KDE,0.0019575514399682
ROBUST_SLIDING_ALL,Metal_1,K-POINT,0.0019548599677876
ROBUST_SLIDING_ALL,Metal_1,K-UGPD,0.0016696317066368
ROBUST_SLIDING_ALL,Metal_3,K-EMP,0.0089374017259117
ROBUST_SLIDING_ALL,Metal_3,K-GEV,0.0090401175123952
ROBUST_SLIDING_ALL,Metal_3,K-GTAIL,0.0089326385476941
ROBUST_SLIDING_ALL,Metal_3,K-KDE,0.0083196788961686
ROBUST_SLIDING_ALL,Metal_3,K-POINT,0.0116422677603252
ROBUST_SLIDING_ALL,Metal_3,K-UGPD,0.0063437524079914
ROBUST_SLIDING_ALL,Paper,K-EMP,0.0072291180819984
ROBUST_SLIDING_ALL,Paper,K-GEV,0.0073105890666294
ROBUST_SLIDING_ALL,Paper,K-GTAIL,0.0064005191476521
ROBUST_SLIDING_ALL,Paper,K-KDE,0.0068631968729485
ROBUST_SLIDING_ALL,Paper,K-POINT,0.0096526514168239
ROBUST_SLIDING_ALL,Paper,K-UGPD,0.0071928441494889
ROBUST_SLIDING_ALL,Steel_2,K-EMP,0.051680032809996
ROBUST_SLIDING_ALL,Steel_2,K-GEV,0.0506697885430405
ROBUST_SLIDING_ALL,Steel_2,K-GTAIL,0.0466225793775867
ROBUST_SLIDING_ALL,Steel_2,K-KDE,0.0447081123947911
ROBUST_SLIDING_ALL,Steel_2,K-POINT,0.0633917735044923
ROBUST_SLIDING_ALL,Steel_2,K-UGPD,0.0455327693600003
ROBUST_SLIDING_NATURAL,Cement_1,K-EMP,0.0701073459680499
ROBUST_SLIDING_NATURAL,Cement_1,K-GEV,0.0720177794598097
ROBUST_SLIDING_NATURAL,Cement_1,K-GTAIL,0.0710300341746196
ROBUST_SLIDING_NATURAL,Cement_1,K-KDE,0.0646773497823523
ROBUST_SLIDING_NATURAL,Cement_1,K-POINT,0.0813805819603771
ROBUST_SLIDING_NATURAL,Cement_1,K-UGPD,0.0461179140625164
ROBUST_SLIDING_NATURAL,Cement_2,K-EMP,0.0394061083332703
ROBUST_SLIDING_NATURAL,Cement_2,K-GEV,0.0393828994043698
ROBUST_SLIDING_NATURAL,Cement_2,K-GTAIL,0.0356022478324623
ROBUST_SLIDING_NATURAL,Cement_2,K-KDE,0.037378472042557
ROBUST_SLIDING_NATURAL,Cement_2,K-POINT,0.0508960133080609
ROBUST_SLIDING_NATURAL,Cement_2,K-UGPD,0.0351311947241197
ROBUST_SLIDING_NATURAL,Forge_1,K-EMP,0.034977870713714
ROBUST_SLIDING_NATURAL,Forge_1,K-GEV,0.0355214329495627
ROBUST_SLIDING_NATURAL,Forge_1,K-GTAIL,0.0390319720155315
ROBUST_SLIDING_NATURAL,Forge_1,K-KDE,0.03318516725511
ROBUST_SLIDING_NATURAL,Forge_1,K-POINT,0.0429086361878268
ROBUST_SLIDING_NATURAL,Forge_1,K-UGPD,0.0320016498732881
ROBUST_SLIDING_NATURAL,Forge_2,K-EMP,0.0180540937100492
ROBUST_SLIDING_NATURAL,Forge_2,K-GEV,0.018221048731875
ROBUST_SLIDING_NATURAL,Forge_2,K-GTAIL,0.0178295564401513
ROBUST_SLIDING_NATURAL,Forge_2,K-KDE,0.0173204276555759
ROBUST_SLIDING_NATURAL,Forge_2,K-POINT,0.024470116692457
ROBUST_SLIDING_NATURAL,Forge_2,K-UGPD,0.0178470425584218
ROBUST_SLIDING_NATURAL,Metal_1,K-EMP,0.0021988041048158
ROBUST_SLIDING_NATURAL,Metal_1,K-GEV,0.0021488978082973
ROBUST_SLIDING_NATURAL,Metal_1,K-GTAIL,0.0137535452003597
ROBUST_SLIDING_NATURAL,Metal_1,K-KDE,0.0019490504912795
ROBUST_SLIDING_NATURAL,Metal_1,K-POINT,0.0019548599677875
ROBUST_SLIDING_NATURAL,Metal_1,K-UGPD,0.0017202073498373
ROBUST_SLIDING_NATURAL,Metal_3,K-EMP,0.0089513526812199
ROBUST_SLIDING_NATURAL,Metal_3,K-GEV,0.0090696523952485
ROBUST_SLIDING_NATURAL,Metal_3,K-GTAIL,0.0089716873492726
ROBUST_SLIDING_NATURAL,Metal_3,K-KDE,0.008315245322059
ROBUST_SLIDING_NATURAL,Metal_3,K-POINT,0.0116422677603252
ROBUST_SLIDING_NATURAL,Metal_3,K-UGPD,0.0065065579143326
ROBUST_SLIDING_NATURAL,Paper,K-EMP,0.0072481166183637
ROBUST_SLIDING_NATURAL,Paper,K-GEV,0.007320283812251
ROBUST_SLIDING_NATURAL,Paper,K-GTAIL,0.0063769854446039
ROBUST_SLIDING_NATURAL,Paper,K-KDE,0.0068652867197973
ROBUST_SLIDING_NATURAL,Paper,K-POINT,0.0096526514168239
ROBUST_SLIDING_NATURAL,Paper,K-UGPD,0.0071688992442339
ROBUST_SLIDING_NATURAL,Steel_2,K-EMP,0.0516605932589872
ROBUST_SLIDING_NATURAL,Steel_2,K-GEV,0.0507440532795127
ROBUST_SLIDING_NATURAL,Steel_2,K-GTAIL,0.0447462963118095
ROBUST_SLIDING_NATURAL,Steel_2,K-KDE,0.0445280950531226
ROBUST_SLIDING_NATURAL,Steel_2,K-POINT,0.0633917735044923
ROBUST_SLIDING_NATURAL,Steel_2,K-UGPD,0.0451538128361464
