replication_id,method,absolute_relative_q99_error_pct
0,EMP,6.92035894194134
0,KDE,2.4273150819368103
0,TAIL,7.501651671496839
1,EMP,6.249079174571119
1,KDE,15.74582565041982
1,TAIL,38.52720993057156
2,EMP,36.93066144788656
2,KDE,33.61581448229148
2,TAIL,31.45705105259363
3,EMP,32.292420567980315
3,KDE,38.64121270191434
3,TAIL,19.09932572864736
4,EMP,29.31113517323609
4,KDE,26.82504112923112
4,TAIL,23.58566787125555
5,EMP,10.49048256885836
5,KDE,6.15388671557374
5,TAIL,11.00306628081328
6,EMP,0.60654491409442
6,KDE,5.65386267430221
6,TAIL,7.39534385166439
7,EMP,6.931674584600709
7,KDE,2.85647782390761
7,TAIL,9.87958924807772
8,EMP,3.09836507377356
8,KDE,1.41172800568491
8,TAIL,7.70041470265701
9,EMP,20.29438000937359
9,KDE,14.43351383861128
9,TAIL,13.31099896262172
10,EMP,6.67852924623448
10,KDE,2.71647100728226
10,TAIL,5.42792136586864
11,EMP,32.51289169006571
11,KDE,40.21723841507399
11,TAIL,16.93012838524864
12,EMP,21.53450700415562
12,KDE,16.28605746581319
12,TAIL,7.40237305281775
13,EMP,30.84438844363817
13,KDE,26.27941030459362
13,TAIL,21.2991486695487
14,EMP,5.44178086774373
14,KDE,1.33318690258841
14,TAIL,15.09886817065474
15,EMP,12.59328579619536
15,KDE,18.96050000572372
15,TAIL,4.97326993684779
16,EMP,20.19144023035119
16,KDE,25.8913594407786
16,TAIL,2.92575064996683
17,EMP,23.87424184358477
17,KDE,18.099017668789468
17,TAIL,7.48615264611457
18,EMP,17.51505979829257
18,KDE,13.687929175989
18,TAIL,9.40959666040719
19,EMP,25.03581452414909
19,KDE,21.66910562598635
19,TAIL,17.443325603826178
20,EMP,16.4521391051941
20,KDE,12.515560389244932
20,TAIL,0.96783671503146
21,EMP,28.94676716981226
21,KDE,23.411340866847
21,TAIL,17.30325727141869
22,EMP,23.470349847422987
22,KDE,18.95084810430198
22,TAIL,0.8637253290678999
23,EMP,3.83980631689696
23,KDE,9.801835353232
23,TAIL,20.63183897592005
24,EMP,19.805537918165587
24,KDE,16.79091257105874
24,TAIL,17.5114421263644
25,EMP,10.17936521091235
25,KDE,3.66151944753016
25,TAIL,3.7283246536349104
26,EMP,18.19431013453081
26,KDE,15.14285711934859
26,TAIL,21.18281923758554
27,EMP,6.83501847888859
27,KDE,11.88689209510491
27,TAIL,6.13916748808519
28,EMP,11.10040934044563
28,KDE,15.91992481931192
28,TAIL,31.65952186481905
29,EMP,8.110599278899661
29,KDE,17.88167602236546
29,TAIL,35.04144358465476
30,EMP,11.74782150211304
30,KDE,8.8231726908701
30,TAIL,6.53672308537821
31,EMP,26.010223843358748
31,KDE,23.17368937985077
31,TAIL,27.91217032865839
32,EMP,27.59785350219718
32,KDE,24.67663385947952
32,TAIL,23.67627824383839
33,EMP,30.55815566774791
33,KDE,25.01788080726419
33,TAIL,9.48492406963515
34,EMP,15.156987009293127
34,KDE,9.12581577877541
34,TAIL,2.69245079547214
35,EMP,0.7038919544027901
35,KDE,4.91175885484844
35,TAIL,4.5207932182512
36,EMP,30.90911648877348
36,KDE,43.49046068653848
36,TAIL,38.2796460040584
37,EMP,2.70486122299606
37,KDE,11.90817922420243
37,TAIL,4.9013534758331705
38,EMP,12.13067916957037
38,KDE,5.98636763467319
38,TAIL,7.1499765999993805
39,EMP,24.20516608456793
39,KDE,30.40528160155384
39,TAIL,25.27169607593579
40,EMP,62.283177508633
40,KDE,70.892657669021
40,TAIL,14.204291776639192
41,EMP,32.12309636993622
41,KDE,27.77673066624626
41,TAIL,14.254284654711991
42,EMP,36.12539597283634
42,KDE,33.45780809319476
42,TAIL,31.86944517800751
43,EMP,13.443170693225229
43,KDE,20.60116223976499
43,TAIL,21.49420011840516
44,EMP,24.48531284952567
44,KDE,21.39722490719726
44,TAIL,24.20407163701738
45,EMP,8.8088385746929
45,KDE,2.82053211180484
45,TAIL,11.268609536377587
46,EMP,19.73925830530619
46,KDE,12.30649671704256
46,TAIL,5.57400963281132
47,EMP,3.16532085540176
47,KDE,1.54605959829745
47,TAIL,3.84491880538399
48,EMP,21.91243482953043
48,KDE,17.735316752795217
48,TAIL,4.04543306018096
49,EMP,21.067933909943683
49,KDE,17.8765760598456
49,TAIL,22.55045800982984
50,EMP,49.65924580433901
50,KDE,58.864193435470135
50,TAIL,21.25555358647443
51,EMP,9.09992911190701
51,KDE,1.88055024252178
51,TAIL,8.046861885209381
52,EMP,27.86880342708415
52,KDE,25.17327015817697
52,TAIL,30.290715710357507
53,EMP,13.58679369793763
53,KDE,6.30060136414704
53,TAIL,5.94996128707307
54,EMP,19.65061465080332
54,KDE,13.38132191703732
54,TAIL,0.46710963365475
55,EMP,21.04141307778647
55,KDE,17.79695871125589
55,TAIL,8.22836826810492
56,EMP,37.47733991023376
56,KDE,34.19623508013811
56,TAIL,33.79210338759943
57,EMP,17.285840754536117
57,KDE,23.84430629910361
57,TAIL,3.679128680084201
58,EMP,35.86582836568696
58,KDE,42.17630542240077
58,TAIL,35.555081353175424
59,EMP,4.95711562099885
59,KDE,0.57740488623652
59,TAIL,18.32557743098334
60,EMP,17.65921113445395
60,KDE,13.91357706622168
60,TAIL,7.3332630234541
61,EMP,7.04122255949471
61,KDE,0.34793825923013
61,TAIL,10.08270920639694
62,EMP,21.02940411846107
62,KDE,16.8325502968215
62,TAIL,2.47766568275968
63,EMP,19.243014275470948
63,KDE,15.519750787090713
63,TAIL,4.90492077780901
64,EMP,15.947309733167438
64,KDE,11.22781183214464
64,TAIL,8.83583163388248
65,EMP,9.1205474947417
65,KDE,3.59559162869222
65,TAIL,10.6288207395357
66,EMP,10.80160451384271
66,KDE,6.53430473759844
66,TAIL,13.60278507167155
67,EMP,10.65197926514349
67,KDE,6.22492140734895
67,TAIL,2.23020596772764
68,EMP,25.03789809802306
68,KDE,20.28009535875119
68,TAIL,16.75425178677485
69,EMP,29.91625467130012
69,KDE,26.67527316528765
69,TAIL,3.2899072015187
70,EMP,4.05835870756414
70,KDE,5.567327993892
70,TAIL,21.07787315633844
71,EMP,8.34531581423024
71,KDE,3.98324916362822
71,TAIL,5.05705134825382
72,EMP,40.83637447355
72,KDE,36.94827920871463
72,TAIL,37.16559498527573
73,EMP,16.75474329374066
73,KDE,10.31278651845037
73,TAIL,5.26904684131187
74,EMP,24.94971528523374
74,KDE,20.08934504403436
74,TAIL,3.9314507513370303
75,EMP,22.05050983292904
75,KDE,18.524845208472097
75,TAIL,14.50936922515016
76,EMP,19.066754392593168
76,KDE,14.687903749914591
76,TAIL,3.5809062322938296
77,EMP,15.52055623236626
77,KDE,10.874371061724467
77,TAIL,7.90804261251607
78,EMP,20.22984205923598
78,KDE,15.88751144304852
78,TAIL,8.34889320754541
79,EMP,12.741402720505448
79,KDE,9.11481027375494
79,TAIL,13.00082118131537
80,EMP,27.72540217685877
80,KDE,22.31764583246154
80,TAIL,1.33075102969584
81,EMP,10.22240960205633
81,KDE,1.77690530637271
81,TAIL,15.53997114298136
82,EMP,25.76467908001122
82,KDE,22.23016721738608
82,TAIL,16.68925828363642
83,EMP,9.12584769412235
83,KDE,15.015479820503892
83,TAIL,17.25607557999923
84,EMP,0.71360168995217
84,KDE,8.37584103904776
84,TAIL,5.18792449212593
85,EMP,22.66433707321971
85,KDE,16.08687370549805
85,TAIL,0.26519402887545
86,EMP,28.858582469911497
86,KDE,36.663847459480095
86,TAIL,3.7599953731022
87,EMP,14.30119080216214
87,KDE,20.86580783164967
87,TAIL,7.48329577840861
88,EMP,15.914591527613432
88,KDE,12.376684356263173
88,TAIL,7.66186817321196
89,EMP,6.6264791843893
89,KDE,2.02652322528534
89,TAIL,2.9565408499587003
90,EMP,9.13471102575842
90,KDE,5.55724003580792
90,TAIL,8.59804746450218
91,EMP,29.94804016515552
91,KDE,24.90556458496339
91,TAIL,15.117085686158878
92,EMP,11.400253643118653
92,KDE,7.77117378617732
92,TAIL,23.50122598233749
93,EMP,35.42320364059104
93,KDE,32.54000293886068
93,TAIL,22.33758107110638
94,EMP,21.83132836550904
94,KDE,27.93545569187213
94,TAIL,8.256257512341419
95,EMP,5.71846753582564
95,KDE,1.0839137384298
95,TAIL,19.96691621872873
96,EMP,11.48837868415656
96,KDE,1.34623961475978
96,TAIL,29.543846342242
97,EMP,25.77299159170799
97,KDE,20.01457935178562
97,TAIL,7.50014599065493
98,EMP,45.60490153944744
98,KDE,58.48365095002882
98,TAIL,42.53742185245084
99,EMP,25.67974848210951
99,KDE,20.44733489742134
99,TAIL,3.7657545255470097
100,EMP,19.55181621826087
100,KDE,15.316544253198968
100,TAIL,5.11540828478013
101,EMP,19.72376109458556
101,KDE,16.00031972955396
101,TAIL,2.0395326042585302
102,EMP,0.36754835506634
102,KDE,3.59323169978767
102,TAIL,10.213246906414671
103,EMP,3.3204610866231903
103,KDE,9.291799932381087
103,TAIL,35.74026143843384
104,EMP,18.65353347727611
104,KDE,14.885593348260558
104,TAIL,15.6879188898301
105,EMP,30.550864129402527
105,KDE,27.08170332448658
105,TAIL,14.36588170377514
106,EMP,25.30719197233629
106,KDE,20.432918292887862
106,TAIL,13.5269471778007
107,EMP,23.34904361734057
107,KDE,19.466015245089928
107,TAIL,17.04949429821937
108,EMP,20.69825306564496
108,KDE,15.278120298675647
108,TAIL,2.30500513560236
109,EMP,20.75829751873038
109,KDE,16.54893252863717
109,TAIL,12.74417428173269
110,EMP,12.66826617906931
110,KDE,5.19063535509059
110,TAIL,1.7390228801136502
111,EMP,26.515035849029427
111,KDE,21.73576717648675
111,TAIL,4.650860142578099
112,EMP,17.393192254425628
112,KDE,22.97863720779572
112,TAIL,3.1936139812702
113,EMP,24.20037618029601
113,KDE,21.26331905192101
113,TAIL,22.28556476454101
114,EMP,17.26467900472354
114,KDE,13.1078485318696
114,TAIL,0.49367898186282
115,EMP,4.90498446473399
115,KDE,10.00762769087166
115,TAIL,9.09693981641142
116,EMP,20.38455036461738
116,KDE,15.85336392387282
116,TAIL,2.23269448104179
117,EMP,32.61697633146487
117,KDE,44.85672303342472
117,TAIL,27.383923249880382
118,EMP,0.9420966963421
118,KDE,5.22667165825627
118,TAIL,2.34841530142454
119,EMP,21.29437369336112
119,KDE,28.76078473728861
119,TAIL,20.14771268470987
120,EMP,11.72299543077143
120,KDE,8.23136524761385
120,TAIL,10.68639117381014
121,EMP,7.680120166860389
121,KDE,0.84673870749769
121,TAIL,2.4971047181356303
122,EMP,7.44588649570553
122,KDE,2.65384775991004
122,TAIL,1.2106667454555802
123,EMP,27.72716191512597
123,KDE,24.56585615950662
123,TAIL,18.62375436887466
124,EMP,31.94471937462237
124,KDE,28.697394746754988
124,TAIL,23.706087020493293
125,EMP,24.05906657624218
125,KDE,15.55356984279476
125,TAIL,7.71180994298125
126,EMP,18.30845242687223
126,KDE,13.94853343169829
126,TAIL,8.32105994520127
127,EMP,1.60001055029206
127,KDE,7.183999352042631
127,TAIL,5.78782462347211
128,EMP,12.51165703287421
128,KDE,5.94885477844882
128,TAIL,11.34594434300394
129,EMP,19.52613406952259
129,KDE,12.26190314258183
129,TAIL,12.821497228920888
130,EMP,5.50482787770572
130,KDE,11.20549409939974
130,TAIL,5.36004389062546
131,EMP,34.50938363582548
131,KDE,31.282837325214103
131,TAIL,27.75855496125868
132,EMP,24.98232684545404
132,KDE,20.66281870726219
132,TAIL,0.73366673556674
133,EMP,21.60059183717435
133,KDE,16.77179019400414
133,TAIL,14.25080919191308
134,EMP,12.43249623599194
134,KDE,5.709079695036111
134,TAIL,11.28553160329962
135,EMP,6.26935015189643
135,KDE,1.54490233413845
135,TAIL,11.85113864101855
136,EMP,2.69953060317775
136,KDE,8.27661626078919
136,TAIL,5.1699146980739
137,EMP,12.23235649668583
137,KDE,8.50364669007653
137,TAIL,14.768801910221873
138,EMP,0.85929255623405
138,KDE,5.757972558888199
138,TAIL,14.252372993879058
139,EMP,6.77176416176785
139,KDE,1.79292329024324
139,TAIL,2.59677902864796
140,EMP,17.49673631759429
140,KDE,13.6541209210783
140,TAIL,13.43011753976801
141,EMP,26.139250498835697
141,KDE,22.99435771260933
141,TAIL,17.44170613361727
142,EMP,23.06898377149068
142,KDE,19.4143723847066
142,TAIL,12.83357656732611
143,EMP,19.89562239301668
143,KDE,14.66920507981995
143,TAIL,2.50930749552176
144,EMP,14.701794730875308
144,KDE,20.90174017790747
144,TAIL,24.83297629903029
145,EMP,15.88627277825791
145,KDE,11.45672622381624
145,TAIL,5.509407262476341
146,EMP,19.45632144982471
146,KDE,11.67176843080598
146,TAIL,16.58428692385077
147,EMP,25.01291122335451
147,KDE,21.71595290315845
147,TAIL,13.71651775856822
148,EMP,15.684933155116902
148,KDE,11.21832375456656
148,TAIL,5.495783782340101
149,EMP,13.088747470100689
149,KDE,18.31705985032146
149,TAIL,2.7895505665247
150,EMP,15.075365698164353
150,KDE,10.82499893173377
150,TAIL,9.60289642204788
151,EMP,13.05727484347494
151,KDE,19.72280102935654
151,TAIL,15.27085916610928
152,EMP,26.048822454040486
152,KDE,21.40414219052288
152,TAIL,20.76949883537736
153,EMP,24.23919328295457
153,KDE,19.47151498292065
153,TAIL,1.55044979291945
154,EMP,20.49681304688581
154,KDE,26.57288223381444
154,TAIL,0.4009930555652199
155,EMP,18.237549480631827
155,KDE,12.9780566772013
155,TAIL,8.340492055504999
156,EMP,17.10638834311746
156,KDE,23.54731698075185
156,TAIL,4.2670785413769
157,EMP,33.19272486889641
157,KDE,28.7821553839012
157,TAIL,20.57757088771875
158,EMP,19.82240693418393
158,KDE,12.15627665407272
158,TAIL,5.80241015719252
159,EMP,27.47827034864604
159,KDE,22.09073066475076
159,TAIL,11.66550170717614
160,EMP,36.97671997250655
160,KDE,34.70591365850424
160,TAIL,34.53098720896589
161,EMP,6.44061008633219
161,KDE,1.54569483308648
161,TAIL,0.57281110776007
162,EMP,15.09940027275375
162,KDE,10.77231930175491
162,TAIL,2.69971524893256
163,EMP,21.3037286087962
163,KDE,13.47184100500188
163,TAIL,18.100076074022457
164,EMP,19.14829448076021
164,KDE,14.95315096161983
164,TAIL,0.5775555541924999
165,EMP,13.5933584479845
165,KDE,9.37168837090944
165,TAIL,7.5454721309952895
166,EMP,2.77778335697058
166,KDE,1.8041230697262
166,TAIL,4.5483890397756594
167,EMP,24.87670718164203
167,KDE,20.495614652974613
167,TAIL,11.44975441477501
168,EMP,35.74746640483973
168,KDE,43.636444027551526
168,TAIL,17.25817669501444
169,EMP,21.1683118135925
169,KDE,18.004077378430562
169,TAIL,1.81468657329962
170,EMP,25.52374559468932
170,KDE,21.58378961377664
170,TAIL,6.48308220158969
171,EMP,16.568475219347658
171,KDE,11.43993000986726
171,TAIL,6.13203801631534
172,EMP,2.44577809873916
172,KDE,8.06818302257675
172,TAIL,8.00352400348587
173,EMP,6.9961042687889705
173,KDE,2.64956250120016
173,TAIL,6.28145422398618
174,EMP,26.97327423537328
174,KDE,23.12868469861664
174,TAIL,24.47999658146034
175,EMP,16.76693363296257
175,KDE,10.60611191928427
175,TAIL,17.01053841653483
176,EMP,5.93149993537907
176,KDE,12.97386801188354
176,TAIL,0.33424539462172
177,EMP,0.55571554035565
177,KDE,5.72036343846295
177,TAIL,3.5732758848320003
178,EMP,28.09438798861093
178,KDE,22.12860400598897
178,TAIL,6.00830865481739
179,EMP,27.256017601839748
179,KDE,23.87959181824568
179,TAIL,27.110059010953808
180,EMP,10.00124245968519
180,KDE,15.45803303251741
180,TAIL,3.81077923966451
181,EMP,13.22142691655031
181,KDE,23.106511469251707
181,TAIL,53.30567238269226
182,EMP,41.35998956792007
182,KDE,50.69964854569643
182,TAIL,4.90910523324737
183,EMP,14.49339617782539
183,KDE,21.95271564392443
183,TAIL,14.51043824982396
184,EMP,26.80638897010902
184,KDE,24.03449422206817
184,TAIL,18.75728526524724
185,EMP,21.61630719753641
185,KDE,18.04050571816754
185,TAIL,18.9472174935938
186,EMP,40.07322271624757
186,KDE,48.67027856419417
186,TAIL,0.40423550267376
187,EMP,15.18906796096686
187,KDE,11.2770668840293
187,TAIL,1.71268734096254
188,EMP,32.07962838682424
188,KDE,39.14614483154415
188,TAIL,21.53020155912096
189,EMP,34.095865758301194
189,KDE,30.57197380377184
189,TAIL,25.93819303259947
190,EMP,12.29395157633083
190,KDE,8.52008381321878
190,TAIL,6.68587907000522
191,EMP,22.8735818514959
191,KDE,18.455018960816748
191,TAIL,7.729726073092189
192,EMP,25.6013915096099
192,KDE,22.00768264471798
192,TAIL,18.34615586290515
193,EMP,18.64855342489891
193,KDE,14.64401705965798
193,TAIL,5.23232758868578
194,EMP,29.04070505242715
194,KDE,26.21592324525192
194,TAIL,20.86504502597604
195,EMP,1.05596827265029
195,KDE,4.27814562805231
195,TAIL,5.06707899513716
196,EMP,31.1442598347274
196,KDE,38.51618194981479
196,TAIL,6.36270959443896
197,EMP,4.95441031380598
197,KDE,1.69518863378818
197,TAIL,13.186936436643007
198,EMP,14.56887660833498
198,KDE,10.39526255098879
198,TAIL,7.75325744464502
199,EMP,10.83237310564615
199,KDE,5.96406017190554
199,TAIL,11.32281430696992
