replication_id,oracle_region,baseline_method,tail_minus_baseline_regret_cny_per_month
0,Actual-demand,KDE,2243.839408546065
1,Actual-demand,KDE,0.0
2,Actual-demand,KDE,0.0
3,Actual-demand,KDE,0.0
4,Actual-demand,KDE,0.0
5,Actual-demand,KDE,0.0
6,Actual-demand,KDE,14355.614962200323
7,Actual-demand,KDE,0.0
8,Actual-demand,KDE,2243.839408546065
9,Actual-demand,KDE,0.0
10,Actual-demand,KDE,0.0
11,Actual-demand,KDE,-12111.775553654255
12,Actual-demand,KDE,2243.839408546065
13,Actual-demand,KDE,0.0
14,Actual-demand,KDE,2243.839408546065
15,Actual-demand,KDE,-14355.614962200323
16,Actual-demand,KDE,-12111.775553654255
17,Actual-demand,KDE,0.0
18,Actual-demand,KDE,0.0
19,Actual-demand,KDE,0.0
20,Actual-demand,KDE,0.0
21,Actual-demand,KDE,0.0
22,Actual-demand,KDE,-2243.839408546065
23,Actual-demand,KDE,0.0
24,Actual-demand,KDE,0.0
25,Actual-demand,KDE,-12111.775553654255
26,Actual-demand,KDE,2243.839408546065
27,Actual-demand,KDE,0.0
28,Actual-demand,KDE,0.0
29,Actual-demand,KDE,0.0
30,Actual-demand,KDE,0.0
31,Actual-demand,KDE,0.0
32,Actual-demand,KDE,0.0
33,Actual-demand,KDE,0.0
34,Actual-demand,KDE,0.0
35,Actual-demand,KDE,2243.839408546066
36,Actual-demand,KDE,0.0
37,Actual-demand,KDE,-14355.614962200323
38,Actual-demand,KDE,14355.614962200323
39,Actual-demand,KDE,0.0
40,Actual-demand,KDE,0.0
41,Actual-demand,KDE,0.0
42,Actual-demand,KDE,-2243.839408546065
43,Actual-demand,KDE,0.0
44,Actual-demand,KDE,0.0
45,Actual-demand,KDE,0.0
46,Actual-demand,KDE,2243.839408546066
47,Actual-demand,KDE,0.0
48,Actual-demand,KDE,-114277.00078926142
49,Actual-demand,KDE,2243.839408546065
50,Actual-demand,KDE,0.0
51,Actual-demand,KDE,0.0
52,Actual-demand,KDE,-2243.839408546065
53,Actual-demand,KDE,-14355.614962200323
54,Actual-demand,KDE,16599.45437074639
55,Actual-demand,KDE,0.0
56,Actual-demand,KDE,0.0
57,Actual-demand,KDE,-14355.614962200323
58,Actual-demand,KDE,0.0
59,Actual-demand,KDE,0.0
60,Actual-demand,KDE,0.0
61,Actual-demand,KDE,0.0
62,Actual-demand,KDE,0.0
63,Actual-demand,KDE,0.0
64,Actual-demand,KDE,14355.614962200323
65,Actual-demand,KDE,2243.839408546065
66,Actual-demand,KDE,0.0
67,Actual-demand,KDE,2243.839408546066
68,Actual-demand,KDE,-2243.839408546066
69,Actual-demand,KDE,0.0
70,Actual-demand,KDE,0.0
71,Actual-demand,KDE,0.0
72,Actual-demand,KDE,0.0
73,Actual-demand,KDE,0.0
74,Actual-demand,KDE,0.0
75,Actual-demand,KDE,0.0
76,Actual-demand,KDE,0.0
77,Actual-demand,KDE,0.0
78,Actual-demand,KDE,2243.839408546065
79,Actual-demand,KDE,14355.614962200323
80,Actual-demand,KDE,-2243.839408546065
81,Actual-demand,KDE,-12111.775553654255
82,Actual-demand,KDE,2243.839408546065
83,Actual-demand,KDE,-12111.775553654255
84,Actual-demand,KDE,-12111.775553654255
85,Actual-demand,KDE,16599.45437074639
86,Actual-demand,KDE,-14355.614962200323
87,Actual-demand,KDE,0.0
88,Actual-demand,KDE,0.0
89,Actual-demand,KDE,0.0
90,Actual-demand,KDE,0.0
91,Actual-demand,KDE,0.0
92,Actual-demand,KDE,2243.839408546065
93,Actual-demand,KDE,-2243.839408546065
94,Actual-demand,KDE,14355.614962200323
95,Actual-demand,KDE,0.0
96,Actual-demand,KDE,0.0
97,Actual-demand,KDE,0.0
98,Actual-demand,KDE,0.0
99,Actual-demand,KDE,2243.839408546065
100,Actual-demand,KDE,0.0
101,Actual-demand,KDE,-2243.839408546065
102,Actual-demand,KDE,2243.839408546065
103,Actual-demand,KDE,0.0
104,Actual-demand,KDE,0.0
105,Actual-demand,KDE,0.0
106,Actual-demand,KDE,0.0
107,Actual-demand,KDE,0.0
108,Actual-demand,KDE,-16599.45437074639
109,Actual-demand,KDE,2243.839408546065
110,Actual-demand,KDE,-14355.614962200323
111,Actual-demand,KDE,0.0
112,Actual-demand,KDE,16599.45437074639
113,Actual-demand,KDE,-14355.614962200323
114,Actual-demand,KDE,-134066.35080064242
115,Actual-demand,KDE,0.0
116,Actual-demand,KDE,14355.614962200323
117,Actual-demand,KDE,0.0
118,Actual-demand,KDE,2243.839408546066
119,Actual-demand,KDE,0.0
120,Actual-demand,KDE,0.0
121,Actual-demand,KDE,0.0
122,Actual-demand,KDE,0.0
123,Actual-demand,KDE,0.0
124,Actual-demand,KDE,0.0
125,Actual-demand,KDE,14355.614962200323
126,Actual-demand,KDE,0.0
127,Actual-demand,KDE,2243.839408546066
128,Actual-demand,KDE,0.0
129,Actual-demand,KDE,-12111.775553654255
130,Actual-demand,KDE,0.0
131,Actual-demand,KDE,0.0
132,Actual-demand,KDE,-14355.614962200323
133,Actual-demand,KDE,2243.839408546065
134,Actual-demand,KDE,0.0
135,Actual-demand,KDE,0.0
136,Actual-demand,KDE,0.0
137,Actual-demand,KDE,2243.839408546065
138,Actual-demand,KDE,0.0
139,Actual-demand,KDE,2243.839408546065
140,Actual-demand,KDE,0.0
141,Actual-demand,KDE,-2243.839408546065
142,Actual-demand,KDE,0.0
143,Actual-demand,KDE,16599.45437074639
144,Actual-demand,KDE,0.0
145,Actual-demand,KDE,14355.614962200323
146,Actual-demand,KDE,0.0
147,Actual-demand,KDE,0.0
148,Actual-demand,KDE,-2243.839408546066
149,Actual-demand,KDE,0.0
150,Actual-demand,KDE,0.0
151,Actual-demand,KDE,0.0
152,Actual-demand,KDE,0.0
153,Actual-demand,KDE,0.0
154,Actual-demand,KDE,0.0
155,Actual-demand,KDE,-2243.839408546066
156,Actual-demand,KDE,2243.839408546066
157,Actual-demand,KDE,0.0
158,Actual-demand,KDE,2243.839408546065
159,Actual-demand,KDE,2243.839408546065
160,Actual-demand,KDE,-2243.839408546065
161,Actual-demand,KDE,-14355.614962200323
162,Actual-demand,KDE,2243.839408546065
163,Actual-demand,KDE,0.0
164,Actual-demand,KDE,0.0
165,Actual-demand,KDE,2243.839408546065
166,Actual-demand,KDE,2243.839408546066
167,Actual-demand,KDE,2243.839408546065
168,Actual-demand,KDE,0.0
169,Actual-demand,KDE,-2243.839408546065
170,Actual-demand,KDE,2243.839408546065
171,Actual-demand,KDE,0.0
172,Actual-demand,KDE,0.0
173,Actual-demand,KDE,2243.839408546065
174,Actual-demand,KDE,0.0
175,Actual-demand,KDE,0.0
176,Actual-demand,KDE,2243.839408546066
177,Actual-demand,KDE,0.0
178,Actual-demand,KDE,0.0
179,Actual-demand,KDE,0.0
180,Actual-demand,KDE,2243.839408546066
181,Actual-demand,KDE,0.0
182,Actual-demand,KDE,-14355.614962200323
183,Actual-demand,KDE,0.0
184,Actual-demand,KDE,0.0
185,Actual-demand,KDE,0.0
186,Actual-demand,KDE,0.0
187,Actual-demand,KDE,0.0
188,Actual-demand,KDE,0.0
189,Actual-demand,KDE,2243.839408546065
190,Actual-demand,KDE,0.0
191,Actual-demand,KDE,0.0
192,Actual-demand,KDE,2243.839408546065
193,Actual-demand,KDE,0.0
194,Actual-demand,KDE,0.0
195,Actual-demand,KDE,0.0
196,Actual-demand,KDE,0.0
197,Actual-demand,KDE,-14355.614962200323
198,Actual-demand,KDE,2243.839408546065
199,Actual-demand,KDE,14355.614962200323
0,Actual-demand,EMP,0.0
1,Actual-demand,EMP,0.0
2,Actual-demand,EMP,0.0
3,Actual-demand,EMP,0.0
4,Actual-demand,EMP,0.0
5,Actual-demand,EMP,0.0
6,Actual-demand,EMP,12111.775553654255
7,Actual-demand,EMP,-2243.839408546066
8,Actual-demand,EMP,0.0
9,Actual-demand,EMP,0.0
10,Actual-demand,EMP,-2243.839408546065
11,Actual-demand,EMP,2243.839408546065
12,Actual-demand,EMP,0.0
13,Actual-demand,EMP,-2243.839408546065
14,Actual-demand,EMP,0.0
15,Actual-demand,EMP,-14355.614962200323
16,Actual-demand,EMP,-14355.614962200323
17,Actual-demand,EMP,0.0
18,Actual-demand,EMP,0.0
19,Actual-demand,EMP,0.0
20,Actual-demand,EMP,0.0
21,Actual-demand,EMP,-2243.839408546065
22,Actual-demand,EMP,-8656.353146453697
23,Actual-demand,EMP,0.0
24,Actual-demand,EMP,0.0
25,Actual-demand,EMP,-14355.614962200323
26,Actual-demand,EMP,0.0
27,Actual-demand,EMP,0.0
28,Actual-demand,EMP,-2243.839408546066
29,Actual-demand,EMP,0.0
30,Actual-demand,EMP,0.0
31,Actual-demand,EMP,0.0
32,Actual-demand,EMP,0.0
33,Actual-demand,EMP,0.0
34,Actual-demand,EMP,-2243.839408546066
35,Actual-demand,EMP,0.0
36,Actual-demand,EMP,0.0
37,Actual-demand,EMP,-14355.614962200323
38,Actual-demand,EMP,12111.775553654255
39,Actual-demand,EMP,0.0
40,Actual-demand,EMP,0.0
41,Actual-demand,EMP,0.0
42,Actual-demand,EMP,-2243.839408546065
43,Actual-demand,EMP,0.0
44,Actual-demand,EMP,0.0
45,Actual-demand,EMP,-2243.839408546066
46,Actual-demand,EMP,0.0
47,Actual-demand,EMP,-2243.839408546065
48,Actual-demand,EMP,-117952.7955850698
49,Actual-demand,EMP,2243.839408546065
50,Actual-demand,EMP,0.0
51,Actual-demand,EMP,0.0
52,Actual-demand,EMP,-2243.839408546065
53,Actual-demand,EMP,-16599.45437074639
54,Actual-demand,EMP,16599.45437074639
55,Actual-demand,EMP,0.0
56,Actual-demand,EMP,0.0
57,Actual-demand,EMP,-14355.614962200323
58,Actual-demand,EMP,0.0
59,Actual-demand,EMP,0.0
60,Actual-demand,EMP,0.0
61,Actual-demand,EMP,-3350.1616410979386
62,Actual-demand,EMP,-9694.16227291338
63,Actual-demand,EMP,0.0
64,Actual-demand,EMP,12111.775553654255
65,Actual-demand,EMP,2243.839408546065
66,Actual-demand,EMP,-2243.839408546065
67,Actual-demand,EMP,0.0
68,Actual-demand,EMP,-108977.92692109756
69,Actual-demand,EMP,0.0
70,Actual-demand,EMP,0.0
71,Actual-demand,EMP,-2243.839408546065
72,Actual-demand,EMP,0.0
73,Actual-demand,EMP,-2243.839408546065
74,Actual-demand,EMP,0.0
75,Actual-demand,EMP,0.0
76,Actual-demand,EMP,-2243.839408546065
77,Actual-demand,EMP,-2243.839408546066
78,Actual-demand,EMP,2243.839408546065
79,Actual-demand,EMP,0.0
80,Actual-demand,EMP,-2243.839408546065
81,Actual-demand,EMP,-12111.775553654255
82,Actual-demand,EMP,2243.839408546065
83,Actual-demand,EMP,-14355.614962200323
84,Actual-demand,EMP,-12111.775553654255
85,Actual-demand,EMP,14355.614962200323
86,Actual-demand,EMP,-14355.614962200323
87,Actual-demand,EMP,0.0
88,Actual-demand,EMP,0.0
89,Actual-demand,EMP,0.0
90,Actual-demand,EMP,0.0
91,Actual-demand,EMP,0.0
92,Actual-demand,EMP,0.0
93,Actual-demand,EMP,-2243.839408546065
94,Actual-demand,EMP,14355.614962200323
95,Actual-demand,EMP,-9018.036634839142
96,Actual-demand,EMP,0.0
97,Actual-demand,EMP,0.0
98,Actual-demand,EMP,0.0
99,Actual-demand,EMP,0.0
100,Actual-demand,EMP,0.0
101,Actual-demand,EMP,-2243.839408546065
102,Actual-demand,EMP,2243.839408546065
103,Actual-demand,EMP,0.0
104,Actual-demand,EMP,0.0
105,Actual-demand,EMP,0.0
106,Actual-demand,EMP,0.0
107,Actual-demand,EMP,0.0
108,Actual-demand,EMP,-16599.45437074639
109,Actual-demand,EMP,0.0
110,Actual-demand,EMP,-14355.614962200323
111,Actual-demand,EMP,0.0
112,Actual-demand,EMP,2243.839408546066
113,Actual-demand,EMP,-14355.614962200323
114,Actual-demand,EMP,-131573.48617863003
115,Actual-demand,EMP,0.0
116,Actual-demand,EMP,14355.614962200323
117,Actual-demand,EMP,0.0
118,Actual-demand,EMP,0.0
119,Actual-demand,EMP,0.0
120,Actual-demand,EMP,0.0
121,Actual-demand,EMP,0.0
122,Actual-demand,EMP,0.0
123,Actual-demand,EMP,0.0
124,Actual-demand,EMP,0.0
125,Actual-demand,EMP,14355.614962200323
126,Actual-demand,EMP,0.0
127,Actual-demand,EMP,2243.839408546066
128,Actual-demand,EMP,0.0
129,Actual-demand,EMP,-14355.614962200323
130,Actual-demand,EMP,-2243.839408546066
131,Actual-demand,EMP,0.0
132,Actual-demand,EMP,-14355.614962200323
133,Actual-demand,EMP,0.0
134,Actual-demand,EMP,-2243.839408546066
135,Actual-demand,EMP,-2243.839408546066
136,Actual-demand,EMP,0.0
137,Actual-demand,EMP,0.0
138,Actual-demand,EMP,0.0
139,Actual-demand,EMP,0.0
140,Actual-demand,EMP,0.0
141,Actual-demand,EMP,-2243.839408546065
142,Actual-demand,EMP,0.0
143,Actual-demand,EMP,2243.839408546066
144,Actual-demand,EMP,0.0
145,Actual-demand,EMP,14355.614962200323
146,Actual-demand,EMP,0.0
147,Actual-demand,EMP,-2243.839408546065
148,Actual-demand,EMP,-5292.2276084860805
149,Actual-demand,EMP,0.0
150,Actual-demand,EMP,0.0
151,Actual-demand,EMP,0.0
152,Actual-demand,EMP,0.0
153,Actual-demand,EMP,0.0
154,Actual-demand,EMP,0.0
155,Actual-demand,EMP,-2243.839408546066
156,Actual-demand,EMP,0.0
157,Actual-demand,EMP,0.0
158,Actual-demand,EMP,2243.839408546065
159,Actual-demand,EMP,0.0
160,Actual-demand,EMP,-2243.839408546065
161,Actual-demand,EMP,-14355.614962200323
162,Actual-demand,EMP,0.0
163,Actual-demand,EMP,-2243.839408546066
164,Actual-demand,EMP,0.0
165,Actual-demand,EMP,0.0
166,Actual-demand,EMP,0.0
167,Actual-demand,EMP,0.0
168,Actual-demand,EMP,0.0
169,Actual-demand,EMP,-2243.839408546065
170,Actual-demand,EMP,0.0
171,Actual-demand,EMP,-2243.839408546065
172,Actual-demand,EMP,0.0
173,Actual-demand,EMP,0.0
174,Actual-demand,EMP,0.0
175,Actual-demand,EMP,-2243.839408546066
176,Actual-demand,EMP,2243.839408546066
177,Actual-demand,EMP,0.0
178,Actual-demand,EMP,0.0
179,Actual-demand,EMP,0.0
180,Actual-demand,EMP,-2034.7560559116937
181,Actual-demand,EMP,0.0
182,Actual-demand,EMP,-14355.614962200323
183,Actual-demand,EMP,0.0
184,Actual-demand,EMP,0.0
185,Actual-demand,EMP,0.0
186,Actual-demand,EMP,0.0
187,Actual-demand,EMP,-2243.839408546065
188,Actual-demand,EMP,0.0
189,Actual-demand,EMP,2243.839408546065
190,Actual-demand,EMP,0.0
191,Actual-demand,EMP,0.0
192,Actual-demand,EMP,0.0
193,Actual-demand,EMP,-2243.839408546065
194,Actual-demand,EMP,0.0
195,Actual-demand,EMP,-2243.839408546066
196,Actual-demand,EMP,0.0
197,Actual-demand,EMP,-14355.614962200323
198,Actual-demand,EMP,0.0
199,Actual-demand,EMP,14355.614962200323
0,Capacity,KDE,-5678.3230651104805
1,Capacity,KDE,0.0
2,Capacity,KDE,29449.895845573395
3,Capacity,KDE,0.0
4,Capacity,KDE,-849.6145663335919
5,Capacity,KDE,-14088.168440200076
6,Capacity,KDE,-14127.748058038453
7,Capacity,KDE,0.0
8,Capacity,KDE,23098.02028559614
9,Capacity,KDE,-5409.658237316649
10,Capacity,KDE,28467.296212573536
11,Capacity,KDE,27689.360379240785
12,Capacity,KDE,-5530.279240122065
13,Capacity,KDE,9782.221268856898
14,Capacity,KDE,736.7905807917305
15,Capacity,KDE,0.0
16,Capacity,KDE,0.0
17,Capacity,KDE,-42160.75995272864
18,Capacity,KDE,-2019.1025172611696
19,Capacity,KDE,772.8414905993268
20,Capacity,KDE,0.0
21,Capacity,KDE,200599.9497636631
22,Capacity,KDE,24740.3112901086
23,Capacity,KDE,0.0
24,Capacity,KDE,5194.840017909493
25,Capacity,KDE,0.0
26,Capacity,KDE,-6348.433669265669
27,Capacity,KDE,-42160.75995272864
28,Capacity,KDE,0.0
29,Capacity,KDE,0.0
30,Capacity,KDE,-2959.306769785469
31,Capacity,KDE,7743.580360873282
32,Capacity,KDE,97.3294812804088
33,Capacity,KDE,859.8614130948336
34,Capacity,KDE,0.0
35,Capacity,KDE,0.0
36,Capacity,KDE,0.0
37,Capacity,KDE,0.0
38,Capacity,KDE,0.0
39,Capacity,KDE,0.0
40,Capacity,KDE,0.0
41,Capacity,KDE,1257.0363599381708
42,Capacity,KDE,39993.24666476064
43,Capacity,KDE,0.0
44,Capacity,KDE,195194.05269292303
45,Capacity,KDE,0.0
46,Capacity,KDE,0.0
47,Capacity,KDE,0.0
48,Capacity,KDE,0.0
49,Capacity,KDE,-25210.959326418728
50,Capacity,KDE,0.0
51,Capacity,KDE,0.0
52,Capacity,KDE,54587.60265169229
53,Capacity,KDE,0.0
54,Capacity,KDE,-42160.75995272864
55,Capacity,KDE,-15385.85938187068
56,Capacity,KDE,20938.92405521061
57,Capacity,KDE,22662.44314674319
58,Capacity,KDE,0.0
59,Capacity,KDE,0.0
60,Capacity,KDE,0.0
61,Capacity,KDE,0.0
62,Capacity,KDE,0.0
63,Capacity,KDE,-14762.466049195267
64,Capacity,KDE,0.0
65,Capacity,KDE,-16116.8153572126
66,Capacity,KDE,4991.820563286543
67,Capacity,KDE,0.0
68,Capacity,KDE,0.0
69,Capacity,KDE,-14196.356278767807
70,Capacity,KDE,0.0
71,Capacity,KDE,9918.55989583768
72,Capacity,KDE,4695.54948350662
73,Capacity,KDE,0.0
74,Capacity,KDE,-299.7523075469471
75,Capacity,KDE,3965.102162775271
76,Capacity,KDE,832.1807350286581
77,Capacity,KDE,0.0
78,Capacity,KDE,-17955.867557434056
79,Capacity,KDE,0.0
80,Capacity,KDE,-2480.2098881366364
81,Capacity,KDE,23040.83084428807
82,Capacity,KDE,1538.643991109915
83,Capacity,KDE,24025.15365845089
84,Capacity,KDE,8433.737859119972
85,Capacity,KDE,0.0
86,Capacity,KDE,0.0
87,Capacity,KDE,10711.632590041498
88,Capacity,KDE,24083.18152369124
89,Capacity,KDE,-12695.22918094322
90,Capacity,KDE,-14126.511663285086
91,Capacity,KDE,-1862.349644573096
92,Capacity,KDE,202487.5640521465
93,Capacity,KDE,9333.821795494589
94,Capacity,KDE,0.0
95,Capacity,KDE,0.0
96,Capacity,KDE,0.0
97,Capacity,KDE,-16250.613187018467
98,Capacity,KDE,0.0
99,Capacity,KDE,-33730.71687656175
100,Capacity,KDE,-14072.109749468043
101,Capacity,KDE,10917.67044948228
102,Capacity,KDE,-18002.526718149584
103,Capacity,KDE,0.0
104,Capacity,KDE,2615.5780266815163
105,Capacity,KDE,5275.106921176735
106,Capacity,KDE,1582.409098844044
107,Capacity,KDE,38.011318696662784
108,Capacity,KDE,23108.62022250177
109,Capacity,KDE,13641.890800598698
110,Capacity,KDE,25372.217815593816
111,Capacity,KDE,-8.221995986375987
112,Capacity,KDE,0.0
113,Capacity,KDE,8373.73482082908
114,Capacity,KDE,0.0
115,Capacity,KDE,0.0
116,Capacity,KDE,-11751.315553266557
117,Capacity,KDE,0.0
118,Capacity,KDE,0.0
119,Capacity,KDE,0.0
120,Capacity,KDE,26742.1840638093
121,Capacity,KDE,0.0
122,Capacity,KDE,0.0
123,Capacity,KDE,2854.762935636565
124,Capacity,KDE,759.7019501735158
125,Capacity,KDE,-42160.75995272864
126,Capacity,KDE,4454.541954211891
127,Capacity,KDE,0.0
128,Capacity,KDE,0.0
129,Capacity,KDE,11226.64003329786
130,Capacity,KDE,0.0
131,Capacity,KDE,-477.1878677125424
132,Capacity,KDE,-21012.35657535307
133,Capacity,KDE,-14267.58085061144
134,Capacity,KDE,0.0
135,Capacity,KDE,0.0
136,Capacity,KDE,0.0
137,Capacity,KDE,1809.8810950657355
138,Capacity,KDE,0.0
139,Capacity,KDE,8453.956956055947
140,Capacity,KDE,22628.53505218681
141,Capacity,KDE,201712.66915899827
142,Capacity,KDE,4585.319884893484
143,Capacity,KDE,0.0
144,Capacity,KDE,191874.3485355787
145,Capacity,KDE,-42160.75995272864
146,Capacity,KDE,0.0
147,Capacity,KDE,3957.681965859916
148,Capacity,KDE,0.0
149,Capacity,KDE,-13633.182961469516
150,Capacity,KDE,-13209.613330036093
151,Capacity,KDE,0.0
152,Capacity,KDE,-1683.997839851927
153,Capacity,KDE,-2290.541894999329
154,Capacity,KDE,0.0
155,Capacity,KDE,0.0
156,Capacity,KDE,0.0
157,Capacity,KDE,-1879.168520345044
158,Capacity,KDE,-18939.484555693965
159,Capacity,KDE,774.2158208200708
160,Capacity,KDE,28963.37326226692
161,Capacity,KDE,0.0
162,Capacity,KDE,0.0
163,Capacity,KDE,0.0
164,Capacity,KDE,0.0
165,Capacity,KDE,24468.51139020485
166,Capacity,KDE,0.0
167,Capacity,KDE,3915.4693346768618
168,Capacity,KDE,0.0
169,Capacity,KDE,-1148.9801820426585
170,Capacity,KDE,223.884606628988
171,Capacity,KDE,-17773.03121896119
172,Capacity,KDE,0.0
173,Capacity,KDE,10085.50113842916
174,Capacity,KDE,180504.52314492533
175,Capacity,KDE,0.0
176,Capacity,KDE,0.0
177,Capacity,KDE,-16941.132886370335
178,Capacity,KDE,11370.455620200995
179,Capacity,KDE,24172.435022305697
180,Capacity,KDE,0.0
181,Capacity,KDE,0.0
182,Capacity,KDE,0.0
183,Capacity,KDE,0.0
184,Capacity,KDE,4863.430723517515
185,Capacity,KDE,2183.0619588829577
186,Capacity,KDE,-19191.414709499728
187,Capacity,KDE,6594.647079054575
188,Capacity,KDE,0.0
189,Capacity,KDE,-8699.29583901912
190,Capacity,KDE,1293.93517823828
191,Capacity,KDE,2148.5776574431584
192,Capacity,KDE,-3843.0617105243728
193,Capacity,KDE,-8715.666442772994
194,Capacity,KDE,548.3537833224982
195,Capacity,KDE,0.0
196,Capacity,KDE,-12730.088914617896
197,Capacity,KDE,36968.0099120702
198,Capacity,KDE,301.48516126628965
199,Capacity,KDE,0.0
0,Capacity,EMP,-16783.758844449185
1,Capacity,EMP,0.0
2,Capacity,EMP,40948.283012030646
3,Capacity,EMP,0.0
4,Capacity,EMP,-1080.9445350312926
5,Capacity,EMP,-16735.38699314961
6,Capacity,EMP,-22574.26874984925
7,Capacity,EMP,0.0
8,Capacity,EMP,-467.123212669354
9,Capacity,EMP,-31791.67823529989
10,Capacity,EMP,17811.29572788036
11,Capacity,EMP,27689.360379240785
12,Capacity,EMP,-14429.16375610108
13,Capacity,EMP,-34038.22964561544
14,Capacity,EMP,-1992.523518631548
15,Capacity,EMP,0.0
16,Capacity,EMP,-8449.702278785096
17,Capacity,EMP,-33904.77084767601
18,Capacity,EMP,-5330.761938335065
19,Capacity,EMP,328.72689919390905
20,Capacity,EMP,-18539.26765799088
21,Capacity,EMP,184643.834449146
22,Capacity,EMP,-11949.05375103528
23,Capacity,EMP,0.0
24,Capacity,EMP,3708.583994075656
25,Capacity,EMP,0.0
26,Capacity,EMP,-227705.93294781385
27,Capacity,EMP,-32804.75007368686
28,Capacity,EMP,0.0
29,Capacity,EMP,0.0
30,Capacity,EMP,-2451.7157454239205
31,Capacity,EMP,32147.371480593458
32,Capacity,EMP,-757.7911438675001
33,Capacity,EMP,-244372.088653073
34,Capacity,EMP,0.0
35,Capacity,EMP,0.0
36,Capacity,EMP,0.0
37,Capacity,EMP,0.0
38,Capacity,EMP,-8628.95095957971
39,Capacity,EMP,0.0
40,Capacity,EMP,0.0
41,Capacity,EMP,-5847.500915179651
42,Capacity,EMP,19983.22505282549
43,Capacity,EMP,0.0
44,Capacity,EMP,176684.71287907223
45,Capacity,EMP,0.0
46,Capacity,EMP,0.0
47,Capacity,EMP,-8427.957746203989
48,Capacity,EMP,0.0
49,Capacity,EMP,-30835.739339218795
50,Capacity,EMP,0.0
51,Capacity,EMP,0.0
52,Capacity,EMP,23090.527474341885
53,Capacity,EMP,0.0
54,Capacity,EMP,-42160.75995272864
55,Capacity,EMP,-15671.88906216187
56,Capacity,EMP,-25648.47247221073
57,Capacity,EMP,22662.44314674319
58,Capacity,EMP,0.0
59,Capacity,EMP,0.0
60,Capacity,EMP,-9218.186858795272
61,Capacity,EMP,0.0
62,Capacity,EMP,-39971.01357614963
63,Capacity,EMP,-18764.83598103281
64,Capacity,EMP,-17385.383172422025
65,Capacity,EMP,-7799.117831911895
66,Capacity,EMP,-10939.760718431631
67,Capacity,EMP,-8690.55723983453
68,Capacity,EMP,-13105.070827685917
69,Capacity,EMP,-14998.686497620614
70,Capacity,EMP,0.0
71,Capacity,EMP,1431.1693986613936
72,Capacity,EMP,7670.751726998627
73,Capacity,EMP,0.0
74,Capacity,EMP,-420.709122031305
75,Capacity,EMP,-6473.454593188129
76,Capacity,EMP,-11244.939427533807
77,Capacity,EMP,0.0
78,Capacity,EMP,-2331.2943153896704
79,Capacity,EMP,-10986.832592266925
80,Capacity,EMP,-1261.1388576921709
81,Capacity,EMP,23040.83084428807
82,Capacity,EMP,-191831.52900482345
83,Capacity,EMP,24025.15365845089
84,Capacity,EMP,8433.737859119972
85,Capacity,EMP,-22658.92714867461
86,Capacity,EMP,0.0
87,Capacity,EMP,10711.632590041498
88,Capacity,EMP,10079.727286889529
89,Capacity,EMP,-12695.22918094322
90,Capacity,EMP,-18705.77423880188
91,Capacity,EMP,-232.5620225779712
92,Capacity,EMP,2037.6057701924287
93,Capacity,EMP,14989.145012047142
94,Capacity,EMP,0.0
95,Capacity,EMP,0.0
96,Capacity,EMP,0.0
97,Capacity,EMP,-14787.009792597342
98,Capacity,EMP,0.0
99,Capacity,EMP,-19713.490330253106
100,Capacity,EMP,-16351.659626165096
101,Capacity,EMP,13026.199928222846
102,Capacity,EMP,-10972.404416288871
103,Capacity,EMP,0.0
104,Capacity,EMP,3335.7011935900264
105,Capacity,EMP,5450.972857220408
106,Capacity,EMP,610.044398439426
107,Capacity,EMP,-454.4163287716583
108,Capacity,EMP,23108.62022250177
109,Capacity,EMP,12043.53660028707
110,Capacity,EMP,25372.217815593816
111,Capacity,EMP,-764.2159414157904
112,Capacity,EMP,0.0
113,Capacity,EMP,9025.844834457772
114,Capacity,EMP,0.0
115,Capacity,EMP,0.0
116,Capacity,EMP,-8771.560413568592
117,Capacity,EMP,0.0
118,Capacity,EMP,-8478.37445027226
119,Capacity,EMP,0.0
120,Capacity,EMP,14006.6578596731
121,Capacity,EMP,0.0
122,Capacity,EMP,-9245.788670752818
123,Capacity,EMP,3643.520480817184
124,Capacity,EMP,-1699.024152589962
125,Capacity,EMP,-22567.26376445529
126,Capacity,EMP,-5661.94745342185
127,Capacity,EMP,0.0
128,Capacity,EMP,0.0
129,Capacity,EMP,11226.64003329786
130,Capacity,EMP,0.0
131,Capacity,EMP,-73.30048221691322
132,Capacity,EMP,-26174.006202691235
133,Capacity,EMP,-2174.5358991272115
134,Capacity,EMP,0.0
135,Capacity,EMP,0.0
136,Capacity,EMP,0.0
137,Capacity,EMP,-5294.428421732657
138,Capacity,EMP,0.0
139,Capacity,EMP,-3374.6626728388164
140,Capacity,EMP,14116.96756788902
141,Capacity,EMP,197112.4099853697
142,Capacity,EMP,3223.6213882872835
143,Capacity,EMP,0.0
144,Capacity,EMP,191433.6551815181
145,Capacity,EMP,-26685.79696923339
146,Capacity,EMP,0.0
147,Capacity,EMP,1588.4859041503332
148,Capacity,EMP,0.0
149,Capacity,EMP,-13633.182961469516
150,Capacity,EMP,3579.5277950735763
151,Capacity,EMP,0.0
152,Capacity,EMP,-1404.296049404271
153,Capacity,EMP,-10378.182969306905
154,Capacity,EMP,0.0
155,Capacity,EMP,0.0
156,Capacity,EMP,0.0
157,Capacity,EMP,-1309.3309576135762
158,Capacity,EMP,306.0832471173853
159,Capacity,EMP,-5087.762155331671
160,Capacity,EMP,37920.21331008524
161,Capacity,EMP,0.0
162,Capacity,EMP,-9091.351618314782
163,Capacity,EMP,0.0
164,Capacity,EMP,-9958.07759781213
165,Capacity,EMP,15134.343978225252
166,Capacity,EMP,0.0
167,Capacity,EMP,-4079.731487615656
168,Capacity,EMP,0.0
169,Capacity,EMP,12779.826983616686
170,Capacity,EMP,-110.03970025572926
171,Capacity,EMP,-10516.558370860605
172,Capacity,EMP,0.0
173,Capacity,EMP,-3998.1390071529895
174,Capacity,EMP,181181.61600064207
175,Capacity,EMP,0.0
176,Capacity,EMP,0.0
177,Capacity,EMP,854.3491918841974
178,Capacity,EMP,12594.258021481335
179,Capacity,EMP,3542.8099082547124
180,Capacity,EMP,0.0
181,Capacity,EMP,0.0
182,Capacity,EMP,0.0
183,Capacity,EMP,0.0
184,Capacity,EMP,325.54741022735834
185,Capacity,EMP,2133.7928587098904
186,Capacity,EMP,-19191.414709499728
187,Capacity,EMP,468.6344181193672
188,Capacity,EMP,0.0
189,Capacity,EMP,-22955.28422442387
190,Capacity,EMP,869.2919239417351
191,Capacity,EMP,436.967423761882
192,Capacity,EMP,-194407.5764641948
193,Capacity,EMP,-9436.480961317817
194,Capacity,EMP,-625.3120763221159
195,Capacity,EMP,0.0
196,Capacity,EMP,-12730.088914617896
197,Capacity,EMP,36968.0099120702
198,Capacity,EMP,-1251.9469896135852
199,Capacity,EMP,0.0
0,Contract-demand,KDE,-3324.925598137702
1,Contract-demand,KDE,0.0
2,Contract-demand,KDE,29449.895845573395
3,Contract-demand,KDE,0.0
4,Contract-demand,KDE,-1699.229132667184
5,Contract-demand,KDE,79.15923567675054
6,Contract-demand,KDE,-14127.748058038454
7,Contract-demand,KDE,0.0
8,Contract-demand,KDE,-27362.971038434032
9,Contract-demand,KDE,-14184.556236840786
10,Contract-demand,KDE,-13259.179422271747
11,Contract-demand,KDE,-18180.29085114474
12,Contract-demand,KDE,-4098.681673110773
13,Contract-demand,KDE,6416.981506649408
14,Contract-demand,KDE,1473.5811615834632
15,Contract-demand,KDE,-19014.10885589818
16,Contract-demand,KDE,-28233.80162835928
17,Contract-demand,KDE,-14127.748058038454
18,Contract-demand,KDE,-7403.444796729832
19,Contract-demand,KDE,1545.6829811986536
20,Contract-demand,KDE,-8231.190217119332
21,Contract-demand,KDE,29277.70479040655
22,Contract-demand,KDE,-14079.918600858502
23,Contract-demand,KDE,0.0
24,Contract-demand,KDE,10389.680035818988
25,Contract-demand,KDE,-27388.87885747353
26,Contract-demand,KDE,-12696.867338531338
27,Contract-demand,KDE,-14127.748058038454
28,Contract-demand,KDE,0.0
29,Contract-demand,KDE,0.0
30,Contract-demand,KDE,-5918.613539570943
31,Contract-demand,KDE,4378.340598665796
32,Contract-demand,KDE,194.6589625608176
33,Contract-demand,KDE,1719.7228261896707
34,Contract-demand,KDE,0.0
35,Contract-demand,KDE,-3365.239762207493
36,Contract-demand,KDE,0.0
37,Contract-demand,KDE,0.0
38,Contract-demand,KDE,21524.41612980173
39,Contract-demand,KDE,0.0
40,Contract-demand,KDE,0.0
41,Contract-demand,KDE,2514.072719876344
42,Contract-demand,KDE,39993.24666476064
43,Contract-demand,KDE,0.0
44,Contract-demand,KDE,21653.24698679087
45,Contract-demand,KDE,0.0
46,Contract-demand,KDE,-19127.647267327644
47,Contract-demand,KDE,0.0
48,Contract-demand,KDE,-13151.992447463486
49,Contract-demand,KDE,-28576.199088626232
50,Contract-demand,KDE,0.0
51,Contract-demand,KDE,0.0
52,Contract-demand,KDE,57952.84241389981
53,Contract-demand,KDE,-19600.32340546573
54,Contract-demand,KDE,-17492.987820245948
55,Contract-demand,KDE,-2516.222647664448
56,Contract-demand,KDE,20938.924055210624
57,Contract-demand,KDE,-28234.12531613993
58,Contract-demand,KDE,0.0
59,Contract-demand,KDE,0.0
60,Contract-demand,KDE,-14754.266033244008
61,Contract-demand,KDE,0.0
62,Contract-demand,KDE,4680.551789816156
63,Contract-demand,KDE,12413.343632951375
64,Contract-demand,KDE,0.0
65,Contract-demand,KDE,-35598.870476632685
66,Contract-demand,KDE,6618.401364365591
67,Contract-demand,KDE,-3365.239762207493
68,Contract-demand,KDE,7166.087654644623
69,Contract-demand,KDE,-137.21644145871204
70,Contract-demand,KDE,0.0
71,Contract-demand,KDE,-1753.6749519413956
72,Contract-demand,KDE,4695.549483506633
73,Contract-demand,KDE,0.0
74,Contract-demand,KDE,-599.5046150938917
75,Contract-demand,KDE,-20325.291790526364
76,Contract-demand,KDE,-1700.8782921501747
77,Contract-demand,KDE,0.0
78,Contract-demand,KDE,-39276.974877075605
79,Contract-demand,KDE,5732.265991969034
80,Contract-demand,KDE,-1595.180014065777
81,Contract-demand,KDE,-27477.34992105017
82,Contract-demand,KDE,-287.95177998766303
83,Contract-demand,KDE,-25508.704292724527
84,Contract-demand,KDE,-28436.039775309466
85,Contract-demand,KDE,-3365.239762207493
86,Contract-demand,KDE,-24553.40894526368
87,Contract-demand,KDE,-38007.99837150487
88,Contract-demand,KDE,-12465.256039799193
89,Contract-demand,KDE,-25390.458361886445
90,Contract-demand,KDE,2.472789506738387
91,Contract-demand,KDE,-3724.6992891461896
92,Contract-demand,KDE,28039.33434986758
93,Contract-demand,KDE,9333.821795494605
94,Contract-demand,KDE,0.0
95,Contract-demand,KDE,0.0
96,Contract-demand,KDE,0.0
97,Contract-demand,KDE,-4245.730257960036
98,Contract-demand,KDE,0.0
99,Contract-demand,KDE,-42571.17739925409
100,Contract-demand,KDE,111.2766171408196
101,Contract-demand,KDE,-3054.91545490486
102,Contract-demand,KDE,-39370.29319850666
103,Contract-demand,KDE,0.0
104,Contract-demand,KDE,5231.156053363035
105,Contract-demand,KDE,10550.213842353473
106,Contract-demand,KDE,3164.818197688088
107,Contract-demand,KDE,76.02263739332555
108,Contract-demand,KDE,-23976.531402415283
109,Contract-demand,KDE,4410.168542121845
110,Contract-demand,KDE,-19449.336216231182
111,Contract-demand,KDE,-16.443991972754418
112,Contract-demand,KDE,-3365.239762207493
113,Contract-demand,KDE,-11508.02647441874
114,Contract-demand,KDE,-28581.576595911443
115,Contract-demand,KDE,0.0
116,Contract-demand,KDE,18435.644624808803
117,Contract-demand,KDE,0.0
118,Contract-demand,KDE,-3365.239762207493
119,Contract-demand,KDE,0.0
120,Contract-demand,KDE,-3255.7529494365062
121,Contract-demand,KDE,-3365.239762207493
122,Contract-demand,KDE,-19045.417402723186
123,Contract-demand,KDE,5709.52587127313
124,Contract-demand,KDE,1519.4039003470289
125,Contract-demand,KDE,-14127.748058038454
126,Contract-demand,KDE,5543.844146216287
127,Contract-demand,KDE,-3365.239762207493
128,Contract-demand,KDE,0.0
129,Contract-demand,KDE,-22850.23542695368
130,Contract-demand,KDE,0.0
131,Contract-demand,KDE,-954.37573542508
132,Contract-demand,KDE,-24778.356017607573
133,Contract-demand,KDE,-31900.40146343037
134,Contract-demand,KDE,0.0
135,Contract-demand,KDE,0.0
136,Contract-demand,KDE,-19410.13352027504
137,Contract-demand,KDE,254.52242792397732
138,Contract-demand,KDE,0.0
139,Contract-demand,KDE,-28395.60158143752
140,Contract-demand,KDE,-7807.692875051871
141,Contract-demand,KDE,32469.463483384498
142,Contract-demand,KDE,9170.639769786969
143,Contract-demand,KDE,-3365.239762207493
144,Contract-demand,KDE,-2215.49001014667
145,Contract-demand,KDE,-14127.748058038454
146,Contract-demand,KDE,0.0
147,Contract-demand,KDE,4550.124169512341
148,Contract-demand,KDE,41.31186855242777
149,Contract-demand,KDE,-27266.365922939032
150,Contract-demand,KDE,-26419.226660072185
151,Contract-demand,KDE,0.0
152,Contract-demand,KDE,-3367.995679703852
153,Contract-demand,KDE,-4581.083789998665
154,Contract-demand,KDE,-3365.239762207493
155,Contract-demand,KDE,-191.5211363965645
156,Contract-demand,KDE,-3365.239762207493
157,Contract-demand,KDE,-3758.337040690084
158,Contract-demand,KDE,-41244.208873595424
159,Contract-demand,KDE,-1816.808120567352
160,Contract-demand,KDE,28963.37326226693
161,Contract-demand,KDE,-22942.06361858143
162,Contract-demand,KDE,-27493.23453267229
163,Contract-demand,KDE,0.0
164,Contract-demand,KDE,-9033.82891623924
165,Contract-demand,KDE,-1459.2104506095252
166,Contract-demand,KDE,-3365.239762207493
167,Contract-demand,KDE,4465.698907146231
168,Contract-demand,KDE,0.0
169,Contract-demand,KDE,-2297.960364085312
170,Contract-demand,KDE,447.76921325797866
171,Contract-demand,KDE,-35546.06243792238
172,Contract-demand,KDE,0.0
173,Contract-demand,KDE,-1578.1298746361083
174,Contract-demand,KDE,7432.231696818644
175,Contract-demand,KDE,0.0
176,Contract-demand,KDE,-3365.239762207493
177,Contract-demand,KDE,-33882.26577274067
178,Contract-demand,KDE,-5514.584875674918
179,Contract-demand,KDE,24172.43502230569
180,Contract-demand,KDE,-3365.239762207493
181,Contract-demand,KDE,0.0
182,Contract-demand,KDE,0.0
183,Contract-demand,KDE,0.0
184,Contract-demand,KDE,9726.861447035026
185,Contract-demand,KDE,4366.123917765915
186,Contract-demand,KDE,-38382.829418999456
187,Contract-demand,KDE,13189.294158109156
188,Contract-demand,KDE,0.0
189,Contract-demand,KDE,-8699.295839019116
190,Contract-demand,KDE,2587.870356476556
191,Contract-demand,KDE,4297.155314886322
192,Contract-demand,KDE,-11051.36318325624
193,Contract-demand,KDE,5848.508957682177
194,Contract-demand,KDE,1096.7075666449964
195,Contract-demand,KDE,0.0
196,Contract-demand,KDE,-25460.177829235792
197,Contract-demand,KDE,3742.247976721577
198,Contract-demand,KDE,602.9703225325792
199,Contract-demand,KDE,0.0
0,Contract-demand,EMP,-5312.021572821463
1,Contract-demand,EMP,0.0
2,Contract-demand,EMP,40948.283012030646
3,Contract-demand,EMP,0.0
4,Contract-demand,EMP,-2161.889070062588
5,Contract-demand,EMP,-5215.277870222305
6,Contract-demand,EMP,28410.47410992781
7,Contract-demand,EMP,15062.106482989777
8,Contract-demand,EMP,-934.2464253387104
9,Contract-demand,EMP,-66948.59623280726
10,Contract-demand,EMP,10732.335101891307
11,Contract-demand,EMP,-18180.29085114474
12,Contract-demand,EMP,-602.831396125257
13,Contract-demand,EMP,-34038.22964561544
14,Contract-demand,EMP,-3985.04703726309
15,Contract-demand,EMP,-19014.10885589818
16,Contract-demand,EMP,170.3093076199293
17,Contract-demand,EMP,2384.230152066797
18,Contract-demand,EMP,-10661.523876670126
19,Contract-demand,EMP,657.4537983878205
20,Contract-demand,EMP,-14468.149922154536
21,Contract-demand,EMP,-2634.525838627793
22,Contract-demand,EMP,-60809.95676460117
23,Contract-demand,EMP,0.0
24,Contract-demand,EMP,7417.167988151312
25,Contract-demand,EMP,-24023.63909526604
26,Contract-demand,EMP,-54343.56369269515
27,Contract-demand,EMP,4584.271700045094
28,Contract-demand,EMP,3365.239762207493
29,Contract-demand,EMP,0.0
30,Contract-demand,EMP,-4903.431490847841
31,Contract-demand,EMP,28782.13171838596
32,Contract-demand,EMP,-1515.5822877349956
33,Contract-demand,EMP,-58317.60746173064
34,Contract-demand,EMP,3365.239762207493
35,Contract-demand,EMP,24923.40054661346
36,Contract-demand,EMP,0.0
37,Contract-demand,EMP,0.0
38,Contract-demand,EMP,28045.613574389987
39,Contract-demand,EMP,0.0
40,Contract-demand,EMP,0.0
41,Contract-demand,EMP,-11695.0018303593
42,Contract-demand,EMP,19983.225052825488
43,Contract-demand,EMP,0.0
44,Contract-demand,EMP,-15365.432640910774
45,Contract-demand,EMP,3365.239762207493
46,Contract-demand,EMP,-15762.407505120147
47,Contract-demand,EMP,28447.60000114143
48,Contract-demand,EMP,-16827.78724327187
49,Contract-demand,EMP,-34200.97910142629
50,Contract-demand,EMP,0.0
51,Contract-demand,EMP,0.0
52,Contract-demand,EMP,26455.76723654941
53,Contract-demand,EMP,-16235.083643258238
54,Contract-demand,EMP,-17492.987820245948
55,Contract-demand,EMP,-3088.2820082468293
56,Contract-demand,EMP,-25648.472472210728
57,Contract-demand,EMP,-28234.12531613993
58,Contract-demand,EMP,0.0
59,Contract-demand,EMP,0.0
60,Contract-demand,EMP,8747.635980507359
61,Contract-demand,EMP,-3350.1616410979404
62,Contract-demand,EMP,-53306.99286462429
63,Contract-demand,EMP,4408.603769276291
64,Contract-demand,EMP,10532.749148705352
65,Contract-demand,EMP,-18963.47542603128
66,Contract-demand,EMP,-21879.52143686327
67,Contract-demand,EMP,24557.161251672853
68,Contract-demand,EMP,19093.37383817757
69,Contract-demand,EMP,-1741.876879164328
70,Contract-demand,EMP,0.0
71,Contract-demand,EMP,2862.338797322785
72,Contract-demand,EMP,7670.7517269986365
73,Contract-demand,EMP,23137.39373687841
74,Contract-demand,EMP,-841.4182440626125
75,Contract-demand,EMP,-45895.67777562296
76,Contract-demand,EMP,-22489.87885506761
77,Contract-demand,EMP,3365.239762207493
78,Contract-demand,EMP,-4662.588630779335
79,Contract-demand,EMP,9720.875520404428
80,Contract-demand,EMP,842.9620468231542
81,Contract-demand,EMP,-27477.34992105017
82,Contract-demand,EMP,-11751.354981611174
83,Contract-demand,EMP,-7113.733032883456
84,Contract-demand,EMP,-28436.039775309466
85,Contract-demand,EMP,24875.91755006959
86,Contract-demand,EMP,-24553.40894526368
87,Contract-demand,EMP,-38007.99837150487
88,Contract-demand,EMP,-8096.041542297851
89,Contract-demand,EMP,-25390.458361886445
90,Contract-demand,EMP,-9156.052361526836
91,Contract-demand,EMP,-465.12404515594267
92,Contract-demand,EMP,2037.605770192422
93,Contract-demand,EMP,14989.145012047142
94,Contract-demand,EMP,0.0
95,Contract-demand,EMP,-9018.036634839144
96,Contract-demand,EMP,0.0
97,Contract-demand,EMP,-1318.523469117781
98,Contract-demand,EMP,0.0
99,Contract-demand,EMP,-11171.484544429306
100,Contract-demand,EMP,-4447.823136253282
101,Contract-demand,EMP,1162.1435025762762
102,Contract-demand,EMP,-25310.048594785232
103,Contract-demand,EMP,0.0
104,Contract-demand,EMP,6671.402387180056
105,Contract-demand,EMP,10901.945714440815
106,Contract-demand,EMP,1220.0887968788547
107,Contract-demand,EMP,-908.8326575433216
108,Contract-demand,EMP,-4781.68931172695
109,Contract-demand,EMP,-4168.422915502762
110,Contract-demand,EMP,-19449.336216231182
111,Contract-demand,EMP,-1528.4318828315784
112,Contract-demand,EMP,15981.91213304239
113,Contract-demand,EMP,-10203.806447161362
114,Contract-demand,EMP,-26088.711973899044
115,Contract-demand,EMP,0.0
116,Contract-demand,EMP,24395.15490420473
117,Contract-demand,EMP,0.0
118,Contract-demand,EMP,24981.5268307974
119,Contract-demand,EMP,0.0
120,Contract-demand,EMP,-242.1803967307024
121,Contract-demand,EMP,-3365.239762207493
122,Contract-demand,EMP,4401.280987113093
123,Contract-demand,EMP,7287.040961634368
124,Contract-demand,EMP,-3398.048305179924
125,Contract-demand,EMP,25059.24431850823
126,Contract-demand,EMP,-11323.8949068437
127,Contract-demand,EMP,-3365.239762207493
128,Contract-demand,EMP,0.0
129,Contract-demand,EMP,-19484.995664746188
130,Contract-demand,EMP,3365.239762207493
131,Contract-demand,EMP,-146.60096443382403
132,Contract-demand,EMP,-36607.889342492446
133,Contract-demand,EMP,-4349.071798254425
134,Contract-demand,EMP,3365.239762207493
135,Contract-demand,EMP,3365.239762207493
136,Contract-demand,EMP,-19410.13352027504
137,Contract-demand,EMP,-10588.856843465315
138,Contract-demand,EMP,0.0
139,Contract-demand,EMP,-6749.325345677635
140,Contract-demand,EMP,-21.56098029886684
141,Contract-demand,EMP,23268.945136127368
142,Contract-demand,EMP,6447.242776574567
143,Contract-demand,EMP,0.0
144,Contract-demand,EMP,-3096.8767182677984
145,Contract-demand,EMP,16822.177908952035
146,Contract-demand,EMP,3365.239762207493
147,Contract-demand,EMP,3176.9718083006646
148,Contract-demand,EMP,-10584.45521697216
149,Contract-demand,EMP,-27266.365922939032
150,Contract-demand,EMP,7159.0555901471525
151,Contract-demand,EMP,0.0
152,Contract-demand,EMP,-2808.592098808537
153,Contract-demand,EMP,-20756.365938613813
154,Contract-demand,EMP,-3365.239762207493
155,Contract-demand,EMP,3365.239762207493
156,Contract-demand,EMP,0.0
157,Contract-demand,EMP,-2618.6619152271496
158,Contract-demand,EMP,-2753.073267972718
159,Contract-demand,EMP,-10175.524310663342
160,Contract-demand,EMP,37920.21331008523
161,Contract-demand,EMP,-22942.06361858143
162,Contract-demand,EMP,-372.4222757524501
163,Contract-demand,EMP,3365.239762207493
164,Contract-demand,EMP,2768.98417540888
165,Contract-demand,EMP,2013.1918403736004
166,Contract-demand,EMP,-156.68023788898063
167,Contract-demand,EMP,-8159.462975231309
168,Contract-demand,EMP,0.0
169,Contract-demand,EMP,-2695.8421488435315
170,Contract-demand,EMP,-220.0794005114585
171,Contract-demand,EMP,-17667.87697951372
172,Contract-demand,EMP,0.0
173,Contract-demand,EMP,-7996.278014305979
174,Contract-demand,EMP,8786.417408252133
175,Contract-demand,EMP,3365.239762207493
176,Contract-demand,EMP,-3365.239762207493
177,Contract-demand,EMP,1708.6983837683993
178,Contract-demand,EMP,-3066.980073114236
179,Contract-demand,EMP,3542.8099082546905
180,Contract-demand,EMP,-7643.835226665251
181,Contract-demand,EMP,0.0
182,Contract-demand,EMP,0.0
183,Contract-demand,EMP,0.0
184,Contract-demand,EMP,651.0948204547167
185,Contract-demand,EMP,4267.585717419784
186,Contract-demand,EMP,-38382.829418999456
187,Contract-demand,EMP,4302.508598446231
188,Contract-demand,EMP,0.0
189,Contract-demand,EMP,-22955.28422442389
190,Contract-demand,EMP,1738.583847883468
191,Contract-demand,EMP,873.9348475237693
192,Contract-demand,EMP,-21174.50472074871
193,Contract-demand,EMP,4406.879920592532
194,Contract-demand,EMP,-1250.624152644227
195,Contract-demand,EMP,28379.765283210203
196,Contract-demand,EMP,-25460.177829235792
197,Contract-demand,EMP,3742.247976721577
198,Contract-demand,EMP,-2503.8939792271703
199,Contract-demand,EMP,0.0
